# Centro Equino stable, 27 Sep: 76 x 42 ft pipe portal frames, rock 4.5 ft all round + horizontal tomato stakes, clerestory monitor 60 ft along the ridge, gable entries, 2 ft overhangs, 6 stalls north + 4 south with 12x40 runs, tack/feed + wash at the west end (by the barn road) with solid straw-bale/cob infill above the rock
# geo 32.0002846 -116.7632631
# unit ft
# name walker barn 72x40
v -42.959 2.923 0.000
v -39.462 4.492 0.000
v -40.076 5.861 0.000
v -43.573 4.292 0.000
v -42.959 2.923 4.500
v -39.462 4.492 4.500
v -40.076 5.861 4.500
v -43.573 4.292 4.500
v -34.900 6.539 0.000
v -27.905 9.677 0.000
v -28.519 11.045 0.000
v -35.514 7.907 0.000
v -34.900 6.539 4.500
v -27.905 9.677 4.500
v -28.519 11.045 4.500
v -35.514 7.907 4.500
v -23.343 11.723 0.000
v -16.348 14.861 0.000
v -16.962 16.229 0.000
v -23.957 13.092 0.000
v -23.343 11.723 4.500
v -16.348 14.861 4.500
v -16.962 16.229 4.500
v -23.957 13.092 4.500
v -11.786 16.907 0.000
v -4.790 20.045 0.000
v -5.404 21.414 0.000
v -12.400 18.276 0.000
v -11.786 16.907 4.500
v -4.790 20.045 4.500
v -5.404 21.414 4.500
v -12.400 18.276 4.500
v -0.228 22.092 0.000
v 6.767 25.229 0.000
v 6.153 26.598 0.000
v -0.842 23.460 0.000
v -0.228 22.092 4.500
v 6.767 25.229 4.500
v 6.153 26.598 4.500
v -0.842 23.460 4.500
v 11.329 27.276 0.000
v 18.324 30.414 0.000
v 17.710 31.782 0.000
v 10.715 28.644 0.000
v 11.329 27.276 4.500
v 18.324 30.414 4.500
v 17.710 31.782 4.500
v 10.715 28.644 4.500
v 22.886 32.460 0.000
v 26.383 34.029 0.000
v 25.769 35.398 0.000
v 22.272 33.829 0.000
v 22.886 32.460 4.500
v 26.383 34.029 4.500
v 25.769 35.398 4.500
v 22.272 33.829 4.500
v -43.540 3.485 4.750
v -39.769 5.177 4.750
v -39.834 5.323 4.750
v -43.606 3.631 4.750
v -43.540 3.485 4.870
v -39.769 5.177 4.870
v -39.834 5.323 4.870
v -43.606 3.631 4.870
v -35.481 7.100 4.750
v -28.212 10.361 4.750
v -28.277 10.507 4.750
v -35.546 7.246 4.750
v -35.481 7.100 4.870
v -28.212 10.361 4.870
v -28.277 10.507 4.870
v -35.546 7.246 4.870
v -23.923 12.285 4.750
v -16.655 15.545 4.750
v -16.720 15.691 4.750
v -23.989 12.431 4.750
v -23.923 12.285 4.870
v -16.655 15.545 4.870
v -16.720 15.691 4.870
v -23.989 12.431 4.870
v -12.366 17.469 4.750
v -5.097 20.729 4.750
v -5.163 20.875 4.750
v -12.432 17.615 4.750
v -12.366 17.469 4.870
v -5.097 20.729 4.870
v -5.163 20.875 4.870
v -12.432 17.615 4.870
v -0.809 22.653 4.750
v 6.460 25.914 4.750
v 6.394 26.060 4.750
v -0.875 22.799 4.750
v -0.809 22.653 4.870
v 6.460 25.914 4.870
v 6.394 26.060 4.870
v -0.875 22.799 4.870
v 10.748 27.837 4.750
v 18.017 31.098 4.750
v 17.951 31.244 4.750
v 10.683 27.983 4.750
v 10.748 27.837 4.870
v 18.017 31.098 4.870
v 17.951 31.244 4.870
v 10.683 27.983 4.870
v 22.305 33.022 4.750
v 26.076 34.713 4.750
v 26.011 34.859 4.750
v 22.240 33.168 4.750
v 22.305 33.022 4.870
v 26.076 34.713 4.870
v 26.011 34.859 4.870
v 22.240 33.168 4.870
v -43.201 3.462 5.050
v -39.430 5.153 5.050
v -39.495 5.299 5.050
v -43.266 3.608 5.050
v -43.201 3.462 5.170
v -39.430 5.153 5.170
v -39.495 5.299 5.170
v -43.266 3.608 5.170
v -35.141 7.077 5.050
v -27.873 10.338 5.050
v -27.938 10.484 5.050
v -35.207 7.223 5.050
v -35.141 7.077 5.170
v -27.873 10.338 5.170
v -27.938 10.484 5.170
v -35.207 7.223 5.170
v -23.584 12.261 5.050
v -16.315 15.522 5.050
v -16.381 15.668 5.050
v -23.650 12.407 5.050
v -23.584 12.261 5.170
v -16.315 15.522 5.170
v -16.381 15.668 5.170
v -23.650 12.407 5.170
v -12.027 17.446 5.050
v -4.758 20.706 5.050
v -4.824 20.852 5.050
v -12.093 17.592 5.050
v -12.027 17.446 5.170
v -4.758 20.706 5.170
v -4.824 20.852 5.170
v -12.093 17.592 5.170
v -0.470 22.630 5.050
v 6.799 25.891 5.050
v 6.733 26.037 5.050
v -0.535 22.776 5.050
v -0.470 22.630 5.170
v 6.799 25.891 5.170
v 6.733 26.037 5.170
v -0.535 22.776 5.170
v 11.087 27.814 5.050
v 18.356 31.075 5.050
v 18.291 31.221 5.050
v 11.022 27.960 5.050
v 11.087 27.814 5.170
v 18.356 31.075 5.170
v 18.291 31.221 5.170
v 11.022 27.960 5.170
v 22.644 32.998 5.050
v 26.416 34.690 5.050
v 26.350 34.836 5.050
v 22.579 33.144 5.050
v 22.644 32.998 5.170
v 26.416 34.690 5.170
v 26.350 34.836 5.170
v 22.579 33.144 5.170
v -43.250 3.571 5.350
v -39.753 5.140 5.350
v -39.818 5.286 5.350
v -43.316 3.717 5.350
v -43.250 3.571 5.470
v -39.753 5.140 5.470
v -39.818 5.286 5.470
v -43.316 3.717 5.470
v -35.190 7.187 5.350
v -28.195 10.324 5.350
v -28.261 10.470 5.350
v -35.256 7.333 5.350
v -35.190 7.187 5.470
v -28.195 10.324 5.470
v -28.261 10.470 5.470
v -35.256 7.333 5.470
v -23.633 12.371 5.350
v -16.638 15.509 5.350
v -16.704 15.655 5.350
v -23.699 12.517 5.350
v -23.633 12.371 5.470
v -16.638 15.509 5.470
v -16.704 15.655 5.470
v -23.699 12.517 5.470
v -12.076 17.555 5.350
v -5.081 20.693 5.350
v -5.147 20.839 5.350
v -12.142 17.701 5.350
v -12.076 17.555 5.470
v -5.081 20.693 5.470
v -5.147 20.839 5.470
v -12.142 17.701 5.470
v -0.519 22.739 5.350
v 6.476 25.877 5.350
v 6.411 26.023 5.350
v -0.585 22.885 5.350
v -0.519 22.739 5.470
v 6.476 25.877 5.470
v 6.411 26.023 5.470
v -0.585 22.885 5.470
v 11.038 27.924 5.350
v 18.033 31.062 5.350
v 17.968 31.208 5.350
v 10.973 28.070 5.350
v 11.038 27.924 5.470
v 18.033 31.062 5.470
v 17.968 31.208 5.470
v 10.973 28.070 5.470
v 22.595 33.108 5.350
v 26.093 34.677 5.350
v 26.027 34.823 5.350
v 22.530 33.254 5.350
v 22.595 33.108 5.470
v 26.093 34.677 5.470
v 26.027 34.823 5.470
v 22.530 33.254 5.470
v -43.491 3.375 5.650
v -39.720 5.067 5.650
v -39.785 5.213 5.650
v -43.557 3.521 5.650
v -43.491 3.375 5.770
v -39.720 5.067 5.770
v -39.785 5.213 5.770
v -43.557 3.521 5.770
v -35.431 6.991 5.650
v -28.163 10.251 5.650
v -28.228 10.397 5.650
v -35.497 7.137 5.650
v -35.431 6.991 5.770
v -28.163 10.251 5.770
v -28.228 10.397 5.770
v -35.497 7.137 5.770
v -23.874 12.175 5.650
v -16.605 15.436 5.650
v -16.671 15.582 5.650
v -23.940 12.321 5.650
v -23.874 12.175 5.770
v -16.605 15.436 5.770
v -16.671 15.582 5.770
v -23.940 12.321 5.770
v -12.317 17.359 5.650
v -5.048 20.620 5.650
v -5.114 20.766 5.650
v -12.383 17.505 5.650
v -12.317 17.359 5.770
v -5.048 20.620 5.770
v -5.114 20.766 5.770
v -12.383 17.505 5.770
v -0.760 22.544 5.650
v 6.509 25.804 5.650
v 6.443 25.950 5.650
v -0.826 22.690 5.650
v -0.760 22.544 5.770
v 6.509 25.804 5.770
v 6.443 25.950 5.770
v -0.826 22.690 5.770
v 10.797 27.728 5.650
v 18.066 30.989 5.650
v 18.000 31.135 5.650
v 10.732 27.874 5.650
v 10.797 27.728 5.770
v 18.066 30.989 5.770
v 18.000 31.135 5.770
v 10.732 27.874 5.770
v 22.354 32.912 5.650
v 26.126 34.604 5.650
v 26.060 34.750 5.650
v 22.289 33.058 5.650
v 22.354 32.912 5.770
v 26.126 34.604 5.770
v 26.060 34.750 5.770
v 22.289 33.058 5.770
v -43.266 3.608 5.950
v -39.495 5.299 5.950
v -39.561 5.445 5.950
v -43.332 3.754 5.950
v -43.266 3.608 6.070
v -39.495 5.299 6.070
v -39.561 5.445 6.070
v -43.332 3.754 6.070
v -35.207 7.223 5.950
v -27.938 10.484 5.950
v -28.004 10.630 5.950
v -35.272 7.369 5.950
v -35.207 7.223 6.070
v -27.938 10.484 6.070
v -28.004 10.630 6.070
v -35.272 7.369 6.070
v -23.650 12.407 5.950
v -16.381 15.668 5.950
v -16.446 15.814 5.950
v -23.715 12.553 5.950
v -23.650 12.407 6.070
v -16.381 15.668 6.070
v -16.446 15.814 6.070
v -23.715 12.553 6.070
v -12.093 17.592 5.950
v -4.824 20.852 5.950
v -4.889 20.998 5.950
v -12.158 17.738 5.950
v -12.093 17.592 6.070
v -4.824 20.852 6.070
v -4.889 20.998 6.070
v -12.158 17.738 6.070
v -0.535 22.776 5.950
v 6.733 26.037 5.950
v 6.668 26.183 5.950
v -0.601 22.922 5.950
v -0.535 22.776 6.070
v 6.733 26.037 6.070
v 6.668 26.183 6.070
v -0.601 22.922 6.070
v 11.022 27.960 5.950
v 18.291 31.221 5.950
v 18.225 31.367 5.950
v 10.956 28.106 5.950
v 11.022 27.960 6.070
v 18.291 31.221 6.070
v 18.225 31.367 6.070
v 10.956 28.106 6.070
v 22.579 33.144 5.950
v 26.350 34.836 5.950
v 26.285 34.982 5.950
v 22.513 33.290 5.950
v 22.579 33.144 6.070
v 26.350 34.836 6.070
v 26.285 34.982 6.070
v 22.513 33.290 6.070
v -43.201 3.462 6.250
v -39.703 5.031 6.250
v -39.769 5.177 6.250
v -43.266 3.608 6.250
v -43.201 3.462 6.370
v -39.703 5.031 6.370
v -39.769 5.177 6.370
v -43.266 3.608 6.370
v -35.141 7.077 6.250
v -28.146 10.215 6.250
v -28.212 10.361 6.250
v -35.207 7.223 6.250
v -35.141 7.077 6.370
v -28.146 10.215 6.370
v -28.212 10.361 6.370
v -35.207 7.223 6.370
v -23.584 12.261 6.250
v -16.589 15.399 6.250
v -16.655 15.545 6.250
v -23.650 12.407 6.250
v -23.584 12.261 6.370
v -16.589 15.399 6.370
v -16.655 15.545 6.370
v -23.650 12.407 6.370
v -12.027 17.446 6.250
v -5.032 20.583 6.250
v -5.097 20.729 6.250
v -12.093 17.592 6.250
v -12.027 17.446 6.370
v -5.032 20.583 6.370
v -5.097 20.729 6.370
v -12.093 17.592 6.370
v -0.470 22.630 6.250
v 6.525 25.768 6.250
v 6.460 25.914 6.250
v -0.535 22.776 6.250
v -0.470 22.630 6.370
v 6.525 25.768 6.370
v 6.460 25.914 6.370
v -0.535 22.776 6.370
v 11.087 27.814 6.250
v 18.082 30.952 6.250
v 18.017 31.098 6.250
v 11.022 27.960 6.250
v 11.087 27.814 6.370
v 18.082 30.952 6.370
v 18.017 31.098 6.370
v 11.022 27.960 6.370
v 22.644 32.998 6.250
v 26.142 34.567 6.250
v 26.076 34.713 6.250
v 22.579 33.144 6.250
v 22.644 32.998 6.370
v 26.142 34.567 6.370
v 26.076 34.713 6.370
v 22.579 33.144 6.370
v -43.524 3.448 6.550
v -39.753 5.140 6.550
v -39.818 5.286 6.550
v -43.589 3.594 6.550
v -43.524 3.448 6.670
v -39.753 5.140 6.670
v -39.818 5.286 6.670
v -43.589 3.594 6.670
v -35.464 7.064 6.550
v -28.195 10.324 6.550
v -28.261 10.470 6.550
v -35.530 7.210 6.550
v -35.464 7.064 6.670
v -28.195 10.324 6.670
v -28.261 10.470 6.670
v -35.530 7.210 6.670
v -23.907 12.248 6.550
v -16.638 15.509 6.550
v -16.704 15.655 6.550
v -23.973 12.394 6.550
v -23.907 12.248 6.670
v -16.638 15.509 6.670
v -16.704 15.655 6.670
v -23.973 12.394 6.670
v -12.350 17.432 6.550
v -5.081 20.693 6.550
v -5.147 20.839 6.550
v -12.415 17.578 6.550
v -12.350 17.432 6.670
v -5.081 20.693 6.670
v -5.147 20.839 6.670
v -12.415 17.578 6.670
v -0.793 22.617 6.550
v 6.476 25.877 6.550
v 6.411 26.023 6.550
v -0.858 22.763 6.550
v -0.793 22.617 6.670
v 6.476 25.877 6.670
v 6.411 26.023 6.670
v -0.858 22.763 6.670
v 10.764 27.801 6.550
v 18.033 31.062 6.550
v 17.968 31.208 6.550
v 10.699 27.947 6.550
v 10.764 27.801 6.670
v 18.033 31.062 6.670
v 17.968 31.208 6.670
v 10.699 27.947 6.670
v 22.322 32.985 6.550
v 26.093 34.677 6.550
v 26.027 34.823 6.550
v 22.256 33.131 6.550
v 22.322 32.985 6.670
v 26.093 34.677 6.670
v 26.027 34.823 6.670
v 22.256 33.131 6.670
v -43.217 3.498 6.850
v -39.446 5.190 6.850
v -39.512 5.336 6.850
v -43.283 3.644 6.850
v -43.217 3.498 6.970
v -39.446 5.190 6.970
v -39.512 5.336 6.970
v -43.283 3.644 6.970
v -35.158 7.114 6.850
v -27.889 10.374 6.850
v -27.954 10.520 6.850
v -35.223 7.260 6.850
v -35.158 7.114 6.970
v -27.889 10.374 6.970
v -27.954 10.520 6.970
v -35.223 7.260 6.970
v -23.601 12.298 6.850
v -16.332 15.558 6.850
v -16.397 15.704 6.850
v -23.666 12.444 6.850
v -23.601 12.298 6.970
v -16.332 15.558 6.970
v -16.397 15.704 6.970
v -23.666 12.444 6.970
v -12.043 17.482 6.850
v -4.775 20.743 6.850
v -4.840 20.889 6.850
v -12.109 17.628 6.850
v -12.043 17.482 6.970
v -4.775 20.743 6.970
v -4.840 20.889 6.970
v -12.109 17.628 6.970
v -0.486 22.666 6.850
v 6.783 25.927 6.850
v 6.717 26.073 6.850
v -0.552 22.812 6.850
v -0.486 22.666 6.970
v 6.783 25.927 6.970
v 6.717 26.073 6.970
v -0.552 22.812 6.970
v 11.071 27.851 6.850
v 18.340 31.111 6.850
v 18.274 31.257 6.850
v 11.005 27.997 6.850
v 11.071 27.851 6.970
v 18.340 31.111 6.970
v 18.274 31.257 6.970
v 11.005 27.997 6.970
v 22.628 33.035 6.850
v 26.399 34.727 6.850
v 26.334 34.873 6.850
v 22.562 33.181 6.850
v 22.628 33.035 6.970
v 26.399 34.727 6.970
v 26.334 34.873 6.970
v 22.562 33.181 6.970
v -43.266 3.608 7.150
v -39.769 5.177 7.150
v -39.834 5.323 7.150
v -43.332 3.754 7.150
v -43.266 3.608 7.270
v -39.769 5.177 7.270
v -39.834 5.323 7.270
v -43.332 3.754 7.270
v -35.207 7.223 7.150
v -28.212 10.361 7.150
v -28.277 10.507 7.150
v -35.272 7.369 7.150
v -35.207 7.223 7.270
v -28.212 10.361 7.270
v -28.277 10.507 7.270
v -35.272 7.369 7.270
v -23.650 12.407 7.150
v -16.655 15.545 7.150
v -16.720 15.691 7.150
v -23.715 12.553 7.150
v -23.650 12.407 7.270
v -16.655 15.545 7.270
v -16.720 15.691 7.270
v -23.715 12.553 7.270
v -12.093 17.592 7.150
v -5.097 20.729 7.150
v -5.163 20.875 7.150
v -12.158 17.738 7.150
v -12.093 17.592 7.270
v -5.097 20.729 7.270
v -5.163 20.875 7.270
v -12.158 17.738 7.270
v -0.535 22.776 7.150
v 6.460 25.914 7.150
v 6.394 26.060 7.150
v -0.601 22.922 7.150
v -0.535 22.776 7.270
v 6.460 25.914 7.270
v 6.394 26.060 7.270
v -0.601 22.922 7.270
v 11.022 27.960 7.150
v 18.017 31.098 7.150
v 17.951 31.244 7.150
v 10.956 28.106 7.150
v 11.022 27.960 7.270
v 18.017 31.098 7.270
v 17.951 31.244 7.270
v 10.956 28.106 7.270
v 22.579 33.144 7.150
v 26.076 34.713 7.150
v 26.011 34.859 7.150
v 22.513 33.290 7.150
v 22.579 33.144 7.270
v 26.076 34.713 7.270
v 26.011 34.859 7.270
v 22.513 33.290 7.270
v -43.475 3.339 7.450
v -39.703 5.031 7.450
v -39.769 5.177 7.450
v -43.540 3.485 7.450
v -43.475 3.339 7.570
v -39.703 5.031 7.570
v -39.769 5.177 7.570
v -43.540 3.485 7.570
v -35.415 6.954 7.450
v -28.146 10.215 7.450
v -28.212 10.361 7.450
v -35.481 7.100 7.450
v -35.415 6.954 7.570
v -28.146 10.215 7.570
v -28.212 10.361 7.570
v -35.481 7.100 7.570
v -23.858 12.139 7.450
v -16.589 15.399 7.450
v -16.655 15.545 7.450
v -23.923 12.285 7.450
v -23.858 12.139 7.570
v -16.589 15.399 7.570
v -16.655 15.545 7.570
v -23.923 12.285 7.570
v -12.301 17.323 7.450
v -5.032 20.583 7.450
v -5.097 20.729 7.450
v -12.366 17.469 7.450
v -12.301 17.323 7.570
v -5.032 20.583 7.570
v -5.097 20.729 7.570
v -12.366 17.469 7.570
v -0.744 22.507 7.450
v 6.525 25.768 7.450
v 6.460 25.914 7.450
v -0.809 22.653 7.450
v -0.744 22.507 7.570
v 6.525 25.768 7.570
v 6.460 25.914 7.570
v -0.809 22.653 7.570
v 10.813 27.691 7.450
v 18.082 30.952 7.450
v 18.017 31.098 7.450
v 10.748 27.837 7.450
v 10.813 27.691 7.570
v 18.082 30.952 7.570
v 18.017 31.098 7.570
v 10.748 27.837 7.570
v 22.371 32.876 7.450
v 26.142 34.567 7.450
v 26.076 34.713 7.450
v 22.305 33.022 7.450
v 22.371 32.876 7.570
v 26.142 34.567 7.570
v 26.076 34.713 7.570
v 22.305 33.022 7.570
v -43.250 3.571 7.750
v -39.479 5.263 7.750
v -39.544 5.409 7.750
v -43.316 3.717 7.750
v -43.250 3.571 7.870
v -39.479 5.263 7.870
v -39.544 5.409 7.870
v -43.316 3.717 7.870
v -35.190 7.187 7.750
v -27.922 10.447 7.750
v -27.987 10.593 7.750
v -35.256 7.333 7.750
v -35.190 7.187 7.870
v -27.922 10.447 7.870
v -27.987 10.593 7.870
v -35.256 7.333 7.870
v -23.633 12.371 7.750
v -16.365 15.631 7.750
v -16.430 15.777 7.750
v -23.699 12.517 7.750
v -23.633 12.371 7.870
v -16.365 15.631 7.870
v -16.430 15.777 7.870
v -23.699 12.517 7.870
v -12.076 17.555 7.750
v -4.807 20.816 7.750
v -4.873 20.962 7.750
v -12.142 17.701 7.750
v -12.076 17.555 7.870
v -4.807 20.816 7.870
v -4.873 20.962 7.870
v -12.142 17.701 7.870
v -0.519 22.739 7.750
v 6.750 26.000 7.750
v 6.684 26.146 7.750
v -0.585 22.885 7.750
v -0.519 22.739 7.870
v 6.750 26.000 7.870
v 6.684 26.146 7.870
v -0.585 22.885 7.870
v 11.038 27.924 7.750
v 18.307 31.184 7.750
v 18.241 31.330 7.750
v 10.973 28.070 7.750
v 11.038 27.924 7.870
v 18.307 31.184 7.870
v 18.241 31.330 7.870
v 10.973 28.070 7.870
v 22.595 33.108 7.750
v 26.367 34.800 7.750
v 26.301 34.946 7.750
v 22.530 33.254 7.750
v 22.595 33.108 7.870
v 26.367 34.800 7.870
v 26.301 34.946 7.870
v 22.530 33.254 7.870
v -43.217 3.498 8.050
v -39.720 5.067 8.050
v -39.785 5.213 8.050
v -43.283 3.644 8.050
v -43.217 3.498 8.170
v -39.720 5.067 8.170
v -39.785 5.213 8.170
v -43.283 3.644 8.170
v -35.158 7.114 8.050
v -28.163 10.251 8.050
v -28.228 10.397 8.050
v -35.223 7.260 8.050
v -35.158 7.114 8.170
v -28.163 10.251 8.170
v -28.228 10.397 8.170
v -35.223 7.260 8.170
v -23.601 12.298 8.050
v -16.605 15.436 8.050
v -16.671 15.582 8.050
v -23.666 12.444 8.050
v -23.601 12.298 8.170
v -16.605 15.436 8.170
v -16.671 15.582 8.170
v -23.666 12.444 8.170
v -12.043 17.482 8.050
v -5.048 20.620 8.050
v -5.114 20.766 8.050
v -12.109 17.628 8.050
v -12.043 17.482 8.170
v -5.048 20.620 8.170
v -5.114 20.766 8.170
v -12.109 17.628 8.170
v -0.486 22.666 8.050
v 6.509 25.804 8.050
v 6.443 25.950 8.050
v -0.552 22.812 8.050
v -0.486 22.666 8.170
v 6.509 25.804 8.170
v 6.443 25.950 8.170
v -0.552 22.812 8.170
v 11.071 27.851 8.050
v 18.066 30.989 8.050
v 18.000 31.135 8.050
v 11.005 27.997 8.050
v 11.071 27.851 8.170
v 18.066 30.989 8.170
v 18.000 31.135 8.170
v 11.005 27.997 8.170
v 22.628 33.035 8.050
v 26.126 34.604 8.050
v 26.060 34.750 8.050
v 22.562 33.181 8.050
v 22.628 33.035 8.170
v 26.126 34.604 8.170
v 26.060 34.750 8.170
v 22.562 33.181 8.170
v -43.540 3.485 8.350
v -39.769 5.177 8.350
v -39.834 5.323 8.350
v -43.606 3.631 8.350
v -43.540 3.485 8.470
v -39.769 5.177 8.470
v -39.834 5.323 8.470
v -43.606 3.631 8.470
v -35.481 7.100 8.350
v -28.212 10.361 8.350
v -28.277 10.507 8.350
v -35.546 7.246 8.350
v -35.481 7.100 8.470
v -28.212 10.361 8.470
v -28.277 10.507 8.470
v -35.546 7.246 8.470
v -23.923 12.285 8.350
v -16.655 15.545 8.350
v -16.720 15.691 8.350
v -23.989 12.431 8.350
v -23.923 12.285 8.470
v -16.655 15.545 8.470
v -16.720 15.691 8.470
v -23.989 12.431 8.470
v -12.366 17.469 8.350
v -5.097 20.729 8.350
v -5.163 20.875 8.350
v -12.432 17.615 8.350
v -12.366 17.469 8.470
v -5.097 20.729 8.470
v -5.163 20.875 8.470
v -12.432 17.615 8.470
v -0.809 22.653 8.350
v 6.460 25.914 8.350
v 6.394 26.060 8.350
v -0.875 22.799 8.350
v -0.809 22.653 8.470
v 6.460 25.914 8.470
v 6.394 26.060 8.470
v -0.875 22.799 8.470
v 10.748 27.837 8.350
v 18.017 31.098 8.350
v 17.951 31.244 8.350
v 10.683 27.983 8.350
v 10.748 27.837 8.470
v 18.017 31.098 8.470
v 17.951 31.244 8.470
v 10.683 27.983 8.470
v 22.305 33.022 8.350
v 26.076 34.713 8.350
v 26.011 34.859 8.350
v 22.240 33.168 8.350
v 22.305 33.022 8.470
v 26.076 34.713 8.470
v 26.011 34.859 8.470
v 22.240 33.168 8.470
v -43.201 3.462 8.650
v -39.430 5.153 8.650
v -39.495 5.299 8.650
v -43.266 3.608 8.650
v -43.201 3.462 8.770
v -39.430 5.153 8.770
v -39.495 5.299 8.770
v -43.266 3.608 8.770
v -35.141 7.077 8.650
v -27.873 10.338 8.650
v -27.938 10.484 8.650
v -35.207 7.223 8.650
v -35.141 7.077 8.770
v -27.873 10.338 8.770
v -27.938 10.484 8.770
v -35.207 7.223 8.770
v -23.584 12.261 8.650
v -16.315 15.522 8.650
v -16.381 15.668 8.650
v -23.650 12.407 8.650
v -23.584 12.261 8.770
v -16.315 15.522 8.770
v -16.381 15.668 8.770
v -23.650 12.407 8.770
v -12.027 17.446 8.650
v -4.758 20.706 8.650
v -4.824 20.852 8.650
v -12.093 17.592 8.650
v -12.027 17.446 8.770
v -4.758 20.706 8.770
v -4.824 20.852 8.770
v -12.093 17.592 8.770
v -0.470 22.630 8.650
v 6.799 25.891 8.650
v 6.733 26.037 8.650
v -0.535 22.776 8.650
v -0.470 22.630 8.770
v 6.799 25.891 8.770
v 6.733 26.037 8.770
v -0.535 22.776 8.770
v 11.087 27.814 8.650
v 18.356 31.075 8.650
v 18.291 31.221 8.650
v 11.022 27.960 8.650
v 11.087 27.814 8.770
v 18.356 31.075 8.770
v 18.291 31.221 8.770
v 11.022 27.960 8.770
v 22.644 32.998 8.650
v 26.416 34.690 8.650
v 26.350 34.836 8.650
v 22.579 33.144 8.650
v 22.644 32.998 8.770
v 26.416 34.690 8.770
v 26.350 34.836 8.770
v 22.579 33.144 8.770
v -43.250 3.571 8.950
v -39.753 5.140 8.950
v -39.818 5.286 8.950
v -43.316 3.717 8.950
v -43.250 3.571 9.070
v -39.753 5.140 9.070
v -39.818 5.286 9.070
v -43.316 3.717 9.070
v -35.190 7.187 8.950
v -28.195 10.324 8.950
v -28.261 10.470 8.950
v -35.256 7.333 8.950
v -35.190 7.187 9.070
v -28.195 10.324 9.070
v -28.261 10.470 9.070
v -35.256 7.333 9.070
v -23.633 12.371 8.950
v -16.638 15.509 8.950
v -16.704 15.655 8.950
v -23.699 12.517 8.950
v -23.633 12.371 9.070
v -16.638 15.509 9.070
v -16.704 15.655 9.070
v -23.699 12.517 9.070
v -12.076 17.555 8.950
v -5.081 20.693 8.950
v -5.147 20.839 8.950
v -12.142 17.701 8.950
v -12.076 17.555 9.070
v -5.081 20.693 9.070
v -5.147 20.839 9.070
v -12.142 17.701 9.070
v -0.519 22.739 8.950
v 6.476 25.877 8.950
v 6.411 26.023 8.950
v -0.585 22.885 8.950
v -0.519 22.739 9.070
v 6.476 25.877 9.070
v 6.411 26.023 9.070
v -0.585 22.885 9.070
v 11.038 27.924 8.950
v 18.033 31.062 8.950
v 17.968 31.208 8.950
v 10.973 28.070 8.950
v 11.038 27.924 9.070
v 18.033 31.062 9.070
v 17.968 31.208 9.070
v 10.973 28.070 9.070
v 22.595 33.108 8.950
v 26.093 34.677 8.950
v 26.027 34.823 8.950
v 22.530 33.254 8.950
v 22.595 33.108 9.070
v 26.093 34.677 9.070
v 26.027 34.823 9.070
v 22.530 33.254 9.070
v -43.491 3.375 9.250
v -39.720 5.067 9.250
v -39.785 5.213 9.250
v -43.557 3.521 9.250
v -43.491 3.375 9.370
v -39.720 5.067 9.370
v -39.785 5.213 9.370
v -43.557 3.521 9.370
v -35.431 6.991 9.250
v -28.163 10.251 9.250
v -28.228 10.397 9.250
v -35.497 7.137 9.250
v -35.431 6.991 9.370
v -28.163 10.251 9.370
v -28.228 10.397 9.370
v -35.497 7.137 9.370
v -23.874 12.175 9.250
v -16.605 15.436 9.250
v -16.671 15.582 9.250
v -23.940 12.321 9.250
v -23.874 12.175 9.370
v -16.605 15.436 9.370
v -16.671 15.582 9.370
v -23.940 12.321 9.370
v -12.317 17.359 9.250
v -5.048 20.620 9.250
v -5.114 20.766 9.250
v -12.383 17.505 9.250
v -12.317 17.359 9.370
v -5.048 20.620 9.370
v -5.114 20.766 9.370
v -12.383 17.505 9.370
v -0.760 22.544 9.250
v 6.509 25.804 9.250
v 6.443 25.950 9.250
v -0.826 22.690 9.250
v -0.760 22.544 9.370
v 6.509 25.804 9.370
v 6.443 25.950 9.370
v -0.826 22.690 9.370
v 10.797 27.728 9.250
v 18.066 30.989 9.250
v 18.000 31.135 9.250
v 10.732 27.874 9.250
v 10.797 27.728 9.370
v 18.066 30.989 9.370
v 18.000 31.135 9.370
v 10.732 27.874 9.370
v 22.354 32.912 9.250
v 26.126 34.604 9.250
v 26.060 34.750 9.250
v 22.289 33.058 9.250
v 22.354 32.912 9.370
v 26.126 34.604 9.370
v 26.060 34.750 9.370
v 22.289 33.058 9.370
v -43.266 3.608 9.550
v -39.495 5.299 9.550
v -39.561 5.445 9.550
v -43.332 3.754 9.550
v -43.266 3.608 9.670
v -39.495 5.299 9.670
v -39.561 5.445 9.670
v -43.332 3.754 9.670
v -35.207 7.223 9.550
v -27.938 10.484 9.550
v -28.004 10.630 9.550
v -35.272 7.369 9.550
v -35.207 7.223 9.670
v -27.938 10.484 9.670
v -28.004 10.630 9.670
v -35.272 7.369 9.670
v -23.650 12.407 9.550
v -16.381 15.668 9.550
v -16.446 15.814 9.550
v -23.715 12.553 9.550
v -23.650 12.407 9.670
v -16.381 15.668 9.670
v -16.446 15.814 9.670
v -23.715 12.553 9.670
v -12.093 17.592 9.550
v -4.824 20.852 9.550
v -4.889 20.998 9.550
v -12.158 17.738 9.550
v -12.093 17.592 9.670
v -4.824 20.852 9.670
v -4.889 20.998 9.670
v -12.158 17.738 9.670
v -0.535 22.776 9.550
v 6.733 26.037 9.550
v 6.668 26.183 9.550
v -0.601 22.922 9.550
v -0.535 22.776 9.670
v 6.733 26.037 9.670
v 6.668 26.183 9.670
v -0.601 22.922 9.670
v 11.022 27.960 9.550
v 18.291 31.221 9.550
v 18.225 31.367 9.550
v 10.956 28.106 9.550
v 11.022 27.960 9.670
v 18.291 31.221 9.670
v 18.225 31.367 9.670
v 10.956 28.106 9.670
v 22.579 33.144 9.550
v 26.350 34.836 9.550
v 26.285 34.982 9.550
v 22.513 33.290 9.550
v 22.579 33.144 9.670
v 26.350 34.836 9.670
v 26.285 34.982 9.670
v 22.513 33.290 9.670
v -43.201 3.462 9.850
v -39.703 5.031 9.850
v -39.769 5.177 9.850
v -43.266 3.608 9.850
v -43.201 3.462 9.970
v -39.703 5.031 9.970
v -39.769 5.177 9.970
v -43.266 3.608 9.970
v -35.141 7.077 9.850
v -28.146 10.215 9.850
v -28.212 10.361 9.850
v -35.207 7.223 9.850
v -35.141 7.077 9.970
v -28.146 10.215 9.970
v -28.212 10.361 9.970
v -35.207 7.223 9.970
v -23.584 12.261 9.850
v -16.589 15.399 9.850
v -16.655 15.545 9.850
v -23.650 12.407 9.850
v -23.584 12.261 9.970
v -16.589 15.399 9.970
v -16.655 15.545 9.970
v -23.650 12.407 9.970
v -12.027 17.446 9.850
v -5.032 20.583 9.850
v -5.097 20.729 9.850
v -12.093 17.592 9.850
v -12.027 17.446 9.970
v -5.032 20.583 9.970
v -5.097 20.729 9.970
v -12.093 17.592 9.970
v -0.470 22.630 9.850
v 6.525 25.768 9.850
v 6.460 25.914 9.850
v -0.535 22.776 9.850
v -0.470 22.630 9.970
v 6.525 25.768 9.970
v 6.460 25.914 9.970
v -0.535 22.776 9.970
v 11.087 27.814 9.850
v 18.082 30.952 9.850
v 18.017 31.098 9.850
v 11.022 27.960 9.850
v 11.087 27.814 9.970
v 18.082 30.952 9.970
v 18.017 31.098 9.970
v 11.022 27.960 9.970
v 22.644 32.998 9.850
v 26.142 34.567 9.850
v 26.076 34.713 9.850
v 22.579 33.144 9.850
v 22.644 32.998 9.970
v 26.142 34.567 9.970
v 26.076 34.713 9.970
v 22.579 33.144 9.970
v -43.524 3.448 10.150
v 26.093 34.677 10.150
v 26.027 34.823 10.150
v -43.589 3.594 10.150
v -43.524 3.448 10.270
v 26.093 34.677 10.270
v 26.027 34.823 10.270
v -43.589 3.594 10.270
v -43.217 3.498 10.450
v 26.399 34.727 10.450
v 26.334 34.873 10.450
v -43.283 3.644 10.450
v -43.217 3.498 10.570
v 26.399 34.727 10.570
v 26.334 34.873 10.570
v -43.283 3.644 10.570
v -43.266 3.608 10.750
v 26.076 34.713 10.750
v 26.011 34.859 10.750
v -43.332 3.754 10.750
v -43.266 3.608 10.870
v 26.076 34.713 10.870
v 26.011 34.859 10.870
v -43.332 3.754 10.870
v -43.475 3.339 11.050
v 26.142 34.567 11.050
v 26.076 34.713 11.050
v -43.540 3.485 11.050
v -43.475 3.339 11.170
v 26.142 34.567 11.170
v 26.076 34.713 11.170
v -43.540 3.485 11.170
v -43.250 3.571 11.350
v 26.367 34.800 11.350
v 26.301 34.946 11.350
v -43.316 3.717 11.350
v -43.250 3.571 11.470
v 26.367 34.800 11.470
v 26.301 34.946 11.470
v -43.316 3.717 11.470
v -43.299 3.484 4.500
v -43.153 3.549 4.500
v -43.234 3.732 4.500
v -43.380 3.666 4.500
v -43.299 3.484 11.700
v -43.153 3.549 11.700
v -43.234 3.732 11.700
v -43.380 3.666 11.700
v -39.649 5.121 4.500
v -39.503 5.186 4.500
v -39.585 5.369 4.500
v -39.731 5.303 4.500
v -39.649 5.121 11.700
v -39.503 5.186 11.700
v -39.585 5.369 11.700
v -39.731 5.303 11.700
v -35.999 6.758 4.500
v -35.853 6.823 4.500
v -35.935 7.006 4.500
v -36.081 6.940 4.500
v -35.999 6.758 11.700
v -35.853 6.823 11.700
v -35.935 7.006 11.700
v -36.081 6.940 11.700
v -32.350 8.395 4.500
v -32.204 8.461 4.500
v -32.286 8.643 4.500
v -32.431 8.578 4.500
v -32.350 8.395 11.700
v -32.204 8.461 11.700
v -32.286 8.643 11.700
v -32.431 8.578 11.700
v -28.700 10.032 4.500
v -28.554 10.098 4.500
v -28.636 10.280 4.500
v -28.782 10.215 4.500
v -28.700 10.032 11.700
v -28.554 10.098 11.700
v -28.636 10.280 11.700
v -28.782 10.215 11.700
v -25.050 11.669 4.500
v -24.904 11.735 4.500
v -24.986 11.917 4.500
v -25.132 11.852 4.500
v -25.050 11.669 11.700
v -24.904 11.735 11.700
v -24.986 11.917 11.700
v -25.132 11.852 11.700
v -21.401 13.307 4.500
v -21.255 13.372 4.500
v -21.337 13.555 4.500
v -21.483 13.489 4.500
v -21.401 13.307 11.700
v -21.255 13.372 11.700
v -21.337 13.555 11.700
v -21.483 13.489 11.700
v -17.751 14.944 4.500
v -17.605 15.009 4.500
v -17.687 15.192 4.500
v -17.833 15.126 4.500
v -17.751 14.944 11.700
v -17.605 15.009 11.700
v -17.687 15.192 11.700
v -17.833 15.126 11.700
v -14.102 16.581 4.500
v -13.956 16.646 4.500
v -14.037 16.829 4.500
v -14.183 16.763 4.500
v -14.102 16.581 11.700
v -13.956 16.646 11.700
v -14.037 16.829 11.700
v -14.183 16.763 11.700
v -10.452 18.218 4.500
v -10.306 18.283 4.500
v -10.388 18.466 4.500
v -10.534 18.400 4.500
v -10.452 18.218 11.700
v -10.306 18.283 11.700
v -10.388 18.466 11.700
v -10.534 18.400 11.700
v -6.802 19.855 4.500
v -6.656 19.921 4.500
v -6.738 20.103 4.500
v -6.884 20.038 4.500
v -6.802 19.855 11.700
v -6.656 19.921 11.700
v -6.738 20.103 11.700
v -6.884 20.038 11.700
v -3.153 21.492 4.500
v -3.007 21.558 4.500
v -3.089 21.740 4.500
v -3.234 21.675 4.500
v -3.153 21.492 11.700
v -3.007 21.558 11.700
v -3.089 21.740 11.700
v -3.234 21.675 11.700
v 0.497 23.129 4.500
v 0.643 23.195 4.500
v 0.561 23.377 4.500
v 0.415 23.312 4.500
v 0.497 23.129 11.700
v 0.643 23.195 11.700
v 0.561 23.377 11.700
v 0.415 23.312 11.700
v 4.147 24.767 4.500
v 4.293 24.832 4.500
v 4.211 25.015 4.500
v 4.065 24.949 4.500
v 4.147 24.767 11.700
v 4.293 24.832 11.700
v 4.211 25.015 11.700
v 4.065 24.949 11.700
v 7.796 26.404 4.500
v 7.942 26.469 4.500
v 7.860 26.652 4.500
v 7.714 26.586 4.500
v 7.796 26.404 11.700
v 7.942 26.469 11.700
v 7.860 26.652 11.700
v 7.714 26.586 11.700
v 11.446 28.041 4.500
v 11.592 28.106 4.500
v 11.510 28.289 4.500
v 11.364 28.223 4.500
v 11.446 28.041 11.700
v 11.592 28.106 11.700
v 11.510 28.289 11.700
v 11.364 28.223 11.700
v 15.095 29.678 4.500
v 15.241 29.743 4.500
v 15.160 29.926 4.500
v 15.014 29.860 4.500
v 15.095 29.678 11.700
v 15.241 29.743 11.700
v 15.160 29.926 11.700
v 15.014 29.860 11.700
v 18.745 31.315 4.500
v 18.891 31.381 4.500
v 18.809 31.563 4.500
v 18.663 31.498 4.500
v 18.745 31.315 11.700
v 18.891 31.381 11.700
v 18.809 31.563 11.700
v 18.663 31.498 11.700
v 22.395 32.952 4.500
v 22.541 33.018 4.500
v 22.459 33.200 4.500
v 22.313 33.135 4.500
v 22.395 32.952 11.700
v 22.541 33.018 11.700
v 22.459 33.200 11.700
v 22.313 33.135 11.700
v 26.044 34.589 4.500
v 26.190 34.655 4.500
v 26.108 34.837 4.500
v 25.963 34.772 4.500
v 26.044 34.589 11.700
v 26.190 34.655 11.700
v 26.108 34.837 11.700
v 25.963 34.772 11.700
v -25.769 -35.398 0.000
v -22.120 -33.761 0.000
v -22.734 -32.392 0.000
v -26.383 -34.029 0.000
v -25.769 -35.398 4.500
v -22.120 -33.761 4.500
v -22.734 -32.392 4.500
v -26.383 -34.029 4.500
v -17.558 -31.714 0.000
v 1.375 -23.221 0.000
v 0.761 -21.853 0.000
v -18.172 -30.346 0.000
v -17.558 -31.714 4.500
v 1.375 -23.221 4.500
v 0.761 -21.853 4.500
v -18.172 -30.346 4.500
v 5.937 -21.175 0.000
v 12.780 -18.105 0.000
v 12.166 -16.737 0.000
v 5.323 -19.806 0.000
v 5.937 -21.175 4.500
v 12.780 -18.105 4.500
v 12.166 -16.737 4.500
v 5.323 -19.806 4.500
v 17.342 -16.059 0.000
v 24.185 -12.989 0.000
v 23.571 -11.621 0.000
v 16.728 -14.690 0.000
v 17.342 -16.059 4.500
v 24.185 -12.989 4.500
v 23.571 -11.621 4.500
v 16.728 -14.690 4.500
v 28.747 -10.943 0.000
v 35.590 -7.873 0.000
v 34.976 -6.505 0.000
v 28.133 -9.574 0.000
v 28.747 -10.943 4.500
v 35.590 -7.873 4.500
v 34.976 -6.505 4.500
v 28.133 -9.574 4.500
v 40.152 -5.827 0.000
v 43.573 -4.292 0.000
v 42.959 -2.923 0.000
v 39.538 -4.458 0.000
v 40.152 -5.827 4.500
v 43.573 -4.292 4.500
v 42.959 -2.923 4.500
v 39.538 -4.458 4.500
v -25.831 -35.261 4.500
v -22.181 -33.624 4.500
v -22.672 -32.529 4.500
v -26.322 -34.166 4.500
v -25.831 -35.261 11.700
v -22.181 -33.624 11.700
v -22.672 -32.529 11.700
v -26.322 -34.166 11.700
v -22.181 -33.624 10.000
v -17.619 -31.577 10.000
v -18.110 -30.482 10.000
v -22.672 -32.529 10.000
v -22.181 -33.624 11.700
v -17.619 -31.577 11.700
v -18.110 -30.482 11.700
v -22.672 -32.529 11.700
v -17.619 -31.577 4.500
v -13.970 -29.940 4.500
v -14.461 -28.845 4.500
v -18.110 -30.482 4.500
v -17.619 -31.577 11.700
v -13.970 -29.940 11.700
v -14.461 -28.845 11.700
v -18.110 -30.482 11.700
v -13.970 -29.940 4.500
v -2.108 -24.619 4.500
v -2.599 -23.525 4.500
v -14.461 -28.845 4.500
v -13.970 -29.940 11.700
v -2.108 -24.619 11.700
v -2.599 -23.525 11.700
v -14.461 -28.845 11.700
v -2.628 -24.195 4.750
v 1.068 -22.537 4.750
v 1.002 -22.391 4.750
v -2.693 -24.049 4.750
v -2.628 -24.195 4.870
v 1.068 -22.537 4.870
v 1.002 -22.391 4.870
v -2.693 -24.049 4.870
v 5.356 -20.613 4.750
v 12.473 -17.421 4.750
v 12.407 -17.275 4.750
v 5.290 -20.468 4.750
v 5.356 -20.613 4.870
v 12.473 -17.421 4.870
v 12.407 -17.275 4.870
v 5.290 -20.468 4.870
v 16.761 -15.497 4.750
v 23.878 -12.305 4.750
v 23.812 -12.159 4.750
v 16.696 -15.351 4.750
v 16.761 -15.497 4.870
v 23.878 -12.305 4.870
v 23.812 -12.159 4.870
v 16.696 -15.351 4.870
v 28.166 -10.381 4.750
v 35.283 -7.189 4.750
v 35.217 -7.043 4.750
v 28.101 -10.235 4.750
v 28.166 -10.381 4.870
v 35.283 -7.189 4.870
v 35.217 -7.043 4.870
v 28.101 -10.235 4.870
v 39.571 -5.265 4.750
v 43.266 -3.608 4.750
v 43.201 -3.462 4.750
v 39.506 -5.119 4.750
v 39.571 -5.265 4.870
v 43.266 -3.608 4.870
v 43.201 -3.462 4.870
v 39.506 -5.119 4.870
v -2.288 -24.218 5.050
v 1.407 -22.560 5.050
v 1.341 -22.414 5.050
v -2.354 -24.072 5.050
v -2.288 -24.218 5.170
v 1.407 -22.560 5.170
v 1.341 -22.414 5.170
v -2.354 -24.072 5.170
v 5.695 -20.637 5.050
v 12.812 -17.444 5.050
v 12.746 -17.298 5.050
v 5.630 -20.491 5.050
v 5.695 -20.637 5.170
v 12.812 -17.444 5.170
v 12.746 -17.298 5.170
v 5.630 -20.491 5.170
v 17.100 -15.521 5.050
v 24.217 -12.328 5.050
v 24.152 -12.182 5.050
v 17.035 -15.375 5.050
v 17.100 -15.521 5.170
v 24.217 -12.328 5.170
v 24.152 -12.182 5.170
v 17.035 -15.375 5.170
v 28.505 -10.405 5.050
v 35.622 -7.212 5.050
v 35.557 -7.066 5.050
v 28.440 -10.259 5.050
v 28.505 -10.405 5.170
v 35.622 -7.212 5.170
v 35.557 -7.066 5.170
v 28.440 -10.259 5.170
v 39.910 -5.288 5.050
v 43.606 -3.631 5.050
v 43.540 -3.485 5.050
v 39.845 -5.142 5.050
v 39.910 -5.288 5.170
v 43.606 -3.631 5.170
v 43.540 -3.485 5.170
v 39.845 -5.142 5.170
v -2.337 -24.108 5.350
v 1.084 -22.574 5.350
v 1.019 -22.428 5.350
v -2.403 -23.962 5.350
v -2.337 -24.108 5.470
v 1.084 -22.574 5.470
v 1.019 -22.428 5.470
v -2.403 -23.962 5.470
v 5.646 -20.527 5.350
v 12.489 -17.458 5.350
v 12.424 -17.312 5.350
v 5.581 -20.381 5.350
v 5.646 -20.527 5.470
v 12.489 -17.458 5.470
v 12.424 -17.312 5.470
v 5.581 -20.381 5.470
v 17.051 -15.411 5.350
v 23.894 -12.341 5.350
v 23.829 -12.195 5.350
v 16.986 -15.265 5.350
v 17.051 -15.411 5.470
v 23.894 -12.341 5.470
v 23.829 -12.195 5.470
v 16.986 -15.265 5.470
v 28.456 -10.295 5.350
v 35.299 -7.225 5.350
v 35.234 -7.079 5.350
v 28.391 -10.149 5.350
v 28.456 -10.295 5.470
v 35.299 -7.225 5.470
v 35.234 -7.079 5.470
v 28.391 -10.149 5.470
v 39.861 -5.179 5.350
v 43.283 -3.644 5.350
v 43.217 -3.498 5.350
v 39.796 -5.033 5.350
v 39.861 -5.179 5.470
v 43.283 -3.644 5.470
v 43.217 -3.498 5.470
v 39.796 -5.033 5.470
v -2.578 -24.304 5.650
v 1.117 -22.647 5.650
v 1.051 -22.501 5.650
v -2.644 -24.158 5.650
v -2.578 -24.304 5.770
v 1.117 -22.647 5.770
v 1.051 -22.501 5.770
v -2.644 -24.158 5.770
v 5.405 -20.723 5.650
v 12.522 -17.531 5.650
v 12.456 -17.385 5.650
v 5.340 -20.577 5.650
v 5.405 -20.723 5.770
v 12.522 -17.531 5.770
v 12.456 -17.385 5.770
v 5.340 -20.577 5.770
v 16.810 -15.607 5.650
v 23.927 -12.414 5.650
v 23.861 -12.268 5.650
v 16.745 -15.461 5.650
v 16.810 -15.607 5.770
v 23.927 -12.414 5.770
v 23.861 -12.268 5.770
v 16.745 -15.461 5.770
v 28.215 -10.491 5.650
v 35.332 -7.298 5.650
v 35.267 -7.152 5.650
v 28.150 -10.345 5.650
v 28.215 -10.491 5.770
v 35.332 -7.298 5.770
v 35.267 -7.152 5.770
v 28.150 -10.345 5.770
v 39.620 -5.375 5.650
v 43.316 -3.717 5.650
v 43.250 -3.571 5.650
v 39.555 -5.229 5.650
v 39.620 -5.375 5.770
v 43.316 -3.717 5.770
v 43.250 -3.571 5.770
v 39.555 -5.229 5.770
v -2.354 -24.072 5.950
v 1.341 -22.414 5.950
v 1.276 -22.268 5.950
v -2.419 -23.926 5.950
v -2.354 -24.072 6.070
v 1.341 -22.414 6.070
v 1.276 -22.268 6.070
v -2.419 -23.926 6.070
v 5.630 -20.491 5.950
v 12.746 -17.298 5.950
v 12.681 -17.152 5.950
v 5.564 -20.345 5.950
v 5.630 -20.491 6.070
v 12.746 -17.298 6.070
v 12.681 -17.152 6.070
v 5.564 -20.345 6.070
v 17.035 -15.375 5.950
v 24.152 -12.182 5.950
v 24.086 -12.036 5.950
v 16.969 -15.229 5.950
v 17.035 -15.375 6.070
v 24.152 -12.182 6.070
v 24.086 -12.036 6.070
v 16.969 -15.229 6.070
v 28.440 -10.259 5.950
v 35.557 -7.066 5.950
v 35.491 -6.920 5.950
v 28.374 -10.113 5.950
v 28.440 -10.259 6.070
v 35.557 -7.066 6.070
v 35.491 -6.920 6.070
v 28.374 -10.113 6.070
v 39.845 -5.142 5.950
v 43.540 -3.485 5.950
v 43.475 -3.339 5.950
v 39.779 -4.996 5.950
v 39.845 -5.142 6.070
v 43.540 -3.485 6.070
v 43.475 -3.339 6.070
v 39.779 -4.996 6.070
v -2.288 -24.218 6.250
v 1.133 -22.683 6.250
v 1.068 -22.537 6.250
v -2.354 -24.072 6.250
v -2.288 -24.218 6.370
v 1.133 -22.683 6.370
v 1.068 -22.537 6.370
v -2.354 -24.072 6.370
v 5.695 -20.637 6.250
v 12.538 -17.567 6.250
v 12.473 -17.421 6.250
v 5.630 -20.491 6.250
v 5.695 -20.637 6.370
v 12.538 -17.567 6.370
v 12.473 -17.421 6.370
v 5.630 -20.491 6.370
v 17.100 -15.521 6.250
v 23.943 -12.451 6.250
v 23.878 -12.305 6.250
v 17.035 -15.375 6.250
v 17.100 -15.521 6.370
v 23.943 -12.451 6.370
v 23.878 -12.305 6.370
v 17.035 -15.375 6.370
v 28.505 -10.405 6.250
v 35.348 -7.335 6.250
v 35.283 -7.189 6.250
v 28.440 -10.259 6.250
v 28.505 -10.405 6.370
v 35.348 -7.335 6.370
v 35.283 -7.189 6.370
v 28.440 -10.259 6.370
v 39.910 -5.288 6.250
v 43.332 -3.754 6.250
v 43.266 -3.608 6.250
v 39.845 -5.142 6.250
v 39.910 -5.288 6.370
v 43.332 -3.754 6.370
v 43.266 -3.608 6.370
v 39.845 -5.142 6.370
v -2.611 -24.231 6.550
v 1.084 -22.574 6.550
v 1.019 -22.428 6.550
v -2.677 -24.085 6.550
v -2.611 -24.231 6.670
v 1.084 -22.574 6.670
v 1.019 -22.428 6.670
v -2.677 -24.085 6.670
v 5.372 -20.650 6.550
v 12.489 -17.458 6.550
v 12.424 -17.312 6.550
v 5.307 -20.504 6.550
v 5.372 -20.650 6.670
v 12.489 -17.458 6.670
v 12.424 -17.312 6.670
v 5.307 -20.504 6.670
v 16.777 -15.534 6.550
v 23.894 -12.341 6.550
v 23.829 -12.195 6.550
v 16.712 -15.388 6.550
v 16.777 -15.534 6.670
v 23.894 -12.341 6.670
v 23.829 -12.195 6.670
v 16.712 -15.388 6.670
v 28.182 -10.418 6.550
v 35.299 -7.225 6.550
v 35.234 -7.079 6.550
v 28.117 -10.272 6.550
v 28.182 -10.418 6.670
v 35.299 -7.225 6.670
v 35.234 -7.079 6.670
v 28.117 -10.272 6.670
v 39.588 -5.302 6.550
v 43.283 -3.644 6.550
v 43.217 -3.498 6.550
v 39.522 -5.156 6.550
v 39.588 -5.302 6.670
v 43.283 -3.644 6.670
v 43.217 -3.498 6.670
v 39.522 -5.156 6.670
v -2.305 -24.181 6.850
v 1.390 -22.524 6.850
v 1.325 -22.378 6.850
v -2.370 -24.035 6.850
v -2.305 -24.181 6.970
v 1.390 -22.524 6.970
v 1.325 -22.378 6.970
v -2.370 -24.035 6.970
v 5.679 -20.600 6.850
v 12.796 -17.408 6.850
v 12.730 -17.262 6.850
v 5.613 -20.454 6.850
v 5.679 -20.600 6.970
v 12.796 -17.408 6.970
v 12.730 -17.262 6.970
v 5.613 -20.454 6.970
v 17.084 -15.484 6.850
v 24.201 -12.292 6.850
v 24.135 -12.146 6.850
v 17.018 -15.338 6.850
v 17.084 -15.484 6.970
v 24.201 -12.292 6.970
v 24.135 -12.146 6.970
v 17.018 -15.338 6.970
v 28.489 -10.368 6.850
v 35.606 -7.176 6.850
v 35.540 -7.030 6.850
v 28.423 -10.222 6.850
v 28.489 -10.368 6.970
v 35.606 -7.176 6.970
v 35.540 -7.030 6.970
v 28.423 -10.222 6.970
v 39.894 -5.252 6.850
v 43.589 -3.594 6.850
v 43.524 -3.448 6.850
v 39.829 -5.106 6.850
v 39.894 -5.252 6.970
v 43.589 -3.594 6.970
v 43.524 -3.448 6.970
v 39.829 -5.106 6.970
v -2.354 -24.072 7.150
v 1.068 -22.537 7.150
v 1.002 -22.391 7.150
v -2.419 -23.926 7.150
v -2.354 -24.072 7.270
v 1.068 -22.537 7.270
v 1.002 -22.391 7.270
v -2.419 -23.926 7.270
v 5.630 -20.491 7.150
v 12.473 -17.421 7.150
v 12.407 -17.275 7.150
v 5.564 -20.345 7.150
v 5.630 -20.491 7.270
v 12.473 -17.421 7.270
v 12.407 -17.275 7.270
v 5.564 -20.345 7.270
v 17.035 -15.375 7.150
v 23.878 -12.305 7.150
v 23.812 -12.159 7.150
v 16.969 -15.229 7.150
v 17.035 -15.375 7.270
v 23.878 -12.305 7.270
v 23.812 -12.159 7.270
v 16.969 -15.229 7.270
v 28.440 -10.259 7.150
v 35.283 -7.189 7.150
v 35.217 -7.043 7.150
v 28.374 -10.113 7.150
v 28.440 -10.259 7.270
v 35.283 -7.189 7.270
v 35.217 -7.043 7.270
v 28.374 -10.113 7.270
v 39.845 -5.142 7.150
v 43.266 -3.608 7.150
v 43.201 -3.462 7.150
v 39.779 -4.996 7.150
v 39.845 -5.142 7.270
v 43.266 -3.608 7.270
v 43.201 -3.462 7.270
v 39.779 -4.996 7.270
v -2.562 -24.341 7.450
v 1.133 -22.683 7.450
v 1.068 -22.537 7.450
v -2.628 -24.195 7.450
v -2.562 -24.341 7.570
v 1.133 -22.683 7.570
v 1.068 -22.537 7.570
v -2.628 -24.195 7.570
v 5.421 -20.759 7.450
v 12.538 -17.567 7.450
v 12.473 -17.421 7.450
v 5.356 -20.613 7.450
v 5.421 -20.759 7.570
v 12.538 -17.567 7.570
v 12.473 -17.421 7.570
v 5.356 -20.613 7.570
v 16.827 -15.643 7.450
v 23.943 -12.451 7.450
v 23.878 -12.305 7.450
v 16.761 -15.497 7.450
v 16.827 -15.643 7.570
v 23.943 -12.451 7.570
v 23.878 -12.305 7.570
v 16.761 -15.497 7.570
v 28.232 -10.527 7.450
v 35.348 -7.335 7.450
v 35.283 -7.189 7.450
v 28.166 -10.381 7.450
v 28.232 -10.527 7.570
v 35.348 -7.335 7.570
v 35.283 -7.189 7.570
v 28.166 -10.381 7.570
v 39.637 -5.411 7.450
v 43.332 -3.754 7.450
v 43.266 -3.608 7.450
v 39.571 -5.265 7.450
v 39.637 -5.411 7.570
v 43.332 -3.754 7.570
v 43.266 -3.608 7.570
v 39.571 -5.265 7.570
v -2.337 -24.108 7.750
v 1.358 -22.451 7.750
v 1.292 -22.305 7.750
v -2.403 -23.962 7.750
v -2.337 -24.108 7.870
v 1.358 -22.451 7.870
v 1.292 -22.305 7.870
v -2.403 -23.962 7.870
v 5.646 -20.527 7.750
v 12.763 -17.335 7.750
v 12.697 -17.189 7.750
v 5.581 -20.381 7.750
v 5.646 -20.527 7.870
v 12.763 -17.335 7.870
v 12.697 -17.189 7.870
v 5.581 -20.381 7.870
v 17.051 -15.411 7.750
v 24.168 -12.219 7.750
v 24.102 -12.073 7.750
v 16.986 -15.265 7.750
v 17.051 -15.411 7.870
v 24.168 -12.219 7.870
v 24.102 -12.073 7.870
v 16.986 -15.265 7.870
v 28.456 -10.295 7.750
v 35.573 -7.103 7.750
v 35.507 -6.957 7.750
v 28.391 -10.149 7.750
v 28.456 -10.295 7.870
v 35.573 -7.103 7.870
v 35.507 -6.957 7.870
v 28.391 -10.149 7.870
v 39.861 -5.179 7.750
v 43.557 -3.521 7.750
v 43.491 -3.375 7.750
v 39.796 -5.033 7.750
v 39.861 -5.179 7.870
v 43.557 -3.521 7.870
v 43.491 -3.375 7.870
v 39.796 -5.033 7.870
v -2.305 -24.181 8.050
v 1.117 -22.647 8.050
v 1.051 -22.501 8.050
v -2.370 -24.035 8.050
v -2.305 -24.181 8.170
v 1.117 -22.647 8.170
v 1.051 -22.501 8.170
v -2.370 -24.035 8.170
v 5.679 -20.600 8.050
v 12.522 -17.531 8.050
v 12.456 -17.385 8.050
v 5.613 -20.454 8.050
v 5.679 -20.600 8.170
v 12.522 -17.531 8.170
v 12.456 -17.385 8.170
v 5.613 -20.454 8.170
v 17.084 -15.484 8.050
v 23.927 -12.414 8.050
v 23.861 -12.268 8.050
v 17.018 -15.338 8.050
v 17.084 -15.484 8.170
v 23.927 -12.414 8.170
v 23.861 -12.268 8.170
v 17.018 -15.338 8.170
v 28.489 -10.368 8.050
v 35.332 -7.298 8.050
v 35.267 -7.152 8.050
v 28.423 -10.222 8.050
v 28.489 -10.368 8.170
v 35.332 -7.298 8.170
v 35.267 -7.152 8.170
v 28.423 -10.222 8.170
v 39.894 -5.252 8.050
v 43.316 -3.717 8.050
v 43.250 -3.571 8.050
v 39.829 -5.106 8.050
v 39.894 -5.252 8.170
v 43.316 -3.717 8.170
v 43.250 -3.571 8.170
v 39.829 -5.106 8.170
v -2.628 -24.195 8.350
v 1.068 -22.537 8.350
v 1.002 -22.391 8.350
v -2.693 -24.049 8.350
v -2.628 -24.195 8.470
v 1.068 -22.537 8.470
v 1.002 -22.391 8.470
v -2.693 -24.049 8.470
v 5.356 -20.613 8.350
v 12.473 -17.421 8.350
v 12.407 -17.275 8.350
v 5.290 -20.468 8.350
v 5.356 -20.613 8.470
v 12.473 -17.421 8.470
v 12.407 -17.275 8.470
v 5.290 -20.468 8.470
v 16.761 -15.497 8.350
v 23.878 -12.305 8.350
v 23.812 -12.159 8.350
v 16.696 -15.351 8.350
v 16.761 -15.497 8.470
v 23.878 -12.305 8.470
v 23.812 -12.159 8.470
v 16.696 -15.351 8.470
v 28.166 -10.381 8.350
v 35.283 -7.189 8.350
v 35.217 -7.043 8.350
v 28.101 -10.235 8.350
v 28.166 -10.381 8.470
v 35.283 -7.189 8.470
v 35.217 -7.043 8.470
v 28.101 -10.235 8.470
v 39.571 -5.265 8.350
v 43.266 -3.608 8.350
v 43.201 -3.462 8.350
v 39.506 -5.119 8.350
v 39.571 -5.265 8.470
v 43.266 -3.608 8.470
v 43.201 -3.462 8.470
v 39.506 -5.119 8.470
v -2.288 -24.218 8.650
v 1.407 -22.560 8.650
v 1.341 -22.414 8.650
v -2.354 -24.072 8.650
v -2.288 -24.218 8.770
v 1.407 -22.560 8.770
v 1.341 -22.414 8.770
v -2.354 -24.072 8.770
v 5.695 -20.637 8.650
v 12.812 -17.444 8.650
v 12.746 -17.298 8.650
v 5.630 -20.491 8.650
v 5.695 -20.637 8.770
v 12.812 -17.444 8.770
v 12.746 -17.298 8.770
v 5.630 -20.491 8.770
v 17.100 -15.521 8.650
v 24.217 -12.328 8.650
v 24.152 -12.182 8.650
v 17.035 -15.375 8.650
v 17.100 -15.521 8.770
v 24.217 -12.328 8.770
v 24.152 -12.182 8.770
v 17.035 -15.375 8.770
v 28.505 -10.405 8.650
v 35.622 -7.212 8.650
v 35.557 -7.066 8.650
v 28.440 -10.259 8.650
v 28.505 -10.405 8.770
v 35.622 -7.212 8.770
v 35.557 -7.066 8.770
v 28.440 -10.259 8.770
v 39.910 -5.288 8.650
v 43.606 -3.631 8.650
v 43.540 -3.485 8.650
v 39.845 -5.142 8.650
v 39.910 -5.288 8.770
v 43.606 -3.631 8.770
v 43.540 -3.485 8.770
v 39.845 -5.142 8.770
v -2.337 -24.108 8.950
v 1.084 -22.574 8.950
v 1.019 -22.428 8.950
v -2.403 -23.962 8.950
v -2.337 -24.108 9.070
v 1.084 -22.574 9.070
v 1.019 -22.428 9.070
v -2.403 -23.962 9.070
v 5.646 -20.527 8.950
v 12.489 -17.458 8.950
v 12.424 -17.312 8.950
v 5.581 -20.381 8.950
v 5.646 -20.527 9.070
v 12.489 -17.458 9.070
v 12.424 -17.312 9.070
v 5.581 -20.381 9.070
v 17.051 -15.411 8.950
v 23.894 -12.341 8.950
v 23.829 -12.195 8.950
v 16.986 -15.265 8.950
v 17.051 -15.411 9.070
v 23.894 -12.341 9.070
v 23.829 -12.195 9.070
v 16.986 -15.265 9.070
v 28.456 -10.295 8.950
v 35.299 -7.225 8.950
v 35.234 -7.079 8.950
v 28.391 -10.149 8.950
v 28.456 -10.295 9.070
v 35.299 -7.225 9.070
v 35.234 -7.079 9.070
v 28.391 -10.149 9.070
v 39.861 -5.179 8.950
v 43.283 -3.644 8.950
v 43.217 -3.498 8.950
v 39.796 -5.033 8.950
v 39.861 -5.179 9.070
v 43.283 -3.644 9.070
v 43.217 -3.498 9.070
v 39.796 -5.033 9.070
v -2.578 -24.304 9.250
v 1.117 -22.647 9.250
v 1.051 -22.501 9.250
v -2.644 -24.158 9.250
v -2.578 -24.304 9.370
v 1.117 -22.647 9.370
v 1.051 -22.501 9.370
v -2.644 -24.158 9.370
v 5.405 -20.723 9.250
v 12.522 -17.531 9.250
v 12.456 -17.385 9.250
v 5.340 -20.577 9.250
v 5.405 -20.723 9.370
v 12.522 -17.531 9.370
v 12.456 -17.385 9.370
v 5.340 -20.577 9.370
v 16.810 -15.607 9.250
v 23.927 -12.414 9.250
v 23.861 -12.268 9.250
v 16.745 -15.461 9.250
v 16.810 -15.607 9.370
v 23.927 -12.414 9.370
v 23.861 -12.268 9.370
v 16.745 -15.461 9.370
v 28.215 -10.491 9.250
v 35.332 -7.298 9.250
v 35.267 -7.152 9.250
v 28.150 -10.345 9.250
v 28.215 -10.491 9.370
v 35.332 -7.298 9.370
v 35.267 -7.152 9.370
v 28.150 -10.345 9.370
v 39.620 -5.375 9.250
v 43.316 -3.717 9.250
v 43.250 -3.571 9.250
v 39.555 -5.229 9.250
v 39.620 -5.375 9.370
v 43.316 -3.717 9.370
v 43.250 -3.571 9.370
v 39.555 -5.229 9.370
v -2.354 -24.072 9.550
v 1.341 -22.414 9.550
v 1.276 -22.268 9.550
v -2.419 -23.926 9.550
v -2.354 -24.072 9.670
v 1.341 -22.414 9.670
v 1.276 -22.268 9.670
v -2.419 -23.926 9.670
v 5.630 -20.491 9.550
v 12.746 -17.298 9.550
v 12.681 -17.152 9.550
v 5.564 -20.345 9.550
v 5.630 -20.491 9.670
v 12.746 -17.298 9.670
v 12.681 -17.152 9.670
v 5.564 -20.345 9.670
v 17.035 -15.375 9.550
v 24.152 -12.182 9.550
v 24.086 -12.036 9.550
v 16.969 -15.229 9.550
v 17.035 -15.375 9.670
v 24.152 -12.182 9.670
v 24.086 -12.036 9.670
v 16.969 -15.229 9.670
v 28.440 -10.259 9.550
v 35.557 -7.066 9.550
v 35.491 -6.920 9.550
v 28.374 -10.113 9.550
v 28.440 -10.259 9.670
v 35.557 -7.066 9.670
v 35.491 -6.920 9.670
v 28.374 -10.113 9.670
v 39.845 -5.142 9.550
v 43.540 -3.485 9.550
v 43.475 -3.339 9.550
v 39.779 -4.996 9.550
v 39.845 -5.142 9.670
v 43.540 -3.485 9.670
v 43.475 -3.339 9.670
v 39.779 -4.996 9.670
v -2.288 -24.218 9.850
v 1.133 -22.683 9.850
v 1.068 -22.537 9.850
v -2.354 -24.072 9.850
v -2.288 -24.218 9.970
v 1.133 -22.683 9.970
v 1.068 -22.537 9.970
v -2.354 -24.072 9.970
v 5.695 -20.637 9.850
v 12.538 -17.567 9.850
v 12.473 -17.421 9.850
v 5.630 -20.491 9.850
v 5.695 -20.637 9.970
v 12.538 -17.567 9.970
v 12.473 -17.421 9.970
v 5.630 -20.491 9.970
v 17.100 -15.521 9.850
v 23.943 -12.451 9.850
v 23.878 -12.305 9.850
v 17.035 -15.375 9.850
v 17.100 -15.521 9.970
v 23.943 -12.451 9.970
v 23.878 -12.305 9.970
v 17.035 -15.375 9.970
v 28.505 -10.405 9.850
v 35.348 -7.335 9.850
v 35.283 -7.189 9.850
v 28.440 -10.259 9.850
v 28.505 -10.405 9.970
v 35.348 -7.335 9.970
v 35.283 -7.189 9.970
v 28.440 -10.259 9.970
v 39.910 -5.288 9.850
v 43.332 -3.754 9.850
v 43.266 -3.608 9.850
v 39.845 -5.142 9.850
v 39.910 -5.288 9.970
v 43.332 -3.754 9.970
v 43.266 -3.608 9.970
v 39.845 -5.142 9.970
v -2.611 -24.231 10.150
v 43.283 -3.644 10.150
v 43.217 -3.498 10.150
v -2.677 -24.085 10.150
v -2.611 -24.231 10.270
v 43.283 -3.644 10.270
v 43.217 -3.498 10.270
v -2.677 -24.085 10.270
v -2.305 -24.181 10.450
v 43.589 -3.594 10.450
v 43.524 -3.448 10.450
v -2.370 -24.035 10.450
v -2.305 -24.181 10.570
v 43.589 -3.594 10.570
v 43.524 -3.448 10.570
v -2.370 -24.035 10.570
v -2.354 -24.072 10.750
v 43.266 -3.608 10.750
v 43.201 -3.462 10.750
v -2.419 -23.926 10.750
v -2.354 -24.072 10.870
v 43.266 -3.608 10.870
v 43.201 -3.462 10.870
v -2.419 -23.926 10.870
v -2.562 -24.341 11.050
v 43.332 -3.754 11.050
v 43.266 -3.608 11.050
v -2.628 -24.195 11.050
v -2.562 -24.341 11.170
v 43.332 -3.754 11.170
v 43.266 -3.608 11.170
v -2.628 -24.195 11.170
v -2.337 -24.108 11.350
v 43.557 -3.521 11.350
v 43.491 -3.375 11.350
v -2.403 -23.962 11.350
v -2.337 -24.108 11.470
v 43.557 -3.521 11.470
v 43.491 -3.375 11.470
v -2.403 -23.962 11.470
v -2.386 -24.196 4.500
v -2.240 -24.130 4.500
v -2.322 -23.948 4.500
v -2.468 -24.013 4.500
v -2.386 -24.196 11.700
v -2.240 -24.130 11.700
v -2.322 -23.948 11.700
v -2.468 -24.013 11.700
v 1.264 -22.559 4.500
v 1.410 -22.493 4.500
v 1.328 -22.311 4.500
v 1.182 -22.376 4.500
v 1.264 -22.559 11.700
v 1.410 -22.493 11.700
v 1.328 -22.311 11.700
v 1.182 -22.376 11.700
v 4.913 -20.922 4.500
v 5.059 -20.856 4.500
v 4.977 -20.674 4.500
v 4.831 -20.739 4.500
v 4.913 -20.922 11.700
v 5.059 -20.856 11.700
v 4.977 -20.674 11.700
v 4.831 -20.739 11.700
v 8.563 -19.285 4.500
v 8.709 -19.219 4.500
v 8.627 -19.037 4.500
v 8.481 -19.102 4.500
v 8.563 -19.285 11.700
v 8.709 -19.219 11.700
v 8.627 -19.037 11.700
v 8.481 -19.102 11.700
v 12.213 -17.647 4.500
v 12.359 -17.582 4.500
v 12.277 -17.399 4.500
v 12.131 -17.465 4.500
v 12.213 -17.647 11.700
v 12.359 -17.582 11.700
v 12.277 -17.399 11.700
v 12.131 -17.465 11.700
v 15.862 -16.010 4.500
v 16.008 -15.945 4.500
v 15.926 -15.762 4.500
v 15.780 -15.828 4.500
v 15.862 -16.010 11.700
v 16.008 -15.945 11.700
v 15.926 -15.762 11.700
v 15.780 -15.828 11.700
v 19.512 -14.373 4.500
v 19.658 -14.308 4.500
v 19.576 -14.125 4.500
v 19.430 -14.191 4.500
v 19.512 -14.373 11.700
v 19.658 -14.308 11.700
v 19.576 -14.125 11.700
v 19.430 -14.191 11.700
v 23.161 -12.736 4.500
v 23.307 -12.670 4.500
v 23.226 -12.488 4.500
v 23.080 -12.553 4.500
v 23.161 -12.736 11.700
v 23.307 -12.670 11.700
v 23.226 -12.488 11.700
v 23.080 -12.553 11.700
v 26.811 -11.099 4.500
v 26.957 -11.033 4.500
v 26.875 -10.851 4.500
v 26.729 -10.916 4.500
v 26.811 -11.099 11.700
v 26.957 -11.033 11.700
v 26.875 -10.851 11.700
v 26.729 -10.916 11.700
v 30.461 -9.462 4.500
v 30.607 -9.396 4.500
v 30.525 -9.214 4.500
v 30.379 -9.279 4.500
v 30.461 -9.462 11.700
v 30.607 -9.396 11.700
v 30.525 -9.214 11.700
v 30.379 -9.279 11.700
v 34.110 -7.824 4.500
v 34.256 -7.759 4.500
v 34.174 -7.577 4.500
v 34.028 -7.642 4.500
v 34.110 -7.824 11.700
v 34.256 -7.759 11.700
v 34.174 -7.577 11.700
v 34.028 -7.642 11.700
v 37.760 -6.187 4.500
v 37.906 -6.122 4.500
v 37.824 -5.939 4.500
v 37.678 -6.005 4.500
v 37.760 -6.187 11.700
v 37.906 -6.122 11.700
v 37.824 -5.939 11.700
v 37.678 -6.005 11.700
v 41.410 -4.550 4.500
v 41.556 -4.485 4.500
v 41.474 -4.302 4.500
v 41.328 -4.368 4.500
v 41.410 -4.550 11.700
v 41.556 -4.485 11.700
v 41.474 -4.302 11.700
v 41.328 -4.368 11.700
v -26.761 -35.020 0.000
v -25.392 -34.406 0.000
v -31.122 -21.633 0.000
v -32.491 -22.247 0.000
v -26.761 -35.020 4.500
v -25.392 -34.406 4.500
v -31.122 -21.633 4.500
v -32.491 -22.247 4.500
v -26.841 -34.474 4.500
v -25.746 -33.983 4.500
v -31.259 -21.694 4.500
v -32.354 -22.185 4.500
v -26.841 -34.474 4.800
v -25.746 -33.983 4.800
v -31.259 -21.694 4.800
v -32.354 -22.185 4.800
v -26.841 -34.474 4.800
v -25.746 -33.983 4.800
v -31.259 -21.694 4.800
v -32.354 -22.185 4.800
v -26.841 -34.474 5.100
v -25.746 -33.983 5.100
v -31.259 -21.694 5.100
v -32.354 -22.185 5.100
v -26.841 -34.474 5.100
v -25.746 -33.983 5.100
v -31.259 -21.694 5.100
v -32.354 -22.185 5.100
v -26.841 -34.474 5.400
v -25.746 -33.983 5.400
v -31.259 -21.694 5.400
v -32.354 -22.185 5.400
v -26.841 -34.474 5.400
v -25.746 -33.983 5.400
v -31.259 -21.694 5.400
v -32.354 -22.185 5.400
v -26.841 -34.474 5.700
v -25.746 -33.983 5.700
v -31.259 -21.694 5.700
v -32.354 -22.185 5.700
v -26.841 -34.474 5.700
v -25.746 -33.983 5.700
v -31.259 -21.694 5.700
v -32.354 -22.185 5.700
v -26.841 -34.474 6.000
v -25.746 -33.983 6.000
v -31.259 -21.694 6.000
v -32.354 -22.185 6.000
v -26.841 -34.474 6.000
v -25.746 -33.983 6.000
v -31.259 -21.694 6.000
v -32.354 -22.185 6.000
v -26.841 -34.474 6.300
v -25.746 -33.983 6.300
v -31.259 -21.694 6.300
v -32.354 -22.185 6.300
v -26.841 -34.474 6.300
v -25.746 -33.983 6.300
v -31.259 -21.694 6.300
v -32.354 -22.185 6.300
v -26.841 -34.474 6.600
v -25.746 -33.983 6.600
v -31.259 -21.694 6.600
v -32.354 -22.185 6.600
v -26.841 -34.474 6.600
v -25.746 -33.983 6.600
v -31.259 -21.694 6.600
v -32.354 -22.185 6.600
v -26.841 -34.474 6.900
v -25.746 -33.983 6.900
v -31.259 -21.694 6.900
v -32.354 -22.185 6.900
v -26.841 -34.474 6.900
v -25.746 -33.983 6.900
v -31.259 -21.694 6.900
v -32.354 -22.185 6.900
v -26.841 -34.474 7.200
v -25.746 -33.983 7.200
v -31.259 -21.694 7.200
v -32.354 -22.185 7.200
v -26.841 -34.474 7.200
v -25.746 -33.983 7.200
v -31.259 -21.694 7.200
v -32.354 -22.185 7.200
v -26.841 -34.474 7.500
v -25.746 -33.983 7.500
v -31.259 -21.694 7.500
v -32.354 -22.185 7.500
v -26.841 -34.474 7.500
v -25.746 -33.983 7.500
v -31.259 -21.694 7.500
v -32.354 -22.185 7.500
v -26.841 -34.474 7.800
v -25.746 -33.983 7.800
v -31.259 -21.694 7.800
v -32.354 -22.185 7.800
v -26.841 -34.474 7.800
v -25.746 -33.983 7.800
v -31.259 -21.694 7.800
v -32.354 -22.185 7.800
v -26.841 -34.474 8.100
v -25.746 -33.983 8.100
v -31.259 -21.694 8.100
v -32.354 -22.185 8.100
v -26.841 -34.474 8.100
v -25.746 -33.983 8.100
v -31.259 -21.694 8.100
v -32.354 -22.185 8.100
v -26.841 -34.474 8.400
v -25.746 -33.983 8.400
v -31.259 -21.694 8.400
v -32.354 -22.185 8.400
v -26.841 -34.474 8.400
v -25.746 -33.983 8.400
v -31.259 -21.694 8.400
v -32.354 -22.185 8.400
v -26.841 -34.474 8.700
v -25.746 -33.983 8.700
v -31.259 -21.694 8.700
v -32.354 -22.185 8.700
v -26.841 -34.474 8.700
v -25.746 -33.983 8.700
v -31.259 -21.694 8.700
v -32.354 -22.185 8.700
v -26.841 -34.474 9.000
v -25.746 -33.983 9.000
v -31.259 -21.694 9.000
v -32.354 -22.185 9.000
v -26.841 -34.474 9.000
v -25.746 -33.983 9.000
v -31.259 -21.694 9.000
v -32.354 -22.185 9.000
v -26.841 -34.474 9.300
v -25.746 -33.983 9.300
v -31.259 -21.694 9.300
v -32.354 -22.185 9.300
v -26.841 -34.474 9.300
v -25.746 -33.983 9.300
v -31.259 -21.694 9.300
v -32.354 -22.185 9.300
v -26.841 -34.474 9.600
v -25.746 -33.983 9.600
v -31.259 -21.694 9.600
v -32.354 -22.185 9.600
v -26.841 -34.474 9.600
v -25.746 -33.983 9.600
v -31.259 -21.694 9.600
v -32.354 -22.185 9.600
v -26.841 -34.474 9.900
v -25.746 -33.983 9.900
v -31.259 -21.694 9.900
v -32.354 -22.185 9.900
v -26.841 -34.474 9.900
v -25.746 -33.983 9.900
v -31.259 -21.694 9.900
v -32.354 -22.185 9.900
v -26.841 -34.474 10.200
v -25.746 -33.983 10.200
v -31.259 -21.694 10.200
v -32.354 -22.185 10.200
v -26.841 -34.474 10.200
v -25.746 -33.983 10.200
v -31.259 -21.694 10.200
v -32.354 -22.185 10.200
v -26.841 -34.474 10.500
v -25.746 -33.983 10.500
v -31.259 -21.694 10.500
v -32.354 -22.185 10.500
v -26.841 -34.474 10.500
v -25.746 -33.983 10.500
v -31.259 -21.694 10.500
v -32.354 -22.185 10.500
v -26.841 -34.474 10.800
v -25.746 -33.983 10.800
v -31.259 -21.694 10.800
v -32.354 -22.185 10.800
v -26.841 -34.474 10.800
v -25.746 -33.983 10.800
v -31.259 -21.694 10.800
v -32.354 -22.185 10.800
v -26.841 -34.474 11.100
v -25.746 -33.983 11.100
v -31.259 -21.694 11.100
v -32.354 -22.185 11.100
v -26.841 -34.474 11.100
v -25.746 -33.983 11.100
v -31.259 -21.694 11.100
v -32.354 -22.185 11.100
v -26.841 -34.474 11.400
v -25.746 -33.983 11.400
v -31.259 -21.694 11.400
v -32.354 -22.185 11.400
v -26.841 -34.474 11.400
v -25.746 -33.983 11.400
v -31.259 -21.694 11.400
v -32.354 -22.185 11.400
v -26.841 -34.474 11.700
v -25.746 -33.983 11.700
v -31.259 -21.694 11.700
v -32.354 -22.185 11.700
v -26.841 -34.474 11.700
v -25.746 -33.983 11.700
v -31.259 -21.694 11.700
v -32.354 -22.185 11.700
v -26.841 -34.474 12.000
v -25.746 -33.983 12.000
v -31.259 -21.694 12.000
v -32.354 -22.185 12.000
v -27.048 -34.014 12.000
v -25.953 -33.523 12.000
v -31.259 -21.694 12.000
v -32.354 -22.185 12.000
v -27.048 -34.014 12.300
v -25.953 -33.523 12.300
v -31.259 -21.694 12.300
v -32.354 -22.185 12.300
v -27.563 -32.865 12.300
v -26.468 -32.374 12.300
v -31.259 -21.694 12.300
v -32.354 -22.185 12.300
v -27.563 -32.865 12.600
v -26.468 -32.374 12.600
v -31.259 -21.694 12.600
v -32.354 -22.185 12.600
v -28.079 -31.715 12.600
v -26.984 -31.224 12.600
v -31.259 -21.694 12.600
v -32.354 -22.185 12.600
v -28.079 -31.715 12.900
v -26.984 -31.224 12.900
v -31.259 -21.694 12.900
v -32.354 -22.185 12.900
v -28.595 -30.566 12.900
v -27.500 -30.074 12.900
v -31.259 -21.694 12.900
v -32.354 -22.185 12.900
v -28.595 -30.566 13.200
v -27.500 -30.074 13.200
v -31.259 -21.694 13.200
v -32.354 -22.185 13.200
v -29.110 -29.416 13.200
v -28.015 -28.925 13.200
v -31.259 -21.694 13.200
v -32.354 -22.185 13.200
v -29.110 -29.416 13.500
v -28.015 -28.925 13.500
v -31.259 -21.694 13.500
v -32.354 -22.185 13.500
v -29.626 -28.266 13.500
v -28.531 -27.775 13.500
v -31.259 -21.694 13.500
v -32.354 -22.185 13.500
v -29.626 -28.266 13.800
v -28.531 -27.775 13.800
v -31.259 -21.694 13.800
v -32.354 -22.185 13.800
v -30.142 -27.117 13.800
v -29.047 -26.625 13.800
v -31.259 -21.694 13.800
v -32.354 -22.185 13.800
v -30.142 -27.117 14.100
v -29.047 -26.625 14.100
v -31.259 -21.694 14.100
v -32.354 -22.185 14.100
v -30.657 -25.967 14.100
v -29.563 -25.476 14.100
v -31.259 -21.694 14.100
v -32.354 -22.185 14.100
v -30.657 -25.967 14.400
v -29.563 -25.476 14.400
v -31.259 -21.694 14.400
v -32.354 -22.185 14.400
v -31.173 -24.817 14.400
v -30.078 -24.326 14.400
v -31.259 -21.694 14.400
v -32.354 -22.185 14.400
v -31.173 -24.817 14.700
v -30.078 -24.326 14.700
v -31.259 -21.694 14.700
v -32.354 -22.185 14.700
v -31.689 -23.668 14.700
v -30.594 -23.177 14.700
v -31.259 -21.694 14.700
v -32.354 -22.185 14.700
v -31.689 -23.668 15.000
v -30.594 -23.177 15.000
v -31.259 -21.694 15.000
v -32.354 -22.185 15.000
v -32.205 -22.518 15.000
v -31.110 -22.027 15.000
v -31.259 -21.694 15.000
v -32.354 -22.185 15.000
v -32.205 -22.518 15.300
v -31.110 -22.027 15.300
v -31.259 -21.694 15.300
v -32.354 -22.185 15.300
v -38.221 -9.473 0.000
v -36.852 -8.859 0.000
v -42.582 3.915 0.000
v -43.951 3.301 0.000
v -38.221 -9.473 4.500
v -36.852 -8.859 4.500
v -42.582 3.915 4.500
v -43.951 3.301 4.500
v -37.536 -9.166 4.750
v -37.390 -9.101 4.750
v -42.903 3.188 4.750
v -43.049 3.123 4.750
v -37.536 -9.166 4.870
v -37.390 -9.101 4.870
v -42.903 3.188 4.870
v -43.049 3.123 4.870
v -37.682 -9.232 5.050
v -37.536 -9.166 5.050
v -43.049 3.123 5.050
v -43.195 3.057 5.050
v -37.682 -9.232 5.170
v -37.536 -9.166 5.170
v -43.049 3.123 5.170
v -43.195 3.057 5.170
v -37.573 -9.182 5.350
v -37.427 -9.117 5.350
v -42.940 3.172 5.350
v -43.086 3.107 5.350
v -37.573 -9.182 5.470
v -37.427 -9.117 5.470
v -42.940 3.172 5.470
v -43.086 3.107 5.470
v -37.646 -9.215 5.650
v -37.500 -9.150 5.650
v -43.013 3.139 5.650
v -43.158 3.074 5.650
v -37.646 -9.215 5.770
v -37.500 -9.150 5.770
v -43.013 3.139 5.770
v -43.158 3.074 5.770
v -37.536 -9.166 5.950
v -37.390 -9.101 5.950
v -42.903 3.188 5.950
v -43.049 3.123 5.950
v -37.536 -9.166 6.070
v -37.390 -9.101 6.070
v -42.903 3.188 6.070
v -43.049 3.123 6.070
v -37.682 -9.232 6.250
v -37.536 -9.166 6.250
v -43.049 3.123 6.250
v -43.195 3.057 6.250
v -37.682 -9.232 6.370
v -37.536 -9.166 6.370
v -43.049 3.123 6.370
v -43.195 3.057 6.370
v -37.573 -9.182 6.550
v -37.427 -9.117 6.550
v -42.940 3.172 6.550
v -43.086 3.107 6.550
v -37.573 -9.182 6.670
v -37.427 -9.117 6.670
v -42.940 3.172 6.670
v -43.086 3.107 6.670
v -37.646 -9.215 6.850
v -37.500 -9.150 6.850
v -43.013 3.139 6.850
v -43.158 3.074 6.850
v -37.646 -9.215 6.970
v -37.500 -9.150 6.970
v -43.013 3.139 6.970
v -43.158 3.074 6.970
v -37.536 -9.166 7.150
v -37.390 -9.101 7.150
v -42.903 3.188 7.150
v -43.049 3.123 7.150
v -37.536 -9.166 7.270
v -37.390 -9.101 7.270
v -42.903 3.188 7.270
v -43.049 3.123 7.270
v -37.682 -9.232 7.450
v -37.536 -9.166 7.450
v -43.049 3.123 7.450
v -43.195 3.057 7.450
v -37.682 -9.232 7.570
v -37.536 -9.166 7.570
v -43.049 3.123 7.570
v -43.195 3.057 7.570
v -37.573 -9.182 7.750
v -37.427 -9.117 7.750
v -42.940 3.172 7.750
v -43.086 3.107 7.750
v -37.573 -9.182 7.870
v -37.427 -9.117 7.870
v -42.940 3.172 7.870
v -43.086 3.107 7.870
v -37.646 -9.215 8.050
v -37.500 -9.150 8.050
v -43.013 3.139 8.050
v -43.158 3.074 8.050
v -37.646 -9.215 8.170
v -37.500 -9.150 8.170
v -43.013 3.139 8.170
v -43.158 3.074 8.170
v -37.536 -9.166 8.350
v -37.390 -9.101 8.350
v -42.903 3.188 8.350
v -43.049 3.123 8.350
v -37.536 -9.166 8.470
v -37.390 -9.101 8.470
v -42.903 3.188 8.470
v -43.049 3.123 8.470
v -37.682 -9.232 8.650
v -37.536 -9.166 8.650
v -43.049 3.123 8.650
v -43.195 3.057 8.650
v -37.682 -9.232 8.770
v -37.536 -9.166 8.770
v -43.049 3.123 8.770
v -43.195 3.057 8.770
v -37.573 -9.182 8.950
v -37.427 -9.117 8.950
v -42.940 3.172 8.950
v -43.086 3.107 8.950
v -37.573 -9.182 9.070
v -37.427 -9.117 9.070
v -42.940 3.172 9.070
v -43.086 3.107 9.070
v -37.646 -9.215 9.250
v -37.500 -9.150 9.250
v -43.013 3.139 9.250
v -43.158 3.074 9.250
v -37.646 -9.215 9.370
v -37.500 -9.150 9.370
v -43.013 3.139 9.370
v -43.158 3.074 9.370
v -37.536 -9.166 9.550
v -37.390 -9.101 9.550
v -42.903 3.188 9.550
v -43.049 3.123 9.550
v -37.536 -9.166 9.670
v -37.390 -9.101 9.670
v -42.903 3.188 9.670
v -43.049 3.123 9.670
v -37.682 -9.232 9.850
v -37.536 -9.166 9.850
v -43.049 3.123 9.850
v -43.195 3.057 9.850
v -37.682 -9.232 9.970
v -37.536 -9.166 9.970
v -43.049 3.123 9.970
v -43.195 3.057 9.970
v -37.573 -9.182 10.150
v -37.427 -9.117 10.150
v -42.940 3.172 10.150
v -43.086 3.107 10.150
v -37.573 -9.182 10.270
v -37.427 -9.117 10.270
v -42.940 3.172 10.270
v -43.086 3.107 10.270
v -37.646 -9.215 10.450
v -37.500 -9.150 10.450
v -43.013 3.139 10.450
v -43.158 3.074 10.450
v -37.646 -9.215 10.570
v -37.500 -9.150 10.570
v -43.013 3.139 10.570
v -43.158 3.074 10.570
v -37.536 -9.166 10.750
v -37.390 -9.101 10.750
v -42.903 3.188 10.750
v -43.049 3.123 10.750
v -37.536 -9.166 10.870
v -37.390 -9.101 10.870
v -42.903 3.188 10.870
v -43.049 3.123 10.870
v -37.682 -9.232 11.050
v -37.536 -9.166 11.050
v -43.049 3.123 11.050
v -43.195 3.057 11.050
v -37.682 -9.232 11.170
v -37.536 -9.166 11.170
v -43.049 3.123 11.170
v -43.195 3.057 11.170
v -37.573 -9.182 11.350
v -37.427 -9.117 11.350
v -42.940 3.172 11.350
v -43.086 3.107 11.350
v -37.573 -9.182 11.470
v -37.427 -9.117 11.470
v -42.940 3.172 11.470
v -43.086 3.107 11.470
v -37.646 -9.215 11.650
v -37.500 -9.150 11.650
v -43.013 3.139 11.650
v -43.158 3.074 11.650
v -37.646 -9.215 11.770
v -37.500 -9.150 11.770
v -43.013 3.139 11.770
v -43.158 3.074 11.770
v -37.536 -9.166 11.950
v -37.390 -9.101 11.950
v -42.783 2.920 11.950
v -42.929 2.855 11.950
v -37.536 -9.166 12.070
v -37.390 -9.101 12.070
v -42.783 2.920 12.070
v -42.929 2.855 12.070
v -37.682 -9.232 12.250
v -37.536 -9.166 12.250
v -42.413 1.705 12.250
v -42.559 1.640 12.250
v -37.682 -9.232 12.370
v -37.536 -9.166 12.370
v -42.413 1.705 12.370
v -42.559 1.640 12.370
v -37.573 -9.182 12.550
v -37.427 -9.117 12.550
v -41.788 0.605 12.550
v -41.934 0.539 12.550
v -37.573 -9.182 12.670
v -37.427 -9.117 12.670
v -41.788 0.605 12.670
v -41.934 0.539 12.670
v -37.646 -9.215 12.850
v -37.500 -9.150 12.850
v -41.345 -0.578 12.850
v -41.491 -0.643 12.850
v -37.646 -9.215 12.970
v -37.500 -9.150 12.970
v -41.345 -0.578 12.970
v -41.491 -0.643 12.970
v -37.536 -9.166 13.150
v -37.390 -9.101 13.150
v -40.720 -1.678 13.150
v -40.866 -1.744 13.150
v -37.536 -9.166 13.270
v -37.390 -9.101 13.270
v -40.720 -1.678 13.270
v -40.866 -1.744 13.270
v -37.682 -9.232 13.450
v -37.536 -9.166 13.450
v -40.350 -2.893 13.450
v -40.496 -2.959 13.450
v -37.682 -9.232 13.570
v -37.536 -9.166 13.570
v -40.350 -2.893 13.570
v -40.496 -2.959 13.570
v -37.573 -9.182 13.750
v -37.427 -9.117 13.750
v -39.725 -3.994 13.750
v -39.871 -4.059 13.750
v -37.573 -9.182 13.870
v -37.427 -9.117 13.870
v -39.725 -3.994 13.870
v -39.871 -4.059 13.870
v -37.646 -9.215 14.050
v -37.500 -9.150 14.050
v -39.282 -5.176 14.050
v -39.428 -5.242 14.050
v -37.646 -9.215 14.170
v -37.500 -9.150 14.170
v -39.282 -5.176 14.170
v -39.428 -5.242 14.170
v -37.536 -9.166 14.350
v -37.390 -9.101 14.350
v -38.657 -6.277 14.350
v -38.803 -6.342 14.350
v -37.536 -9.166 14.470
v -37.390 -9.101 14.470
v -38.657 -6.277 14.470
v -38.803 -6.342 14.470
v -37.682 -9.232 14.650
v -37.536 -9.166 14.650
v -38.287 -7.492 14.650
v -38.433 -7.557 14.650
v -37.682 -9.232 14.770
v -37.536 -9.166 14.770
v -38.287 -7.492 14.770
v -38.433 -7.557 14.770
v -37.573 -9.182 14.950
v -37.427 -9.117 14.950
v -37.662 -8.593 14.950
v -37.808 -8.658 14.950
v -37.573 -9.182 15.070
v -37.427 -9.117 15.070
v -37.662 -8.593 15.070
v -37.808 -8.658 15.070
v 42.582 -3.915 0.000
v 43.951 -3.301 0.000
v 38.221 9.473 0.000
v 36.852 8.859 0.000
v 42.582 -3.915 4.500
v 43.951 -3.301 4.500
v 38.221 9.473 4.500
v 36.852 8.859 4.500
v 43.049 -3.123 4.750
v 43.195 -3.057 4.750
v 37.682 9.232 4.750
v 37.536 9.166 4.750
v 43.049 -3.123 4.870
v 43.195 -3.057 4.870
v 37.682 9.232 4.870
v 37.536 9.166 4.870
v 42.903 -3.188 5.050
v 43.049 -3.123 5.050
v 37.536 9.166 5.050
v 37.390 9.101 5.050
v 42.903 -3.188 5.170
v 43.049 -3.123 5.170
v 37.536 9.166 5.170
v 37.390 9.101 5.170
v 43.013 -3.139 5.350
v 43.158 -3.074 5.350
v 37.646 9.215 5.350
v 37.500 9.150 5.350
v 43.013 -3.139 5.470
v 43.158 -3.074 5.470
v 37.646 9.215 5.470
v 37.500 9.150 5.470
v 42.940 -3.172 5.650
v 43.086 -3.107 5.650
v 37.573 9.182 5.650
v 37.427 9.117 5.650
v 42.940 -3.172 5.770
v 43.086 -3.107 5.770
v 37.573 9.182 5.770
v 37.427 9.117 5.770
v 43.049 -3.123 5.950
v 43.195 -3.057 5.950
v 37.682 9.232 5.950
v 37.536 9.166 5.950
v 43.049 -3.123 6.070
v 43.195 -3.057 6.070
v 37.682 9.232 6.070
v 37.536 9.166 6.070
v 42.903 -3.188 6.250
v 43.049 -3.123 6.250
v 37.536 9.166 6.250
v 37.390 9.101 6.250
v 42.903 -3.188 6.370
v 43.049 -3.123 6.370
v 37.536 9.166 6.370
v 37.390 9.101 6.370
v 43.013 -3.139 6.550
v 43.158 -3.074 6.550
v 37.646 9.215 6.550
v 37.500 9.150 6.550
v 43.013 -3.139 6.670
v 43.158 -3.074 6.670
v 37.646 9.215 6.670
v 37.500 9.150 6.670
v 42.940 -3.172 6.850
v 43.086 -3.107 6.850
v 37.573 9.182 6.850
v 37.427 9.117 6.850
v 42.940 -3.172 6.970
v 43.086 -3.107 6.970
v 37.573 9.182 6.970
v 37.427 9.117 6.970
v 43.049 -3.123 7.150
v 43.195 -3.057 7.150
v 37.682 9.232 7.150
v 37.536 9.166 7.150
v 43.049 -3.123 7.270
v 43.195 -3.057 7.270
v 37.682 9.232 7.270
v 37.536 9.166 7.270
v 42.903 -3.188 7.450
v 43.049 -3.123 7.450
v 37.536 9.166 7.450
v 37.390 9.101 7.450
v 42.903 -3.188 7.570
v 43.049 -3.123 7.570
v 37.536 9.166 7.570
v 37.390 9.101 7.570
v 43.013 -3.139 7.750
v 43.158 -3.074 7.750
v 37.646 9.215 7.750
v 37.500 9.150 7.750
v 43.013 -3.139 7.870
v 43.158 -3.074 7.870
v 37.646 9.215 7.870
v 37.500 9.150 7.870
v 42.940 -3.172 8.050
v 43.086 -3.107 8.050
v 37.573 9.182 8.050
v 37.427 9.117 8.050
v 42.940 -3.172 8.170
v 43.086 -3.107 8.170
v 37.573 9.182 8.170
v 37.427 9.117 8.170
v 43.049 -3.123 8.350
v 43.195 -3.057 8.350
v 37.682 9.232 8.350
v 37.536 9.166 8.350
v 43.049 -3.123 8.470
v 43.195 -3.057 8.470
v 37.682 9.232 8.470
v 37.536 9.166 8.470
v 42.903 -3.188 8.650
v 43.049 -3.123 8.650
v 37.536 9.166 8.650
v 37.390 9.101 8.650
v 42.903 -3.188 8.770
v 43.049 -3.123 8.770
v 37.536 9.166 8.770
v 37.390 9.101 8.770
v 43.013 -3.139 8.950
v 43.158 -3.074 8.950
v 37.646 9.215 8.950
v 37.500 9.150 8.950
v 43.013 -3.139 9.070
v 43.158 -3.074 9.070
v 37.646 9.215 9.070
v 37.500 9.150 9.070
v 42.940 -3.172 9.250
v 43.086 -3.107 9.250
v 37.573 9.182 9.250
v 37.427 9.117 9.250
v 42.940 -3.172 9.370
v 43.086 -3.107 9.370
v 37.573 9.182 9.370
v 37.427 9.117 9.370
v 43.049 -3.123 9.550
v 43.195 -3.057 9.550
v 37.682 9.232 9.550
v 37.536 9.166 9.550
v 43.049 -3.123 9.670
v 43.195 -3.057 9.670
v 37.682 9.232 9.670
v 37.536 9.166 9.670
v 42.903 -3.188 9.850
v 43.049 -3.123 9.850
v 37.536 9.166 9.850
v 37.390 9.101 9.850
v 42.903 -3.188 9.970
v 43.049 -3.123 9.970
v 37.536 9.166 9.970
v 37.390 9.101 9.970
v 43.013 -3.139 10.150
v 43.158 -3.074 10.150
v 37.646 9.215 10.150
v 37.500 9.150 10.150
v 43.013 -3.139 10.270
v 43.158 -3.074 10.270
v 37.646 9.215 10.270
v 37.500 9.150 10.270
v 42.940 -3.172 10.450
v 43.086 -3.107 10.450
v 37.573 9.182 10.450
v 37.427 9.117 10.450
v 42.940 -3.172 10.570
v 43.086 -3.107 10.570
v 37.573 9.182 10.570
v 37.427 9.117 10.570
v 43.049 -3.123 10.750
v 43.195 -3.057 10.750
v 37.682 9.232 10.750
v 37.536 9.166 10.750
v 43.049 -3.123 10.870
v 43.195 -3.057 10.870
v 37.682 9.232 10.870
v 37.536 9.166 10.870
v 42.903 -3.188 11.050
v 43.049 -3.123 11.050
v 37.536 9.166 11.050
v 37.390 9.101 11.050
v 42.903 -3.188 11.170
v 43.049 -3.123 11.170
v 37.536 9.166 11.170
v 37.390 9.101 11.170
v 43.013 -3.139 11.350
v 43.158 -3.074 11.350
v 37.646 9.215 11.350
v 37.500 9.150 11.350
v 43.013 -3.139 11.470
v 43.158 -3.074 11.470
v 37.646 9.215 11.470
v 37.500 9.150 11.470
v 42.940 -3.172 11.650
v 43.086 -3.107 11.650
v 37.573 9.182 11.650
v 37.427 9.117 11.650
v 42.940 -3.172 11.770
v 43.086 -3.107 11.770
v 37.573 9.182 11.770
v 37.427 9.117 11.770
v 42.929 -2.855 11.950
v 43.075 -2.789 11.950
v 37.682 9.232 11.950
v 37.536 9.166 11.950
v 42.929 -2.855 12.070
v 43.075 -2.789 12.070
v 37.682 9.232 12.070
v 37.536 9.166 12.070
v 42.267 -1.771 12.250
v 42.413 -1.705 12.250
v 37.536 9.166 12.250
v 37.390 9.101 12.250
v 42.267 -1.771 12.370
v 42.413 -1.705 12.370
v 37.536 9.166 12.370
v 37.390 9.101 12.370
v 41.861 -0.572 12.550
v 42.007 -0.506 12.550
v 37.646 9.215 12.550
v 37.500 9.150 12.550
v 41.861 -0.572 12.670
v 42.007 -0.506 12.670
v 37.646 9.215 12.670
v 37.500 9.150 12.670
v 41.272 0.545 12.850
v 41.418 0.611 12.850
v 37.573 9.182 12.850
v 37.427 9.117 12.850
v 41.272 0.545 12.970
v 41.418 0.611 12.970
v 37.573 9.182 12.970
v 37.427 9.117 12.970
v 40.866 1.744 13.150
v 41.012 1.809 13.150
v 37.682 9.232 13.150
v 37.536 9.166 13.150
v 40.866 1.744 13.270
v 41.012 1.809 13.270
v 37.682 9.232 13.270
v 37.536 9.166 13.270
v 40.204 2.828 13.450
v 40.350 2.893 13.450
v 37.536 9.166 13.450
v 37.390 9.101 13.450
v 40.204 2.828 13.570
v 40.350 2.893 13.570
v 37.536 9.166 13.570
v 37.390 9.101 13.570
v 39.798 4.027 13.750
v 39.944 4.092 13.750
v 37.646 9.215 13.750
v 37.500 9.150 13.750
v 39.798 4.027 13.870
v 39.944 4.092 13.870
v 37.646 9.215 13.870
v 37.500 9.150 13.870
v 39.209 5.144 14.050
v 39.355 5.209 14.050
v 37.573 9.182 14.050
v 37.427 9.117 14.050
v 39.209 5.144 14.170
v 39.355 5.209 14.170
v 37.573 9.182 14.170
v 37.427 9.117 14.170
v 38.803 6.342 14.350
v 38.949 6.408 14.350
v 37.682 9.232 14.350
v 37.536 9.166 14.350
v 38.803 6.342 14.470
v 38.949 6.408 14.470
v 37.682 9.232 14.470
v 37.536 9.166 14.470
v 38.141 7.427 14.650
v 38.287 7.492 14.650
v 37.536 9.166 14.650
v 37.390 9.101 14.650
v 38.141 7.427 14.770
v 38.287 7.492 14.770
v 37.536 9.166 14.770
v 37.390 9.101 14.770
v 37.735 8.625 14.950
v 37.881 8.691 14.950
v 37.646 9.215 14.950
v 37.500 9.150 14.950
v 37.735 8.625 15.070
v 37.881 8.691 15.070
v 37.646 9.215 15.070
v 37.500 9.150 15.070
v 31.122 21.633 0.000
v 32.491 22.247 0.000
v 26.761 35.020 0.000
v 25.392 34.406 0.000
v 31.122 21.633 4.500
v 32.491 22.247 4.500
v 26.761 35.020 4.500
v 25.392 34.406 4.500
v 31.806 21.940 4.750
v 31.952 22.005 4.750
v 26.440 34.294 4.750
v 26.294 34.229 4.750
v 31.806 21.940 4.870
v 31.952 22.005 4.870
v 26.440 34.294 4.870
v 26.294 34.229 4.870
v 31.660 21.874 5.050
v 31.806 21.940 5.050
v 26.294 34.229 5.050
v 26.148 34.163 5.050
v 31.660 21.874 5.170
v 31.806 21.940 5.170
v 26.294 34.229 5.170
v 26.148 34.163 5.170
v 31.770 21.923 5.350
v 31.916 21.989 5.350
v 26.403 34.278 5.350
v 26.257 34.212 5.350
v 31.770 21.923 5.470
v 31.916 21.989 5.470
v 26.403 34.278 5.470
v 26.257 34.212 5.470
v 31.697 21.891 5.650
v 31.843 21.956 5.650
v 26.330 34.245 5.650
v 26.184 34.180 5.650
v 31.697 21.891 5.770
v 31.843 21.956 5.770
v 26.330 34.245 5.770
v 26.184 34.180 5.770
v 31.806 21.940 5.950
v 31.952 22.005 5.950
v 26.440 34.294 5.950
v 26.294 34.229 5.950
v 31.806 21.940 6.070
v 31.952 22.005 6.070
v 26.440 34.294 6.070
v 26.294 34.229 6.070
v 31.660 21.874 6.250
v 31.806 21.940 6.250
v 26.294 34.229 6.250
v 26.148 34.163 6.250
v 31.660 21.874 6.370
v 31.806 21.940 6.370
v 26.294 34.229 6.370
v 26.148 34.163 6.370
v 31.770 21.923 6.550
v 31.916 21.989 6.550
v 26.403 34.278 6.550
v 26.257 34.212 6.550
v 31.770 21.923 6.670
v 31.916 21.989 6.670
v 26.403 34.278 6.670
v 26.257 34.212 6.670
v 31.697 21.891 6.850
v 31.843 21.956 6.850
v 26.330 34.245 6.850
v 26.184 34.180 6.850
v 31.697 21.891 6.970
v 31.843 21.956 6.970
v 26.330 34.245 6.970
v 26.184 34.180 6.970
v 31.806 21.940 7.150
v 31.952 22.005 7.150
v 26.440 34.294 7.150
v 26.294 34.229 7.150
v 31.806 21.940 7.270
v 31.952 22.005 7.270
v 26.440 34.294 7.270
v 26.294 34.229 7.270
v 31.660 21.874 7.450
v 31.806 21.940 7.450
v 26.294 34.229 7.450
v 26.148 34.163 7.450
v 31.660 21.874 7.570
v 31.806 21.940 7.570
v 26.294 34.229 7.570
v 26.148 34.163 7.570
v 31.770 21.923 7.750
v 31.916 21.989 7.750
v 26.403 34.278 7.750
v 26.257 34.212 7.750
v 31.770 21.923 7.870
v 31.916 21.989 7.870
v 26.403 34.278 7.870
v 26.257 34.212 7.870
v 31.697 21.891 8.050
v 31.843 21.956 8.050
v 26.330 34.245 8.050
v 26.184 34.180 8.050
v 31.697 21.891 8.170
v 31.843 21.956 8.170
v 26.330 34.245 8.170
v 26.184 34.180 8.170
v 31.806 21.940 8.350
v 31.952 22.005 8.350
v 26.440 34.294 8.350
v 26.294 34.229 8.350
v 31.806 21.940 8.470
v 31.952 22.005 8.470
v 26.440 34.294 8.470
v 26.294 34.229 8.470
v 31.660 21.874 8.650
v 31.806 21.940 8.650
v 26.294 34.229 8.650
v 26.148 34.163 8.650
v 31.660 21.874 8.770
v 31.806 21.940 8.770
v 26.294 34.229 8.770
v 26.148 34.163 8.770
v 31.770 21.923 8.950
v 31.916 21.989 8.950
v 26.403 34.278 8.950
v 26.257 34.212 8.950
v 31.770 21.923 9.070
v 31.916 21.989 9.070
v 26.403 34.278 9.070
v 26.257 34.212 9.070
v 31.697 21.891 9.250
v 31.843 21.956 9.250
v 26.330 34.245 9.250
v 26.184 34.180 9.250
v 31.697 21.891 9.370
v 31.843 21.956 9.370
v 26.330 34.245 9.370
v 26.184 34.180 9.370
v 31.806 21.940 9.550
v 31.952 22.005 9.550
v 26.440 34.294 9.550
v 26.294 34.229 9.550
v 31.806 21.940 9.670
v 31.952 22.005 9.670
v 26.440 34.294 9.670
v 26.294 34.229 9.670
v 31.660 21.874 9.850
v 31.806 21.940 9.850
v 26.294 34.229 9.850
v 26.148 34.163 9.850
v 31.660 21.874 9.970
v 31.806 21.940 9.970
v 26.294 34.229 9.970
v 26.148 34.163 9.970
v 31.770 21.923 10.150
v 31.916 21.989 10.150
v 26.403 34.278 10.150
v 26.257 34.212 10.150
v 31.770 21.923 10.270
v 31.916 21.989 10.270
v 26.403 34.278 10.270
v 26.257 34.212 10.270
v 31.697 21.891 10.450
v 31.843 21.956 10.450
v 26.330 34.245 10.450
v 26.184 34.180 10.450
v 31.697 21.891 10.570
v 31.843 21.956 10.570
v 26.330 34.245 10.570
v 26.184 34.180 10.570
v 31.806 21.940 10.750
v 31.952 22.005 10.750
v 26.440 34.294 10.750
v 26.294 34.229 10.750
v 31.806 21.940 10.870
v 31.952 22.005 10.870
v 26.440 34.294 10.870
v 26.294 34.229 10.870
v 31.660 21.874 11.050
v 31.806 21.940 11.050
v 26.294 34.229 11.050
v 26.148 34.163 11.050
v 31.660 21.874 11.170
v 31.806 21.940 11.170
v 26.294 34.229 11.170
v 26.148 34.163 11.170
v 31.770 21.923 11.350
v 31.916 21.989 11.350
v 26.403 34.278 11.350
v 26.257 34.212 11.350
v 31.770 21.923 11.470
v 31.916 21.989 11.470
v 26.403 34.278 11.470
v 26.257 34.212 11.470
v 31.697 21.891 11.650
v 31.843 21.956 11.650
v 26.330 34.245 11.650
v 26.184 34.180 11.650
v 31.697 21.891 11.770
v 31.843 21.956 11.770
v 26.330 34.245 11.770
v 26.184 34.180 11.770
v 31.806 21.940 11.950
v 31.952 22.005 11.950
v 26.560 34.026 11.950
v 26.414 33.960 11.950
v 31.806 21.940 12.070
v 31.952 22.005 12.070
v 26.560 34.026 12.070
v 26.414 33.960 12.070
v 31.660 21.874 12.250
v 31.806 21.940 12.250
v 26.930 32.811 12.250
v 26.784 32.745 12.250
v 31.660 21.874 12.370
v 31.806 21.940 12.370
v 26.930 32.811 12.370
v 26.784 32.745 12.370
v 31.770 21.923 12.550
v 31.916 21.989 12.550
v 27.555 31.710 12.550
v 27.409 31.645 12.550
v 31.770 21.923 12.670
v 31.916 21.989 12.670
v 27.555 31.710 12.670
v 27.409 31.645 12.670
v 31.697 21.891 12.850
v 31.843 21.956 12.850
v 27.998 30.528 12.850
v 27.852 30.462 12.850
v 31.697 21.891 12.970
v 31.843 21.956 12.970
v 27.998 30.528 12.970
v 27.852 30.462 12.970
v 31.806 21.940 13.150
v 31.952 22.005 13.150
v 28.623 29.427 13.150
v 28.477 29.362 13.150
v 31.806 21.940 13.270
v 31.952 22.005 13.270
v 28.623 29.427 13.270
v 28.477 29.362 13.270
v 31.660 21.874 13.450
v 31.806 21.940 13.450
v 28.993 28.212 13.450
v 28.847 28.147 13.450
v 31.660 21.874 13.570
v 31.806 21.940 13.570
v 28.993 28.212 13.570
v 28.847 28.147 13.570
v 31.770 21.923 13.750
v 31.916 21.989 13.750
v 29.618 27.112 13.750
v 29.472 27.046 13.750
v 31.770 21.923 13.870
v 31.916 21.989 13.870
v 29.618 27.112 13.870
v 29.472 27.046 13.870
v 31.697 21.891 14.050
v 31.843 21.956 14.050
v 30.061 25.929 14.050
v 29.915 25.864 14.050
v 31.697 21.891 14.170
v 31.843 21.956 14.170
v 30.061 25.929 14.170
v 29.915 25.864 14.170
v 31.806 21.940 14.350
v 31.952 22.005 14.350
v 30.686 24.829 14.350
v 30.540 24.763 14.350
v 31.806 21.940 14.470
v 31.952 22.005 14.470
v 30.686 24.829 14.470
v 30.540 24.763 14.470
v 31.660 21.874 14.650
v 31.806 21.940 14.650
v 31.055 23.614 14.650
v 30.910 23.548 14.650
v 31.660 21.874 14.770
v 31.806 21.940 14.770
v 31.055 23.614 14.770
v 30.910 23.548 14.770
v 31.770 21.923 14.950
v 31.916 21.989 14.950
v 31.681 22.513 14.950
v 31.535 22.448 14.950
v 31.770 21.923 15.070
v 31.916 21.989 15.070
v 31.681 22.513 15.070
v 31.535 22.448 15.070
v -26.294 -34.229 0.000
v -26.573 -34.524 0.000
v -26.561 -34.931 0.000
v -26.265 -35.210 0.000
v -25.859 -35.198 0.000
v -25.580 -34.902 0.000
v -25.592 -34.496 0.000
v -25.887 -34.217 0.000
v -26.294 -34.229 12.000
v -26.573 -34.524 12.000
v -26.561 -34.931 12.000
v -26.265 -35.210 12.000
v -25.859 -35.198 12.000
v -25.580 -34.902 12.000
v -25.592 -34.496 12.000
v -25.887 -34.217 12.000
v -24.773 -36.321 11.524
v -24.951 -36.305 11.158
v -25.308 -36.426 11.007
v -25.636 -36.613 11.158
v -25.743 -36.756 11.524
v -25.565 -36.771 11.889
v -25.207 -36.650 12.041
v -24.879 -36.464 11.889
v -34.187 -15.335 17.000
v -34.364 -15.320 16.635
v -34.722 -15.441 16.483
v -35.050 -15.627 16.635
v -35.156 -15.770 17.000
v -34.979 -15.786 17.365
v -34.621 -15.665 17.517
v -34.293 -15.479 17.365
v -43.484 4.092 0.000
v -43.763 3.797 0.000
v -43.751 3.390 0.000
v -43.455 3.111 0.000
v -43.049 3.123 0.000
v -42.770 3.419 0.000
v -42.782 3.825 0.000
v -43.077 4.104 0.000
v -43.484 4.092 12.000
v -43.763 3.797 12.000
v -43.751 3.390 12.000
v -43.455 3.111 12.000
v -43.049 3.123 12.000
v -42.770 3.419 12.000
v -42.782 3.825 12.000
v -43.077 4.104 12.000
v -44.570 5.215 11.524
v -44.392 5.199 11.158
v -44.035 5.320 11.007
v -43.707 5.507 11.158
v -43.600 5.650 11.524
v -43.778 5.666 11.889
v -44.135 5.545 12.041
v -44.463 5.358 11.889
v -35.156 -15.770 17.000
v -34.979 -15.786 16.635
v -34.621 -15.665 16.483
v -34.293 -15.479 16.635
v -34.187 -15.335 17.000
v -34.364 -15.320 17.365
v -34.722 -15.441 17.517
v -35.050 -15.627 17.365
v -8.958 -26.452 0.000
v -9.237 -26.748 0.000
v -9.225 -27.154 0.000
v -8.930 -27.433 0.000
v -8.523 -27.422 0.000
v -8.244 -27.126 0.000
v -8.256 -26.720 0.000
v -8.552 -26.440 0.000
v -8.958 -26.452 12.000
v -9.237 -26.748 12.000
v -9.225 -27.154 12.000
v -8.930 -27.433 12.000
v -8.523 -27.422 12.000
v -8.244 -27.126 12.000
v -8.256 -26.720 12.000
v -8.552 -26.440 12.000
v -7.437 -28.544 11.524
v -7.615 -28.529 11.158
v -7.972 -28.650 11.007
v -8.300 -28.836 11.158
v -8.407 -28.979 11.524
v -8.229 -28.995 11.889
v -7.872 -28.874 12.041
v -7.544 -28.687 11.889
v -16.851 -7.559 17.000
v -17.029 -7.543 16.635
v -17.386 -7.664 16.483
v -17.714 -7.851 16.635
v -17.820 -7.994 17.000
v -17.643 -8.010 17.365
v -17.285 -7.889 17.517
v -16.957 -7.702 17.365
v -26.148 11.869 0.000
v -26.427 11.573 0.000
v -26.415 11.167 0.000
v -26.120 10.888 0.000
v -25.713 10.899 0.000
v -25.434 11.195 0.000
v -25.446 11.602 0.000
v -25.742 11.881 0.000
v -26.148 11.869 12.000
v -26.427 11.573 12.000
v -26.415 11.167 12.000
v -26.120 10.888 12.000
v -25.713 10.899 12.000
v -25.434 11.195 12.000
v -25.446 11.602 12.000
v -25.742 11.881 12.000
v -27.234 12.991 11.524
v -27.056 12.976 11.158
v -26.699 13.097 11.007
v -26.371 13.283 11.158
v -26.265 13.426 11.524
v -26.442 13.442 11.889
v -26.800 13.321 12.041
v -27.128 13.135 11.889
v -17.820 -7.994 17.000
v -17.643 -8.010 16.635
v -17.285 -7.889 16.483
v -16.957 -7.702 16.635
v -16.851 -7.559 17.000
v -17.029 -7.543 17.365
v -17.386 -7.664 17.517
v -17.714 -7.851 17.365
v 8.378 -18.676 0.000
v 8.099 -18.972 0.000
v 8.110 -19.378 0.000
v 8.406 -19.657 0.000
v 8.812 -19.645 0.000
v 9.092 -19.350 0.000
v 9.080 -18.943 0.000
v 8.784 -18.664 0.000
v 8.378 -18.676 12.000
v 8.099 -18.972 12.000
v 8.110 -19.378 12.000
v 8.406 -19.657 12.000
v 8.812 -19.645 12.000
v 9.092 -19.350 12.000
v 9.080 -18.943 12.000
v 8.784 -18.664 12.000
v 9.898 -20.768 11.524
v 9.721 -20.752 11.158
v 9.363 -20.873 11.007
v 9.035 -21.060 11.158
v 8.929 -21.203 11.524
v 9.106 -21.218 11.889
v 9.464 -21.098 12.041
v 9.792 -20.911 11.889
v 0.485 0.217 17.000
v 0.307 0.233 16.635
v -0.050 0.112 16.483
v -0.378 -0.074 16.635
v -0.485 -0.217 17.000
v -0.307 -0.233 17.365
v 0.050 -0.112 17.517
v 0.378 0.074 17.365
v -8.812 19.645 0.000
v -9.092 19.350 0.000
v -9.080 18.943 0.000
v -8.784 18.664 0.000
v -8.378 18.676 0.000
v -8.099 18.972 0.000
v -8.110 19.378 0.000
v -8.406 19.657 0.000
v -8.812 19.645 12.000
v -9.092 19.350 12.000
v -9.080 18.943 12.000
v -8.784 18.664 12.000
v -8.378 18.676 12.000
v -8.099 18.972 12.000
v -8.110 19.378 12.000
v -8.406 19.657 12.000
v -9.898 20.768 11.524
v -9.721 20.752 11.158
v -9.363 20.873 11.007
v -9.035 21.060 11.158
v -8.929 21.203 11.524
v -9.106 21.218 11.889
v -9.464 21.098 12.041
v -9.792 20.911 11.889
v -0.485 -0.217 17.000
v -0.307 -0.233 16.635
v 0.050 -0.112 16.483
v 0.378 0.074 16.635
v 0.485 0.217 17.000
v 0.307 0.233 17.365
v -0.050 0.112 17.517
v -0.378 -0.074 17.365
v 25.713 -10.899 0.000
v 25.434 -11.195 0.000
v 25.446 -11.602 0.000
v 25.742 -11.881 0.000
v 26.148 -11.869 0.000
v 26.427 -11.573 0.000
v 26.415 -11.167 0.000
v 26.120 -10.888 0.000
v 25.713 -10.899 12.000
v 25.434 -11.195 12.000
v 25.446 -11.602 12.000
v 25.742 -11.881 12.000
v 26.148 -11.869 12.000
v 26.427 -11.573 12.000
v 26.415 -11.167 12.000
v 26.120 -10.888 12.000
v 27.234 -12.991 11.524
v 27.056 -12.976 11.158
v 26.699 -13.097 11.007
v 26.371 -13.283 11.158
v 26.265 -13.426 11.524
v 26.442 -13.442 11.889
v 26.800 -13.321 12.041
v 27.128 -13.135 11.889
v 17.820 7.994 17.000
v 17.643 8.010 16.635
v 17.285 7.889 16.483
v 16.957 7.702 16.635
v 16.851 7.559 17.000
v 17.029 7.543 17.365
v 17.386 7.664 17.517
v 17.714 7.851 17.365
v 8.523 27.422 0.000
v 8.244 27.126 0.000
v 8.256 26.720 0.000
v 8.552 26.440 0.000
v 8.958 26.452 0.000
v 9.237 26.748 0.000
v 9.225 27.154 0.000
v 8.930 27.433 0.000
v 8.523 27.422 12.000
v 8.244 27.126 12.000
v 8.256 26.720 12.000
v 8.552 26.440 12.000
v 8.958 26.452 12.000
v 9.237 26.748 12.000
v 9.225 27.154 12.000
v 8.930 27.433 12.000
v 7.437 28.544 11.524
v 7.615 28.529 11.158
v 7.972 28.650 11.007
v 8.300 28.836 11.158
v 8.407 28.979 11.524
v 8.229 28.995 11.889
v 7.872 28.874 12.041
v 7.544 28.687 11.889
v 16.851 7.559 17.000
v 17.029 7.543 16.635
v 17.386 7.664 16.483
v 17.714 7.851 16.635
v 17.820 7.994 17.000
v 17.643 8.010 17.365
v 17.285 7.889 17.517
v 16.957 7.702 17.365
v 43.049 -3.123 0.000
v 42.770 -3.419 0.000
v 42.782 -3.825 0.000
v 43.077 -4.104 0.000
v 43.484 -4.092 0.000
v 43.763 -3.797 0.000
v 43.751 -3.390 0.000
v 43.455 -3.111 0.000
v 43.049 -3.123 12.000
v 42.770 -3.419 12.000
v 42.782 -3.825 12.000
v 43.077 -4.104 12.000
v 43.484 -4.092 12.000
v 43.763 -3.797 12.000
v 43.751 -3.390 12.000
v 43.455 -3.111 12.000
v 44.570 -5.215 11.524
v 44.392 -5.199 11.158
v 44.035 -5.320 11.007
v 43.707 -5.507 11.158
v 43.600 -5.650 11.524
v 43.778 -5.666 11.889
v 44.135 -5.545 12.041
v 44.463 -5.358 11.889
v 35.156 15.770 17.000
v 34.979 15.786 16.635
v 34.621 15.665 16.483
v 34.293 15.479 16.635
v 34.187 15.335 17.000
v 34.364 15.320 17.365
v 34.722 15.441 17.517
v 35.050 15.627 17.365
v 25.859 35.198 0.000
v 25.580 34.902 0.000
v 25.592 34.496 0.000
v 25.887 34.217 0.000
v 26.294 34.229 0.000
v 26.573 34.524 0.000
v 26.561 34.931 0.000
v 26.265 35.210 0.000
v 25.859 35.198 12.000
v 25.580 34.902 12.000
v 25.592 34.496 12.000
v 25.887 34.217 12.000
v 26.294 34.229 12.000
v 26.573 34.524 12.000
v 26.561 34.931 12.000
v 26.265 35.210 12.000
v 24.773 36.321 11.524
v 24.951 36.305 11.158
v 25.308 36.426 11.007
v 25.636 36.613 11.158
v 25.743 36.756 11.524
v 25.565 36.771 11.889
v 25.207 36.650 12.041
v 24.879 36.464 11.889
v 34.187 15.335 17.000
v 34.364 15.320 16.635
v 34.722 15.441 16.483
v 35.050 15.627 16.635
v 35.156 15.770 17.000
v 34.979 15.786 17.365
v 34.621 15.665 17.517
v 34.293 15.479 17.365
v -34.279 -16.428 17.748
v -34.352 -16.264 17.437
v -34.499 -15.936 17.437
v -34.573 -15.772 17.748
v -34.499 -15.936 18.059
v -34.352 -16.264 18.059
v 35.064 14.678 17.748
v 34.991 14.841 17.437
v 34.843 15.169 17.437
v 34.770 15.333 17.748
v 34.843 15.169 18.059
v 34.991 14.841 18.059
v -32.642 -20.078 16.795
v -32.715 -19.914 16.484
v -32.862 -19.586 16.484
v -32.936 -19.422 16.795
v -32.862 -19.586 17.107
v -32.715 -19.914 17.107
v 36.701 11.028 16.795
v 36.628 11.192 16.484
v 36.481 11.520 16.484
v 36.407 11.684 16.795
v 36.481 11.520 17.107
v 36.628 11.192 17.107
v -30.759 -24.275 15.700
v -30.832 -24.111 15.389
v -30.980 -23.783 15.389
v -31.053 -23.619 15.700
v -30.980 -23.783 16.011
v -30.832 -24.111 16.011
v 38.584 6.831 15.700
v 38.510 6.995 15.389
v 38.363 7.323 15.389
v 38.290 7.487 15.700
v 38.363 7.323 16.011
v 38.510 6.995 16.011
v -28.876 -28.472 14.605
v -28.950 -28.308 14.294
v -29.097 -27.980 14.294
v -29.170 -27.816 14.605
v -29.097 -27.980 14.916
v -28.950 -28.308 14.916
v 40.467 2.634 14.605
v 40.393 2.798 14.294
v 40.246 3.126 14.294
v 40.172 3.290 14.605
v 40.246 3.126 14.916
v 40.393 2.798 14.916
v -26.993 -32.669 13.510
v -27.067 -32.505 13.198
v -27.214 -32.177 13.198
v -27.288 -32.013 13.510
v -27.214 -32.177 13.821
v -27.067 -32.505 13.821
v 42.349 -1.563 13.510
v 42.276 -1.399 13.198
v 42.129 -1.071 13.198
v 42.055 -0.908 13.510
v 42.129 -1.071 13.821
v 42.276 -1.399 13.821
v -25.111 -36.866 12.414
v -25.184 -36.702 12.103
v -25.331 -36.374 12.103
v -25.405 -36.210 12.414
v -25.331 -36.374 12.726
v -25.184 -36.702 12.726
v 44.232 -5.760 12.414
v 44.159 -5.596 12.103
v 44.011 -5.269 12.103
v 43.938 -5.105 12.414
v 44.011 -5.269 12.726
v 44.159 -5.596 12.726
v -25.929 -35.041 11.800
v -26.003 -34.877 11.489
v -26.150 -34.549 11.489
v -26.224 -34.386 11.800
v -26.150 -34.549 12.111
v -26.003 -34.877 12.111
v 43.414 -3.936 11.800
v 43.340 -3.772 11.489
v 43.193 -3.444 11.489
v 43.119 -3.280 11.800
v 43.193 -3.444 12.111
v 43.340 -3.772 12.111
v -34.770 -15.333 17.748
v -34.843 -15.169 17.437
v -34.991 -14.841 17.437
v -35.064 -14.678 17.748
v -34.991 -14.841 18.059
v -34.843 -15.169 18.059
v 34.573 15.772 17.748
v 34.499 15.936 17.437
v 34.352 16.264 17.437
v 34.279 16.428 17.748
v 34.352 16.264 18.059
v 34.499 15.936 18.059
v -36.407 -11.684 16.795
v -36.481 -11.520 16.484
v -36.628 -11.192 16.484
v -36.701 -11.028 16.795
v -36.628 -11.192 17.107
v -36.481 -11.520 17.107
v 32.936 19.422 16.795
v 32.862 19.586 16.484
v 32.715 19.914 16.484
v 32.642 20.078 16.795
v 32.715 19.914 17.107
v 32.862 19.586 17.107
v -38.290 -7.487 15.700
v -38.363 -7.323 15.389
v -38.510 -6.995 15.389
v -38.584 -6.831 15.700
v -38.510 -6.995 16.011
v -38.363 -7.323 16.011
v 31.053 23.619 15.700
v 30.980 23.783 15.389
v 30.832 24.111 15.389
v 30.759 24.275 15.700
v 30.832 24.111 16.011
v 30.980 23.783 16.011
v -40.172 -3.290 14.605
v -40.246 -3.126 14.294
v -40.393 -2.798 14.294
v -40.467 -2.634 14.605
v -40.393 -2.798 14.916
v -40.246 -3.126 14.916
v 29.170 27.816 14.605
v 29.097 27.980 14.294
v 28.950 28.308 14.294
v 28.876 28.472 14.605
v 28.950 28.308 14.916
v 29.097 27.980 14.916
v -42.055 0.908 13.510
v -42.129 1.071 13.198
v -42.276 1.399 13.198
v -42.349 1.563 13.510
v -42.276 1.399 13.821
v -42.129 1.071 13.821
v 27.288 32.013 13.510
v 27.214 32.177 13.198
v 27.067 32.505 13.198
v 26.993 32.669 13.510
v 27.067 32.505 13.821
v 27.214 32.177 13.821
v -43.938 5.105 12.414
v -44.011 5.269 12.103
v -44.159 5.596 12.103
v -44.232 5.760 12.414
v -44.159 5.596 12.726
v -44.011 5.269 12.726
v 25.405 36.210 12.414
v 25.331 36.374 12.103
v 25.184 36.702 12.103
v 25.111 36.866 12.414
v 25.184 36.702 12.726
v 25.331 36.374 12.726
v -43.119 3.280 11.800
v -43.193 3.444 11.489
v -43.340 3.772 11.489
v -43.414 3.936 11.800
v -43.340 3.772 12.111
v -43.193 3.444 12.111
v 26.224 34.386 11.800
v 26.150 34.549 11.489
v 26.003 34.877 11.489
v 25.929 35.041 11.800
v 26.003 34.877 12.111
v 26.150 34.549 12.111
v -25.714 -36.743 12.774
v 44.541 -5.228 12.774
v 35.128 15.758 18.250
v -35.128 -15.758 18.250
v -25.714 -36.743 13.024
v 44.541 -5.228 13.024
v 35.128 15.758 18.500
v -35.128 -15.758 18.500
v -44.541 5.228 12.774
v 25.714 36.743 12.774
v 35.128 15.758 18.250
v -35.128 -15.758 18.250
v -44.541 5.228 13.024
v 25.714 36.743 13.024
v 35.128 15.758 18.500
v -35.128 -15.758 18.500
v -25.285 -16.932 17.060
v 29.460 7.625 17.060
v 29.378 7.808 17.060
v -25.367 -16.749 17.060
v -25.285 -16.932 19.560
v 29.460 7.625 19.560
v 29.378 7.808 19.560
v -25.367 -16.749 19.560
v -25.426 -17.105 17.060
v -25.061 -16.941 17.060
v -25.225 -16.576 17.060
v -25.590 -16.740 17.060
v -25.426 -17.105 19.560
v -25.061 -16.941 19.560
v -25.225 -16.576 19.560
v -25.590 -16.740 19.560
v -18.583 -14.035 17.060
v -18.218 -13.872 17.060
v -18.382 -13.507 17.060
v -18.747 -13.670 17.060
v -18.583 -14.035 19.560
v -18.218 -13.872 19.560
v -18.382 -13.507 19.560
v -18.747 -13.670 19.560
v -11.740 -10.966 17.060
v -11.375 -10.802 17.060
v -11.539 -10.437 17.060
v -11.904 -10.601 17.060
v -11.740 -10.966 19.560
v -11.375 -10.802 19.560
v -11.539 -10.437 19.560
v -11.904 -10.601 19.560
v -4.897 -7.896 17.060
v -4.532 -7.732 17.060
v -4.696 -7.367 17.060
v -5.061 -7.531 17.060
v -4.897 -7.896 19.560
v -4.532 -7.732 19.560
v -4.696 -7.367 19.560
v -5.061 -7.531 19.560
v 1.946 -4.826 17.060
v 2.311 -4.663 17.060
v 2.147 -4.298 17.060
v 1.782 -4.461 17.060
v 1.946 -4.826 19.560
v 2.311 -4.663 19.560
v 2.147 -4.298 19.560
v 1.782 -4.461 19.560
v 8.789 -1.757 17.060
v 9.154 -1.593 17.060
v 8.990 -1.228 17.060
v 8.625 -1.392 17.060
v 8.789 -1.757 19.560
v 9.154 -1.593 19.560
v 8.990 -1.228 19.560
v 8.625 -1.392 19.560
v 15.632 1.313 17.060
v 15.997 1.477 17.060
v 15.833 1.842 17.060
v 15.468 1.678 17.060
v 15.632 1.313 19.560
v 15.997 1.477 19.560
v 15.833 1.842 19.560
v 15.468 1.678 19.560
v 22.475 4.383 17.060
v 22.840 4.546 17.060
v 22.676 4.911 17.060
v 22.311 4.748 17.060
v 22.475 4.383 19.560
v 22.840 4.546 19.560
v 22.676 4.911 19.560
v 22.311 4.748 19.560
v 29.318 7.452 17.060
v 29.683 7.616 17.060
v 29.519 7.981 17.060
v 29.154 7.817 17.060
v 29.318 7.452 19.560
v 29.683 7.616 19.560
v 29.519 7.981 19.560
v 29.154 7.817 19.560
v -25.646 -18.080 19.321
v 30.558 7.132 19.321
v 28.102 12.606 20.750
v -28.102 -12.606 20.750
v -25.646 -18.080 19.571
v 30.558 7.132 19.571
v 28.102 12.606 21.000
v -28.102 -12.606 21.000
v -29.378 -7.808 17.060
v 25.367 16.749 17.060
v 25.285 16.932 17.060
v -29.460 -7.625 17.060
v -29.378 -7.808 19.560
v 25.367 16.749 19.560
v 25.285 16.932 19.560
v -29.460 -7.625 19.560
v -29.519 -7.981 17.060
v -29.154 -7.817 17.060
v -29.318 -7.452 17.060
v -29.683 -7.616 17.060
v -29.519 -7.981 19.560
v -29.154 -7.817 19.560
v -29.318 -7.452 19.560
v -29.683 -7.616 19.560
v -22.676 -4.911 17.060
v -22.311 -4.748 17.060
v -22.475 -4.383 17.060
v -22.840 -4.546 17.060
v -22.676 -4.911 19.560
v -22.311 -4.748 19.560
v -22.475 -4.383 19.560
v -22.840 -4.546 19.560
v -15.833 -1.842 17.060
v -15.468 -1.678 17.060
v -15.632 -1.313 17.060
v -15.997 -1.477 17.060
v -15.833 -1.842 19.560
v -15.468 -1.678 19.560
v -15.632 -1.313 19.560
v -15.997 -1.477 19.560
v -8.990 1.228 17.060
v -8.625 1.392 17.060
v -8.789 1.757 17.060
v -9.154 1.593 17.060
v -8.990 1.228 19.560
v -8.625 1.392 19.560
v -8.789 1.757 19.560
v -9.154 1.593 19.560
v -2.147 4.298 17.060
v -1.782 4.461 17.060
v -1.946 4.826 17.060
v -2.311 4.663 17.060
v -2.147 4.298 19.560
v -1.782 4.461 19.560
v -1.946 4.826 19.560
v -2.311 4.663 19.560
v 4.696 7.367 17.060
v 5.061 7.531 17.060
v 4.897 7.896 17.060
v 4.532 7.732 17.060
v 4.696 7.367 19.560
v 5.061 7.531 19.560
v 4.897 7.896 19.560
v 4.532 7.732 19.560
v 11.539 10.437 17.060
v 11.904 10.601 17.060
v 11.740 10.966 17.060
v 11.375 10.802 17.060
v 11.539 10.437 19.560
v 11.904 10.601 19.560
v 11.740 10.966 19.560
v 11.375 10.802 19.560
v 18.382 13.507 17.060
v 18.747 13.670 17.060
v 18.583 14.035 17.060
v 18.218 13.872 17.060
v 18.382 13.507 19.560
v 18.747 13.670 19.560
v 18.583 14.035 19.560
v 18.218 13.872 19.560
v 25.225 16.576 17.060
v 25.590 16.740 17.060
v 25.426 17.105 17.060
v 25.061 16.941 17.060
v 25.225 16.576 19.560
v 25.590 16.740 19.560
v 25.426 17.105 19.560
v 25.061 16.941 19.560
v -30.558 -7.132 19.321
v 25.646 18.080 19.321
v 28.102 12.606 20.750
v -28.102 -12.606 20.750
v -30.558 -7.132 19.571
v 25.646 18.080 19.571
v 28.102 12.606 21.000
v -28.102 -12.606 21.000
v -25.326 -16.841 17.060
v -29.419 -7.717 17.060
v -29.419 -7.717 19.560
v -25.326 -16.841 19.560
v -25.326 -16.841 19.560
v -29.419 -7.717 19.560
v -27.372 -12.279 20.750
v -27.372 -12.279 20.750
v 29.419 7.717 17.060
v 25.326 16.841 17.060
v 25.326 16.841 19.560
v 29.419 7.717 19.560
v 29.419 7.717 19.560
v 25.326 16.841 19.560
v 27.372 12.279 20.750
v 27.372 12.279 20.750
v -26.207 -4.084 0.000
v -25.751 -3.879 0.000
v -31.174 8.210 0.000
v -31.630 8.005 0.000
v -26.207 -4.084 4.500
v -25.751 -3.879 4.500
v -31.174 8.210 4.500
v -31.630 8.005 4.500
v -14.650 1.100 0.000
v -14.194 1.305 0.000
v -19.617 13.394 0.000
v -20.073 13.190 0.000
v -14.650 1.100 4.500
v -14.194 1.305 4.500
v -19.617 13.394 4.500
v -20.073 13.190 4.500
v -3.093 6.285 0.000
v -2.637 6.489 0.000
v -8.060 18.579 0.000
v -8.516 18.374 0.000
v -3.093 6.285 4.500
v -2.637 6.489 4.500
v -8.060 18.579 4.500
v -8.516 18.374 4.500
v 8.464 11.469 0.000
v 8.920 11.673 0.000
v 3.497 23.763 0.000
v 3.041 23.558 0.000
v 8.464 11.469 4.500
v 8.920 11.673 4.500
v 3.497 23.763 4.500
v 3.041 23.558 4.500
v 20.021 16.653 0.000
v 20.477 16.858 0.000
v 15.054 28.947 0.000
v 14.598 28.742 0.000
v 20.021 16.653 4.500
v 20.477 16.858 4.500
v 15.054 28.947 4.500
v 14.598 28.742 4.500
v -37.363 -9.308 0.000
v -33.957 -7.780 0.000
v -34.121 -7.415 0.000
v -37.527 -8.943 0.000
v -37.363 -9.308 4.500
v -33.957 -7.780 4.500
v -34.121 -7.415 4.500
v -37.527 -8.943 4.500
v -29.395 -5.733 0.000
v -25.989 -4.205 0.000
v -26.152 -3.840 0.000
v -29.559 -5.368 0.000
v -29.395 -5.733 4.500
v -25.989 -4.205 4.500
v -26.152 -3.840 4.500
v -29.559 -5.368 4.500
v -25.806 -4.123 0.000
v -22.400 -2.595 0.000
v -22.564 -2.230 0.000
v -25.970 -3.758 0.000
v -25.806 -4.123 4.500
v -22.400 -2.595 4.500
v -22.564 -2.230 4.500
v -25.970 -3.758 4.500
v -17.838 -0.549 0.000
v -14.432 0.979 0.000
v -14.595 1.344 0.000
v -18.002 -0.184 0.000
v -17.838 -0.549 4.500
v -14.432 0.979 4.500
v -14.595 1.344 4.500
v -18.002 -0.184 4.500
v -14.249 1.061 0.000
v -10.843 2.589 0.000
v -11.006 2.954 0.000
v -14.413 1.426 0.000
v -14.249 1.061 4.500
v -10.843 2.589 4.500
v -11.006 2.954 4.500
v -14.413 1.426 4.500
v -6.281 4.635 0.000
v -2.874 6.163 0.000
v -3.038 6.528 0.000
v -6.444 5.000 0.000
v -6.281 4.635 4.500
v -2.874 6.163 4.500
v -3.038 6.528 4.500
v -6.444 5.000 4.500
v -2.692 6.245 0.000
v 0.714 7.773 0.000
v 0.551 8.138 0.000
v -2.856 6.610 0.000
v -2.692 6.245 4.500
v 0.714 7.773 4.500
v 0.551 8.138 4.500
v -2.856 6.610 4.500
v 5.276 9.820 0.000
v 8.683 11.348 0.000
v 8.519 11.713 0.000
v 5.113 10.185 0.000
v 5.276 9.820 4.500
v 8.683 11.348 4.500
v 8.519 11.713 4.500
v 5.113 10.185 4.500
v 8.865 11.430 0.000
v 12.272 12.958 0.000
v 12.108 13.323 0.000
v 8.702 11.795 0.000
v 8.865 11.430 4.500
v 12.272 12.958 4.500
v 12.108 13.323 4.500
v 8.702 11.795 4.500
v 16.834 15.004 0.000
v 20.240 16.532 0.000
v 20.076 16.897 0.000
v 16.670 15.369 0.000
v 16.834 15.004 4.500
v 20.240 16.532 4.500
v 20.076 16.897 4.500
v 16.670 15.369 4.500
v 20.422 16.614 0.000
v 23.829 18.142 0.000
v 23.665 18.507 0.000
v 20.259 16.979 0.000
v 20.422 16.614 4.500
v 23.829 18.142 4.500
v 23.665 18.507 4.500
v 20.259 16.979 4.500
v 28.391 20.188 0.000
v 31.797 21.716 0.000
v 31.633 22.081 0.000
v 28.227 20.553 0.000
v 28.391 20.188 4.500
v 31.797 21.716 4.500
v 31.633 22.081 4.500
v 28.227 20.553 4.500
v -14.750 -28.811 0.000
v -14.294 -28.606 0.000
v -19.717 -16.517 0.000
v -20.173 -16.721 0.000
v -14.750 -28.811 10.000
v -14.294 -28.606 10.000
v -19.717 -16.517 10.000
v -20.173 -16.721 10.000
v -2.889 -23.490 0.000
v -2.433 -23.285 0.000
v -7.856 -11.196 0.000
v -8.312 -11.401 0.000
v -2.889 -23.490 10.000
v -2.433 -23.285 10.000
v -7.856 -11.196 10.000
v -8.312 -11.401 10.000
v 8.516 -18.374 0.000
v 8.972 -18.169 0.000
v 3.549 -6.080 0.000
v 3.093 -6.285 0.000
v 8.516 -18.374 4.500
v 8.972 -18.169 4.500
v 3.549 -6.080 4.500
v 3.093 -6.285 4.500
v 19.921 -13.258 0.000
v 20.377 -13.053 0.000
v 14.954 -0.964 0.000
v 14.498 -1.168 0.000
v 19.921 -13.258 4.500
v 20.377 -13.053 4.500
v 14.954 -0.964 4.500
v 14.498 -1.168 4.500
v 31.326 -8.142 0.000
v 31.783 -7.937 0.000
v 26.359 4.152 0.000
v 25.903 3.948 0.000
v 31.326 -8.142 4.500
v 31.783 -7.937 4.500
v 26.359 4.152 4.500
v 25.903 3.948 4.500
v -31.633 -22.081 0.000
v -28.075 -20.485 0.000
v -28.239 -20.120 0.000
v -31.797 -21.716 0.000
v -31.633 -22.081 10.000
v -28.075 -20.485 10.000
v -28.239 -20.120 10.000
v -31.797 -21.716 10.000
v -23.513 -18.439 0.000
v -19.955 -16.842 0.000
v -20.118 -16.477 0.000
v -23.677 -18.074 0.000
v -23.513 -18.439 10.000
v -19.955 -16.842 10.000
v -20.118 -16.477 10.000
v -23.677 -18.074 10.000
v -19.772 -16.761 0.000
v -16.214 -15.164 0.000
v -16.377 -14.799 0.000
v -19.936 -16.396 0.000
v -19.772 -16.761 10.000
v -16.214 -15.164 10.000
v -16.377 -14.799 10.000
v -19.936 -16.396 10.000
v -11.652 -13.118 0.000
v -8.093 -11.522 0.000
v -8.257 -11.157 0.000
v -11.815 -12.753 0.000
v -11.652 -13.118 10.000
v -8.093 -11.522 10.000
v -8.257 -11.157 10.000
v -11.815 -12.753 10.000
v -7.911 -11.440 0.000
v -4.580 -9.946 0.000
v -4.744 -9.581 0.000
v -8.074 -11.075 0.000
v -7.911 -11.440 4.500
v -4.580 -9.946 4.500
v -4.744 -9.581 4.500
v -8.074 -11.075 4.500
v -0.018 -7.900 0.000
v 3.312 -6.406 0.000
v 3.148 -6.041 0.000
v -0.182 -7.535 0.000
v -0.018 -7.900 4.500
v 3.312 -6.406 4.500
v 3.148 -6.041 4.500
v -0.182 -7.535 4.500
v 3.494 -6.324 0.000
v 6.825 -4.830 0.000
v 6.661 -4.465 0.000
v 3.331 -5.959 0.000
v 3.494 -6.324 4.500
v 6.825 -4.830 4.500
v 6.661 -4.465 4.500
v 3.331 -5.959 4.500
v 11.387 -2.783 0.000
v 14.717 -1.290 0.000
v 14.553 -0.925 0.000
v 11.223 -2.418 0.000
v 11.387 -2.783 4.500
v 14.717 -1.290 4.500
v 14.553 -0.925 4.500
v 11.223 -2.418 4.500
v 14.899 -1.208 0.000
v 18.230 0.286 0.000
v 18.066 0.651 0.000
v 14.736 -0.843 0.000
v 14.899 -1.208 4.500
v 18.230 0.286 4.500
v 18.066 0.651 4.500
v 14.736 -0.843 4.500
v 22.792 2.333 0.000
v 26.122 3.827 0.000
v 25.958 4.192 0.000
v 22.628 2.698 0.000
v 22.792 2.333 4.500
v 26.122 3.827 4.500
v 25.958 4.192 4.500
v 22.628 2.698 4.500
v 26.304 3.908 0.000
v 29.635 5.402 0.000
v 29.471 5.767 0.000
v 26.141 4.273 0.000
v 26.304 3.908 4.500
v 29.635 5.402 4.500
v 29.471 5.767 4.500
v 26.141 4.273 4.500
v 34.197 7.449 0.000
v 37.527 8.943 0.000
v 37.363 9.308 0.000
v 34.033 7.814 0.000
v 34.197 7.449 4.500
v 37.527 8.943 4.500
v 37.363 9.308 4.500
v 34.033 7.814 4.500
v -43.661 4.061 0.000
v -43.342 4.204 0.000
v -43.485 4.523 0.000
v -43.805 4.380 0.000
v -43.661 4.061 5.500
v -43.342 4.204 5.500
v -43.485 4.523 5.500
v -43.805 4.380 5.500
v -47.678 13.014 0.000
v -47.358 13.157 0.000
v -47.501 13.476 0.000
v -47.821 13.333 0.000
v -47.678 13.014 5.500
v -47.358 13.157 5.500
v -47.501 13.476 5.500
v -47.821 13.333 5.500
v -51.694 21.967 0.000
v -51.374 22.110 0.000
v -51.518 22.429 0.000
v -51.837 22.286 0.000
v -51.694 21.967 5.500
v -51.374 22.110 5.500
v -51.518 22.429 5.500
v -51.837 22.286 5.500
v -55.710 30.920 0.000
v -55.390 31.063 0.000
v -55.534 31.382 0.000
v -55.853 31.239 0.000
v -55.710 30.920 5.500
v -55.390 31.063 5.500
v -55.534 31.382 5.500
v -55.853 31.239 5.500
v -59.726 39.873 0.000
v -59.407 40.016 0.000
v -59.550 40.335 0.000
v -59.869 40.192 0.000
v -59.726 39.873 5.500
v -59.407 40.016 5.500
v -59.550 40.335 5.500
v -59.869 40.192 5.500
v -43.665 4.251 1.800
v -43.482 4.333 1.800
v -47.498 13.286 1.800
v -47.681 13.204 1.800
v -43.665 4.251 2.000
v -43.482 4.333 2.000
v -47.498 13.286 2.000
v -47.681 13.204 2.000
v -43.665 4.251 3.600
v -43.482 4.333 3.600
v -47.498 13.286 3.600
v -47.681 13.204 3.600
v -43.665 4.251 3.800
v -43.482 4.333 3.800
v -47.498 13.286 3.800
v -47.681 13.204 3.800
v -43.665 4.251 5.300
v -43.482 4.333 5.300
v -47.498 13.286 5.300
v -47.681 13.204 5.300
v -43.665 4.251 5.500
v -43.482 4.333 5.500
v -47.498 13.286 5.500
v -47.681 13.204 5.500
v -47.681 13.204 1.800
v -47.498 13.286 1.800
v -51.514 22.239 1.800
v -51.697 22.157 1.800
v -47.681 13.204 2.000
v -47.498 13.286 2.000
v -51.514 22.239 2.000
v -51.697 22.157 2.000
v -47.681 13.204 3.600
v -47.498 13.286 3.600
v -51.514 22.239 3.600
v -51.697 22.157 3.600
v -47.681 13.204 3.800
v -47.498 13.286 3.800
v -51.514 22.239 3.800
v -51.697 22.157 3.800
v -47.681 13.204 5.300
v -47.498 13.286 5.300
v -51.514 22.239 5.300
v -51.697 22.157 5.300
v -47.681 13.204 5.500
v -47.498 13.286 5.500
v -51.514 22.239 5.500
v -51.697 22.157 5.500
v -51.697 22.157 1.800
v -51.514 22.239 1.800
v -55.531 31.192 1.800
v -55.713 31.110 1.800
v -51.697 22.157 2.000
v -51.514 22.239 2.000
v -55.531 31.192 2.000
v -55.713 31.110 2.000
v -51.697 22.157 3.600
v -51.514 22.239 3.600
v -55.531 31.192 3.600
v -55.713 31.110 3.600
v -51.697 22.157 3.800
v -51.514 22.239 3.800
v -55.531 31.192 3.800
v -55.713 31.110 3.800
v -51.697 22.157 5.300
v -51.514 22.239 5.300
v -55.531 31.192 5.300
v -55.713 31.110 5.300
v -51.697 22.157 5.500
v -51.514 22.239 5.500
v -55.531 31.192 5.500
v -55.713 31.110 5.500
v -55.713 31.110 1.800
v -55.531 31.192 1.800
v -59.547 40.145 1.800
v -59.729 40.063 1.800
v -55.713 31.110 2.000
v -55.531 31.192 2.000
v -59.547 40.145 2.000
v -59.729 40.063 2.000
v -55.713 31.110 3.600
v -55.531 31.192 3.600
v -59.547 40.145 3.600
v -59.729 40.063 3.600
v -55.713 31.110 3.800
v -55.531 31.192 3.800
v -59.547 40.145 3.800
v -59.729 40.063 3.800
v -55.713 31.110 5.300
v -55.531 31.192 5.300
v -59.547 40.145 5.300
v -59.729 40.063 5.300
v -55.713 31.110 5.500
v -55.531 31.192 5.500
v -59.547 40.145 5.500
v -59.729 40.063 5.500
v -32.104 9.245 0.000
v -31.785 9.388 0.000
v -31.928 9.708 0.000
v -32.248 9.564 0.000
v -32.104 9.245 5.500
v -31.785 9.388 5.500
v -31.928 9.708 5.500
v -32.248 9.564 5.500
v -36.120 18.198 0.000
v -35.801 18.341 0.000
v -35.944 18.661 0.000
v -36.264 18.517 0.000
v -36.120 18.198 5.500
v -35.801 18.341 5.500
v -35.944 18.661 5.500
v -36.264 18.517 5.500
v -40.137 27.151 0.000
v -39.817 27.294 0.000
v -39.960 27.614 0.000
v -40.280 27.470 0.000
v -40.137 27.151 5.500
v -39.817 27.294 5.500
v -39.960 27.614 5.500
v -40.280 27.470 5.500
v -44.153 36.104 0.000
v -43.833 36.247 0.000
v -43.977 36.566 0.000
v -44.296 36.423 0.000
v -44.153 36.104 5.500
v -43.833 36.247 5.500
v -43.977 36.566 5.500
v -44.296 36.423 5.500
v -48.169 45.057 0.000
v -47.849 45.200 0.000
v -47.993 45.519 0.000
v -48.312 45.376 0.000
v -48.169 45.057 5.500
v -47.849 45.200 5.500
v -47.993 45.519 5.500
v -48.312 45.376 5.500
v -32.108 9.435 1.800
v -31.925 9.517 1.800
v -35.941 18.470 1.800
v -36.124 18.388 1.800
v -32.108 9.435 2.000
v -31.925 9.517 2.000
v -35.941 18.470 2.000
v -36.124 18.388 2.000
v -32.108 9.435 3.600
v -31.925 9.517 3.600
v -35.941 18.470 3.600
v -36.124 18.388 3.600
v -32.108 9.435 3.800
v -31.925 9.517 3.800
v -35.941 18.470 3.800
v -36.124 18.388 3.800
v -32.108 9.435 5.300
v -31.925 9.517 5.300
v -35.941 18.470 5.300
v -36.124 18.388 5.300
v -32.108 9.435 5.500
v -31.925 9.517 5.500
v -35.941 18.470 5.500
v -36.124 18.388 5.500
v -36.124 18.388 1.800
v -35.941 18.470 1.800
v -39.957 27.423 1.800
v -40.140 27.341 1.800
v -36.124 18.388 2.000
v -35.941 18.470 2.000
v -39.957 27.423 2.000
v -40.140 27.341 2.000
v -36.124 18.388 3.600
v -35.941 18.470 3.600
v -39.957 27.423 3.600
v -40.140 27.341 3.600
v -36.124 18.388 3.800
v -35.941 18.470 3.800
v -39.957 27.423 3.800
v -40.140 27.341 3.800
v -36.124 18.388 5.300
v -35.941 18.470 5.300
v -39.957 27.423 5.300
v -40.140 27.341 5.300
v -36.124 18.388 5.500
v -35.941 18.470 5.500
v -39.957 27.423 5.500
v -40.140 27.341 5.500
v -40.140 27.341 1.800
v -39.957 27.423 1.800
v -43.973 36.376 1.800
v -44.156 36.294 1.800
v -40.140 27.341 2.000
v -39.957 27.423 2.000
v -43.973 36.376 2.000
v -44.156 36.294 2.000
v -40.140 27.341 3.600
v -39.957 27.423 3.600
v -43.973 36.376 3.600
v -44.156 36.294 3.600
v -40.140 27.341 3.800
v -39.957 27.423 3.800
v -43.973 36.376 3.800
v -44.156 36.294 3.800
v -40.140 27.341 5.300
v -39.957 27.423 5.300
v -43.973 36.376 5.300
v -44.156 36.294 5.300
v -40.140 27.341 5.500
v -39.957 27.423 5.500
v -43.973 36.376 5.500
v -44.156 36.294 5.500
v -44.156 36.294 1.800
v -43.973 36.376 1.800
v -47.990 45.329 1.800
v -48.172 45.247 1.800
v -44.156 36.294 2.000
v -43.973 36.376 2.000
v -47.990 45.329 2.000
v -48.172 45.247 2.000
v -44.156 36.294 3.600
v -43.973 36.376 3.600
v -47.990 45.329 3.600
v -48.172 45.247 3.600
v -44.156 36.294 3.800
v -43.973 36.376 3.800
v -47.990 45.329 3.800
v -48.172 45.247 3.800
v -44.156 36.294 5.300
v -43.973 36.376 5.300
v -47.990 45.329 5.300
v -48.172 45.247 5.300
v -44.156 36.294 5.500
v -43.973 36.376 5.500
v -47.990 45.329 5.500
v -48.172 45.247 5.500
v -59.597 40.013 1.800
v -48.040 45.197 1.800
v -48.122 45.379 1.800
v -59.679 40.195 1.800
v -59.597 40.013 2.000
v -48.040 45.197 2.000
v -48.122 45.379 2.000
v -59.679 40.195 2.000
v -59.597 40.013 3.600
v -48.040 45.197 3.600
v -48.122 45.379 3.600
v -59.679 40.195 3.600
v -59.597 40.013 3.800
v -48.040 45.197 3.800
v -48.122 45.379 3.800
v -59.679 40.195 3.800
v -59.597 40.013 5.300
v -48.040 45.197 5.300
v -48.122 45.379 5.300
v -59.679 40.195 5.300
v -59.597 40.013 5.500
v -48.040 45.197 5.500
v -48.122 45.379 5.500
v -59.679 40.195 5.500
v -32.104 9.245 0.000
v -31.785 9.388 0.000
v -31.928 9.708 0.000
v -32.248 9.564 0.000
v -32.104 9.245 5.500
v -31.785 9.388 5.500
v -31.928 9.708 5.500
v -32.248 9.564 5.500
v -36.120 18.198 0.000
v -35.801 18.341 0.000
v -35.944 18.661 0.000
v -36.264 18.517 0.000
v -36.120 18.198 5.500
v -35.801 18.341 5.500
v -35.944 18.661 5.500
v -36.264 18.517 5.500
v -40.137 27.151 0.000
v -39.817 27.294 0.000
v -39.960 27.614 0.000
v -40.280 27.470 0.000
v -40.137 27.151 5.500
v -39.817 27.294 5.500
v -39.960 27.614 5.500
v -40.280 27.470 5.500
v -44.153 36.104 0.000
v -43.833 36.247 0.000
v -43.977 36.566 0.000
v -44.296 36.423 0.000
v -44.153 36.104 5.500
v -43.833 36.247 5.500
v -43.977 36.566 5.500
v -44.296 36.423 5.500
v -48.169 45.057 0.000
v -47.849 45.200 0.000
v -47.993 45.519 0.000
v -48.312 45.376 0.000
v -48.169 45.057 5.500
v -47.849 45.200 5.500
v -47.993 45.519 5.500
v -48.312 45.376 5.500
v -32.108 9.435 1.800
v -31.925 9.517 1.800
v -35.941 18.470 1.800
v -36.124 18.388 1.800
v -32.108 9.435 2.000
v -31.925 9.517 2.000
v -35.941 18.470 2.000
v -36.124 18.388 2.000
v -32.108 9.435 3.600
v -31.925 9.517 3.600
v -35.941 18.470 3.600
v -36.124 18.388 3.600
v -32.108 9.435 3.800
v -31.925 9.517 3.800
v -35.941 18.470 3.800
v -36.124 18.388 3.800
v -32.108 9.435 5.300
v -31.925 9.517 5.300
v -35.941 18.470 5.300
v -36.124 18.388 5.300
v -32.108 9.435 5.500
v -31.925 9.517 5.500
v -35.941 18.470 5.500
v -36.124 18.388 5.500
v -36.124 18.388 1.800
v -35.941 18.470 1.800
v -39.957 27.423 1.800
v -40.140 27.341 1.800
v -36.124 18.388 2.000
v -35.941 18.470 2.000
v -39.957 27.423 2.000
v -40.140 27.341 2.000
v -36.124 18.388 3.600
v -35.941 18.470 3.600
v -39.957 27.423 3.600
v -40.140 27.341 3.600
v -36.124 18.388 3.800
v -35.941 18.470 3.800
v -39.957 27.423 3.800
v -40.140 27.341 3.800
v -36.124 18.388 5.300
v -35.941 18.470 5.300
v -39.957 27.423 5.300
v -40.140 27.341 5.300
v -36.124 18.388 5.500
v -35.941 18.470 5.500
v -39.957 27.423 5.500
v -40.140 27.341 5.500
v -40.140 27.341 1.800
v -39.957 27.423 1.800
v -43.973 36.376 1.800
v -44.156 36.294 1.800
v -40.140 27.341 2.000
v -39.957 27.423 2.000
v -43.973 36.376 2.000
v -44.156 36.294 2.000
v -40.140 27.341 3.600
v -39.957 27.423 3.600
v -43.973 36.376 3.600
v -44.156 36.294 3.600
v -40.140 27.341 3.800
v -39.957 27.423 3.800
v -43.973 36.376 3.800
v -44.156 36.294 3.800
v -40.140 27.341 5.300
v -39.957 27.423 5.300
v -43.973 36.376 5.300
v -44.156 36.294 5.300
v -40.140 27.341 5.500
v -39.957 27.423 5.500
v -43.973 36.376 5.500
v -44.156 36.294 5.500
v -44.156 36.294 1.800
v -43.973 36.376 1.800
v -47.990 45.329 1.800
v -48.172 45.247 1.800
v -44.156 36.294 2.000
v -43.973 36.376 2.000
v -47.990 45.329 2.000
v -48.172 45.247 2.000
v -44.156 36.294 3.600
v -43.973 36.376 3.600
v -47.990 45.329 3.600
v -48.172 45.247 3.600
v -44.156 36.294 3.800
v -43.973 36.376 3.800
v -47.990 45.329 3.800
v -48.172 45.247 3.800
v -44.156 36.294 5.300
v -43.973 36.376 5.300
v -47.990 45.329 5.300
v -48.172 45.247 5.300
v -44.156 36.294 5.500
v -43.973 36.376 5.500
v -47.990 45.329 5.500
v -48.172 45.247 5.500
v -20.547 14.429 0.000
v -20.228 14.572 0.000
v -20.371 14.892 0.000
v -20.690 14.749 0.000
v -20.547 14.429 5.500
v -20.228 14.572 5.500
v -20.371 14.892 5.500
v -20.690 14.749 5.500
v -24.563 23.382 0.000
v -24.244 23.525 0.000
v -24.387 23.845 0.000
v -24.707 23.702 0.000
v -24.563 23.382 5.500
v -24.244 23.525 5.500
v -24.387 23.845 5.500
v -24.707 23.702 5.500
v -28.579 32.335 0.000
v -28.260 32.478 0.000
v -28.403 32.798 0.000
v -28.723 32.655 0.000
v -28.579 32.335 5.500
v -28.260 32.478 5.500
v -28.403 32.798 5.500
v -28.723 32.655 5.500
v -32.596 41.288 0.000
v -32.276 41.431 0.000
v -32.419 41.751 0.000
v -32.739 41.608 0.000
v -32.596 41.288 5.500
v -32.276 41.431 5.500
v -32.419 41.751 5.500
v -32.739 41.608 5.500
v -36.612 50.241 0.000
v -36.292 50.384 0.000
v -36.436 50.704 0.000
v -36.755 50.561 0.000
v -36.612 50.241 5.500
v -36.292 50.384 5.500
v -36.436 50.704 5.500
v -36.755 50.561 5.500
v -20.550 14.620 1.800
v -20.368 14.701 1.800
v -24.384 23.654 1.800
v -24.566 23.573 1.800
v -20.550 14.620 2.000
v -20.368 14.701 2.000
v -24.384 23.654 2.000
v -24.566 23.573 2.000
v -20.550 14.620 3.600
v -20.368 14.701 3.600
v -24.384 23.654 3.600
v -24.566 23.573 3.600
v -20.550 14.620 3.800
v -20.368 14.701 3.800
v -24.384 23.654 3.800
v -24.566 23.573 3.800
v -20.550 14.620 5.300
v -20.368 14.701 5.300
v -24.384 23.654 5.300
v -24.566 23.573 5.300
v -20.550 14.620 5.500
v -20.368 14.701 5.500
v -24.384 23.654 5.500
v -24.566 23.573 5.500
v -24.566 23.573 1.800
v -24.384 23.654 1.800
v -28.400 32.607 1.800
v -28.583 32.526 1.800
v -24.566 23.573 2.000
v -24.384 23.654 2.000
v -28.400 32.607 2.000
v -28.583 32.526 2.000
v -24.566 23.573 3.600
v -24.384 23.654 3.600
v -28.400 32.607 3.600
v -28.583 32.526 3.600
v -24.566 23.573 3.800
v -24.384 23.654 3.800
v -28.400 32.607 3.800
v -28.583 32.526 3.800
v -24.566 23.573 5.300
v -24.384 23.654 5.300
v -28.400 32.607 5.300
v -28.583 32.526 5.300
v -24.566 23.573 5.500
v -24.384 23.654 5.500
v -28.400 32.607 5.500
v -28.583 32.526 5.500
v -28.583 32.526 1.800
v -28.400 32.607 1.800
v -32.416 41.560 1.800
v -32.599 41.479 1.800
v -28.583 32.526 2.000
v -28.400 32.607 2.000
v -32.416 41.560 2.000
v -32.599 41.479 2.000
v -28.583 32.526 3.600
v -28.400 32.607 3.600
v -32.416 41.560 3.600
v -32.599 41.479 3.600
v -28.583 32.526 3.800
v -28.400 32.607 3.800
v -32.416 41.560 3.800
v -32.599 41.479 3.800
v -28.583 32.526 5.300
v -28.400 32.607 5.300
v -32.416 41.560 5.300
v -32.599 41.479 5.300
v -28.583 32.526 5.500
v -28.400 32.607 5.500
v -32.416 41.560 5.500
v -32.599 41.479 5.500
v -32.599 41.479 1.800
v -32.416 41.560 1.800
v -36.432 50.513 1.800
v -36.615 50.432 1.800
v -32.599 41.479 2.000
v -32.416 41.560 2.000
v -36.432 50.513 2.000
v -36.615 50.432 2.000
v -32.599 41.479 3.600
v -32.416 41.560 3.600
v -36.432 50.513 3.600
v -36.615 50.432 3.600
v -32.599 41.479 3.800
v -32.416 41.560 3.800
v -36.432 50.513 3.800
v -36.615 50.432 3.800
v -32.599 41.479 5.300
v -32.416 41.560 5.300
v -36.432 50.513 5.300
v -36.615 50.432 5.300
v -32.599 41.479 5.500
v -32.416 41.560 5.500
v -36.432 50.513 5.500
v -36.615 50.432 5.500
v -48.040 45.197 1.800
v -36.483 50.381 1.800
v -36.565 50.564 1.800
v -48.122 45.379 1.800
v -48.040 45.197 2.000
v -36.483 50.381 2.000
v -36.565 50.564 2.000
v -48.122 45.379 2.000
v -48.040 45.197 3.600
v -36.483 50.381 3.600
v -36.565 50.564 3.600
v -48.122 45.379 3.600
v -48.040 45.197 3.800
v -36.483 50.381 3.800
v -36.565 50.564 3.800
v -48.122 45.379 3.800
v -48.040 45.197 5.300
v -36.483 50.381 5.300
v -36.565 50.564 5.300
v -48.122 45.379 5.300
v -48.040 45.197 5.500
v -36.483 50.381 5.500
v -36.565 50.564 5.500
v -48.122 45.379 5.500
v -20.547 14.429 0.000
v -20.228 14.572 0.000
v -20.371 14.892 0.000
v -20.690 14.749 0.000
v -20.547 14.429 5.500
v -20.228 14.572 5.500
v -20.371 14.892 5.500
v -20.690 14.749 5.500
v -24.563 23.382 0.000
v -24.244 23.525 0.000
v -24.387 23.845 0.000
v -24.707 23.702 0.000
v -24.563 23.382 5.500
v -24.244 23.525 5.500
v -24.387 23.845 5.500
v -24.707 23.702 5.500
v -28.579 32.335 0.000
v -28.260 32.478 0.000
v -28.403 32.798 0.000
v -28.723 32.655 0.000
v -28.579 32.335 5.500
v -28.260 32.478 5.500
v -28.403 32.798 5.500
v -28.723 32.655 5.500
v -32.596 41.288 0.000
v -32.276 41.431 0.000
v -32.419 41.751 0.000
v -32.739 41.608 0.000
v -32.596 41.288 5.500
v -32.276 41.431 5.500
v -32.419 41.751 5.500
v -32.739 41.608 5.500
v -36.612 50.241 0.000
v -36.292 50.384 0.000
v -36.436 50.704 0.000
v -36.755 50.561 0.000
v -36.612 50.241 5.500
v -36.292 50.384 5.500
v -36.436 50.704 5.500
v -36.755 50.561 5.500
v -20.550 14.620 1.800
v -20.368 14.701 1.800
v -24.384 23.654 1.800
v -24.566 23.573 1.800
v -20.550 14.620 2.000
v -20.368 14.701 2.000
v -24.384 23.654 2.000
v -24.566 23.573 2.000
v -20.550 14.620 3.600
v -20.368 14.701 3.600
v -24.384 23.654 3.600
v -24.566 23.573 3.600
v -20.550 14.620 3.800
v -20.368 14.701 3.800
v -24.384 23.654 3.800
v -24.566 23.573 3.800
v -20.550 14.620 5.300
v -20.368 14.701 5.300
v -24.384 23.654 5.300
v -24.566 23.573 5.300
v -20.550 14.620 5.500
v -20.368 14.701 5.500
v -24.384 23.654 5.500
v -24.566 23.573 5.500
v -24.566 23.573 1.800
v -24.384 23.654 1.800
v -28.400 32.607 1.800
v -28.583 32.526 1.800
v -24.566 23.573 2.000
v -24.384 23.654 2.000
v -28.400 32.607 2.000
v -28.583 32.526 2.000
v -24.566 23.573 3.600
v -24.384 23.654 3.600
v -28.400 32.607 3.600
v -28.583 32.526 3.600
v -24.566 23.573 3.800
v -24.384 23.654 3.800
v -28.400 32.607 3.800
v -28.583 32.526 3.800
v -24.566 23.573 5.300
v -24.384 23.654 5.300
v -28.400 32.607 5.300
v -28.583 32.526 5.300
v -24.566 23.573 5.500
v -24.384 23.654 5.500
v -28.400 32.607 5.500
v -28.583 32.526 5.500
v -28.583 32.526 1.800
v -28.400 32.607 1.800
v -32.416 41.560 1.800
v -32.599 41.479 1.800
v -28.583 32.526 2.000
v -28.400 32.607 2.000
v -32.416 41.560 2.000
v -32.599 41.479 2.000
v -28.583 32.526 3.600
v -28.400 32.607 3.600
v -32.416 41.560 3.600
v -32.599 41.479 3.600
v -28.583 32.526 3.800
v -28.400 32.607 3.800
v -32.416 41.560 3.800
v -32.599 41.479 3.800
v -28.583 32.526 5.300
v -28.400 32.607 5.300
v -32.416 41.560 5.300
v -32.599 41.479 5.300
v -28.583 32.526 5.500
v -28.400 32.607 5.500
v -32.416 41.560 5.500
v -32.599 41.479 5.500
v -32.599 41.479 1.800
v -32.416 41.560 1.800
v -36.432 50.513 1.800
v -36.615 50.432 1.800
v -32.599 41.479 2.000
v -32.416 41.560 2.000
v -36.432 50.513 2.000
v -36.615 50.432 2.000
v -32.599 41.479 3.600
v -32.416 41.560 3.600
v -36.432 50.513 3.600
v -36.615 50.432 3.600
v -32.599 41.479 3.800
v -32.416 41.560 3.800
v -36.432 50.513 3.800
v -36.615 50.432 3.800
v -32.599 41.479 5.300
v -32.416 41.560 5.300
v -36.432 50.513 5.300
v -36.615 50.432 5.300
v -32.599 41.479 5.500
v -32.416 41.560 5.500
v -36.432 50.513 5.500
v -36.615 50.432 5.500
v -8.990 19.614 0.000
v -8.671 19.757 0.000
v -8.814 20.076 0.000
v -9.133 19.933 0.000
v -8.990 19.614 5.500
v -8.671 19.757 5.500
v -8.814 20.076 5.500
v -9.133 19.933 5.500
v -13.006 28.567 0.000
v -12.687 28.710 0.000
v -12.830 29.029 0.000
v -13.149 28.886 0.000
v -13.006 28.567 5.500
v -12.687 28.710 5.500
v -12.830 29.029 5.500
v -13.149 28.886 5.500
v -17.022 37.520 0.000
v -16.703 37.663 0.000
v -16.846 37.982 0.000
v -17.166 37.839 0.000
v -17.022 37.520 5.500
v -16.703 37.663 5.500
v -16.846 37.982 5.500
v -17.166 37.839 5.500
v -21.038 46.472 0.000
v -20.719 46.616 0.000
v -20.862 46.935 0.000
v -21.182 46.792 0.000
v -21.038 46.472 5.500
v -20.719 46.616 5.500
v -20.862 46.935 5.500
v -21.182 46.792 5.500
v -25.055 55.425 0.000
v -24.735 55.569 0.000
v -24.878 55.888 0.000
v -25.198 55.745 0.000
v -25.055 55.425 5.500
v -24.735 55.569 5.500
v -24.878 55.888 5.500
v -25.198 55.745 5.500
v -8.993 19.804 1.800
v -8.811 19.886 1.800
v -12.827 28.839 1.800
v -13.009 28.757 1.800
v -8.993 19.804 2.000
v -8.811 19.886 2.000
v -12.827 28.839 2.000
v -13.009 28.757 2.000
v -8.993 19.804 3.600
v -8.811 19.886 3.600
v -12.827 28.839 3.600
v -13.009 28.757 3.600
v -8.993 19.804 3.800
v -8.811 19.886 3.800
v -12.827 28.839 3.800
v -13.009 28.757 3.800
v -8.993 19.804 5.300
v -8.811 19.886 5.300
v -12.827 28.839 5.300
v -13.009 28.757 5.300
v -8.993 19.804 5.500
v -8.811 19.886 5.500
v -12.827 28.839 5.500
v -13.009 28.757 5.500
v -13.009 28.757 1.800
v -12.827 28.839 1.800
v -16.843 37.792 1.800
v -17.025 37.710 1.800
v -13.009 28.757 2.000
v -12.827 28.839 2.000
v -16.843 37.792 2.000
v -17.025 37.710 2.000
v -13.009 28.757 3.600
v -12.827 28.839 3.600
v -16.843 37.792 3.600
v -17.025 37.710 3.600
v -13.009 28.757 3.800
v -12.827 28.839 3.800
v -16.843 37.792 3.800
v -17.025 37.710 3.800
v -13.009 28.757 5.300
v -12.827 28.839 5.300
v -16.843 37.792 5.300
v -17.025 37.710 5.300
v -13.009 28.757 5.500
v -12.827 28.839 5.500
v -16.843 37.792 5.500
v -17.025 37.710 5.500
v -17.025 37.710 1.800
v -16.843 37.792 1.800
v -20.859 46.745 1.800
v -21.042 46.663 1.800
v -17.025 37.710 2.000
v -16.843 37.792 2.000
v -20.859 46.745 2.000
v -21.042 46.663 2.000
v -17.025 37.710 3.600
v -16.843 37.792 3.600
v -20.859 46.745 3.600
v -21.042 46.663 3.600
v -17.025 37.710 3.800
v -16.843 37.792 3.800
v -20.859 46.745 3.800
v -21.042 46.663 3.800
v -17.025 37.710 5.300
v -16.843 37.792 5.300
v -20.859 46.745 5.300
v -21.042 46.663 5.300
v -17.025 37.710 5.500
v -16.843 37.792 5.500
v -20.859 46.745 5.500
v -21.042 46.663 5.500
v -21.042 46.663 1.800
v -20.859 46.745 1.800
v -24.875 55.698 1.800
v -25.058 55.616 1.800
v -21.042 46.663 2.000
v -20.859 46.745 2.000
v -24.875 55.698 2.000
v -25.058 55.616 2.000
v -21.042 46.663 3.600
v -20.859 46.745 3.600
v -24.875 55.698 3.600
v -25.058 55.616 3.600
v -21.042 46.663 3.800
v -20.859 46.745 3.800
v -24.875 55.698 3.800
v -25.058 55.616 3.800
v -21.042 46.663 5.300
v -20.859 46.745 5.300
v -24.875 55.698 5.300
v -25.058 55.616 5.300
v -21.042 46.663 5.500
v -20.859 46.745 5.500
v -24.875 55.698 5.500
v -25.058 55.616 5.500
v -36.483 50.381 1.800
v -24.926 55.566 1.800
v -25.007 55.748 1.800
v -36.565 50.564 1.800
v -36.483 50.381 2.000
v -24.926 55.566 2.000
v -25.007 55.748 2.000
v -36.565 50.564 2.000
v -36.483 50.381 3.600
v -24.926 55.566 3.600
v -25.007 55.748 3.600
v -36.565 50.564 3.600
v -36.483 50.381 3.800
v -24.926 55.566 3.800
v -25.007 55.748 3.800
v -36.565 50.564 3.800
v -36.483 50.381 5.300
v -24.926 55.566 5.300
v -25.007 55.748 5.300
v -36.565 50.564 5.300
v -36.483 50.381 5.500
v -24.926 55.566 5.500
v -25.007 55.748 5.500
v -36.565 50.564 5.500
v -8.990 19.614 0.000
v -8.671 19.757 0.000
v -8.814 20.076 0.000
v -9.133 19.933 0.000
v -8.990 19.614 5.500
v -8.671 19.757 5.500
v -8.814 20.076 5.500
v -9.133 19.933 5.500
v -13.006 28.567 0.000
v -12.687 28.710 0.000
v -12.830 29.029 0.000
v -13.149 28.886 0.000
v -13.006 28.567 5.500
v -12.687 28.710 5.500
v -12.830 29.029 5.500
v -13.149 28.886 5.500
v -17.022 37.520 0.000
v -16.703 37.663 0.000
v -16.846 37.982 0.000
v -17.166 37.839 0.000
v -17.022 37.520 5.500
v -16.703 37.663 5.500
v -16.846 37.982 5.500
v -17.166 37.839 5.500
v -21.038 46.472 0.000
v -20.719 46.616 0.000
v -20.862 46.935 0.000
v -21.182 46.792 0.000
v -21.038 46.472 5.500
v -20.719 46.616 5.500
v -20.862 46.935 5.500
v -21.182 46.792 5.500
v -25.055 55.425 0.000
v -24.735 55.569 0.000
v -24.878 55.888 0.000
v -25.198 55.745 0.000
v -25.055 55.425 5.500
v -24.735 55.569 5.500
v -24.878 55.888 5.500
v -25.198 55.745 5.500
v -8.993 19.804 1.800
v -8.811 19.886 1.800
v -12.827 28.839 1.800
v -13.009 28.757 1.800
v -8.993 19.804 2.000
v -8.811 19.886 2.000
v -12.827 28.839 2.000
v -13.009 28.757 2.000
v -8.993 19.804 3.600
v -8.811 19.886 3.600
v -12.827 28.839 3.600
v -13.009 28.757 3.600
v -8.993 19.804 3.800
v -8.811 19.886 3.800
v -12.827 28.839 3.800
v -13.009 28.757 3.800
v -8.993 19.804 5.300
v -8.811 19.886 5.300
v -12.827 28.839 5.300
v -13.009 28.757 5.300
v -8.993 19.804 5.500
v -8.811 19.886 5.500
v -12.827 28.839 5.500
v -13.009 28.757 5.500
v -13.009 28.757 1.800
v -12.827 28.839 1.800
v -16.843 37.792 1.800
v -17.025 37.710 1.800
v -13.009 28.757 2.000
v -12.827 28.839 2.000
v -16.843 37.792 2.000
v -17.025 37.710 2.000
v -13.009 28.757 3.600
v -12.827 28.839 3.600
v -16.843 37.792 3.600
v -17.025 37.710 3.600
v -13.009 28.757 3.800
v -12.827 28.839 3.800
v -16.843 37.792 3.800
v -17.025 37.710 3.800
v -13.009 28.757 5.300
v -12.827 28.839 5.300
v -16.843 37.792 5.300
v -17.025 37.710 5.300
v -13.009 28.757 5.500
v -12.827 28.839 5.500
v -16.843 37.792 5.500
v -17.025 37.710 5.500
v -17.025 37.710 1.800
v -16.843 37.792 1.800
v -20.859 46.745 1.800
v -21.042 46.663 1.800
v -17.025 37.710 2.000
v -16.843 37.792 2.000
v -20.859 46.745 2.000
v -21.042 46.663 2.000
v -17.025 37.710 3.600
v -16.843 37.792 3.600
v -20.859 46.745 3.600
v -21.042 46.663 3.600
v -17.025 37.710 3.800
v -16.843 37.792 3.800
v -20.859 46.745 3.800
v -21.042 46.663 3.800
v -17.025 37.710 5.300
v -16.843 37.792 5.300
v -20.859 46.745 5.300
v -21.042 46.663 5.300
v -17.025 37.710 5.500
v -16.843 37.792 5.500
v -20.859 46.745 5.500
v -21.042 46.663 5.500
v -21.042 46.663 1.800
v -20.859 46.745 1.800
v -24.875 55.698 1.800
v -25.058 55.616 1.800
v -21.042 46.663 2.000
v -20.859 46.745 2.000
v -24.875 55.698 2.000
v -25.058 55.616 2.000
v -21.042 46.663 3.600
v -20.859 46.745 3.600
v -24.875 55.698 3.600
v -25.058 55.616 3.600
v -21.042 46.663 3.800
v -20.859 46.745 3.800
v -24.875 55.698 3.800
v -25.058 55.616 3.800
v -21.042 46.663 5.300
v -20.859 46.745 5.300
v -24.875 55.698 5.300
v -25.058 55.616 5.300
v -21.042 46.663 5.500
v -20.859 46.745 5.500
v -24.875 55.698 5.500
v -25.058 55.616 5.500
v 2.567 24.798 0.000
v 2.886 24.941 0.000
v 2.743 25.260 0.000
v 2.424 25.117 0.000
v 2.567 24.798 5.500
v 2.886 24.941 5.500
v 2.743 25.260 5.500
v 2.424 25.117 5.500
v -1.449 33.751 0.000
v -1.130 33.894 0.000
v -1.273 34.213 0.000
v -1.592 34.070 0.000
v -1.449 33.751 5.500
v -1.130 33.894 5.500
v -1.273 34.213 5.500
v -1.592 34.070 5.500
v -5.465 42.704 0.000
v -5.146 42.847 0.000
v -5.289 43.166 0.000
v -5.608 43.023 0.000
v -5.465 42.704 5.500
v -5.146 42.847 5.500
v -5.289 43.166 5.500
v -5.608 43.023 5.500
v -9.481 51.657 0.000
v -9.162 51.800 0.000
v -9.305 52.119 0.000
v -9.624 51.976 0.000
v -9.481 51.657 5.500
v -9.162 51.800 5.500
v -9.305 52.119 5.500
v -9.624 51.976 5.500
v -13.497 60.610 0.000
v -13.178 60.753 0.000
v -13.321 61.072 0.000
v -13.641 60.929 0.000
v -13.497 60.610 5.500
v -13.178 60.753 5.500
v -13.321 61.072 5.500
v -13.641 60.929 5.500
v 2.564 24.988 1.800
v 2.746 25.070 1.800
v -1.270 34.023 1.800
v -1.452 33.941 1.800
v 2.564 24.988 2.000
v 2.746 25.070 2.000
v -1.270 34.023 2.000
v -1.452 33.941 2.000
v 2.564 24.988 3.600
v 2.746 25.070 3.600
v -1.270 34.023 3.600
v -1.452 33.941 3.600
v 2.564 24.988 3.800
v 2.746 25.070 3.800
v -1.270 34.023 3.800
v -1.452 33.941 3.800
v 2.564 24.988 5.300
v 2.746 25.070 5.300
v -1.270 34.023 5.300
v -1.452 33.941 5.300
v 2.564 24.988 5.500
v 2.746 25.070 5.500
v -1.270 34.023 5.500
v -1.452 33.941 5.500
v -1.452 33.941 1.800
v -1.270 34.023 1.800
v -5.286 42.976 1.800
v -5.468 42.894 1.800
v -1.452 33.941 2.000
v -1.270 34.023 2.000
v -5.286 42.976 2.000
v -5.468 42.894 2.000
v -1.452 33.941 3.600
v -1.270 34.023 3.600
v -5.286 42.976 3.600
v -5.468 42.894 3.600
v -1.452 33.941 3.800
v -1.270 34.023 3.800
v -5.286 42.976 3.800
v -5.468 42.894 3.800
v -1.452 33.941 5.300
v -1.270 34.023 5.300
v -5.286 42.976 5.300
v -5.468 42.894 5.300
v -1.452 33.941 5.500
v -1.270 34.023 5.500
v -5.286 42.976 5.500
v -5.468 42.894 5.500
v -5.468 42.894 1.800
v -5.286 42.976 1.800
v -9.302 51.929 1.800
v -9.484 51.847 1.800
v -5.468 42.894 2.000
v -5.286 42.976 2.000
v -9.302 51.929 2.000
v -9.484 51.847 2.000
v -5.468 42.894 3.600
v -5.286 42.976 3.600
v -9.302 51.929 3.600
v -9.484 51.847 3.600
v -5.468 42.894 3.800
v -5.286 42.976 3.800
v -9.302 51.929 3.800
v -9.484 51.847 3.800
v -5.468 42.894 5.300
v -5.286 42.976 5.300
v -9.302 51.929 5.300
v -9.484 51.847 5.300
v -5.468 42.894 5.500
v -5.286 42.976 5.500
v -9.302 51.929 5.500
v -9.484 51.847 5.500
v -9.484 51.847 1.800
v -9.302 51.929 1.800
v -13.318 60.882 1.800
v -13.501 60.800 1.800
v -9.484 51.847 2.000
v -9.302 51.929 2.000
v -13.318 60.882 2.000
v -13.501 60.800 2.000
v -9.484 51.847 3.600
v -9.302 51.929 3.600
v -13.318 60.882 3.600
v -13.501 60.800 3.600
v -9.484 51.847 3.800
v -9.302 51.929 3.800
v -13.318 60.882 3.800
v -13.501 60.800 3.800
v -9.484 51.847 5.300
v -9.302 51.929 5.300
v -13.318 60.882 5.300
v -13.501 60.800 5.300
v -9.484 51.847 5.500
v -9.302 51.929 5.500
v -13.318 60.882 5.500
v -13.501 60.800 5.500
v -24.926 55.566 1.800
v -13.368 60.750 1.800
v -13.450 60.932 1.800
v -25.007 55.748 1.800
v -24.926 55.566 2.000
v -13.368 60.750 2.000
v -13.450 60.932 2.000
v -25.007 55.748 2.000
v -24.926 55.566 3.600
v -13.368 60.750 3.600
v -13.450 60.932 3.600
v -25.007 55.748 3.600
v -24.926 55.566 3.800
v -13.368 60.750 3.800
v -13.450 60.932 3.800
v -25.007 55.748 3.800
v -24.926 55.566 5.300
v -13.368 60.750 5.300
v -13.450 60.932 5.300
v -25.007 55.748 5.300
v -24.926 55.566 5.500
v -13.368 60.750 5.500
v -13.450 60.932 5.500
v -25.007 55.748 5.500
v 2.567 24.798 0.000
v 2.886 24.941 0.000
v 2.743 25.260 0.000
v 2.424 25.117 0.000
v 2.567 24.798 5.500
v 2.886 24.941 5.500
v 2.743 25.260 5.500
v 2.424 25.117 5.500
v -1.449 33.751 0.000
v -1.130 33.894 0.000
v -1.273 34.213 0.000
v -1.592 34.070 0.000
v -1.449 33.751 5.500
v -1.130 33.894 5.500
v -1.273 34.213 5.500
v -1.592 34.070 5.500
v -5.465 42.704 0.000
v -5.146 42.847 0.000
v -5.289 43.166 0.000
v -5.608 43.023 0.000
v -5.465 42.704 5.500
v -5.146 42.847 5.500
v -5.289 43.166 5.500
v -5.608 43.023 5.500
v -9.481 51.657 0.000
v -9.162 51.800 0.000
v -9.305 52.119 0.000
v -9.624 51.976 0.000
v -9.481 51.657 5.500
v -9.162 51.800 5.500
v -9.305 52.119 5.500
v -9.624 51.976 5.500
v -13.497 60.610 0.000
v -13.178 60.753 0.000
v -13.321 61.072 0.000
v -13.641 60.929 0.000
v -13.497 60.610 5.500
v -13.178 60.753 5.500
v -13.321 61.072 5.500
v -13.641 60.929 5.500
v 2.564 24.988 1.800
v 2.746 25.070 1.800
v -1.270 34.023 1.800
v -1.452 33.941 1.800
v 2.564 24.988 2.000
v 2.746 25.070 2.000
v -1.270 34.023 2.000
v -1.452 33.941 2.000
v 2.564 24.988 3.600
v 2.746 25.070 3.600
v -1.270 34.023 3.600
v -1.452 33.941 3.600
v 2.564 24.988 3.800
v 2.746 25.070 3.800
v -1.270 34.023 3.800
v -1.452 33.941 3.800
v 2.564 24.988 5.300
v 2.746 25.070 5.300
v -1.270 34.023 5.300
v -1.452 33.941 5.300
v 2.564 24.988 5.500
v 2.746 25.070 5.500
v -1.270 34.023 5.500
v -1.452 33.941 5.500
v -1.452 33.941 1.800
v -1.270 34.023 1.800
v -5.286 42.976 1.800
v -5.468 42.894 1.800
v -1.452 33.941 2.000
v -1.270 34.023 2.000
v -5.286 42.976 2.000
v -5.468 42.894 2.000
v -1.452 33.941 3.600
v -1.270 34.023 3.600
v -5.286 42.976 3.600
v -5.468 42.894 3.600
v -1.452 33.941 3.800
v -1.270 34.023 3.800
v -5.286 42.976 3.800
v -5.468 42.894 3.800
v -1.452 33.941 5.300
v -1.270 34.023 5.300
v -5.286 42.976 5.300
v -5.468 42.894 5.300
v -1.452 33.941 5.500
v -1.270 34.023 5.500
v -5.286 42.976 5.500
v -5.468 42.894 5.500
v -5.468 42.894 1.800
v -5.286 42.976 1.800
v -9.302 51.929 1.800
v -9.484 51.847 1.800
v -5.468 42.894 2.000
v -5.286 42.976 2.000
v -9.302 51.929 2.000
v -9.484 51.847 2.000
v -5.468 42.894 3.600
v -5.286 42.976 3.600
v -9.302 51.929 3.600
v -9.484 51.847 3.600
v -5.468 42.894 3.800
v -5.286 42.976 3.800
v -9.302 51.929 3.800
v -9.484 51.847 3.800
v -5.468 42.894 5.300
v -5.286 42.976 5.300
v -9.302 51.929 5.300
v -9.484 51.847 5.300
v -5.468 42.894 5.500
v -5.286 42.976 5.500
v -9.302 51.929 5.500
v -9.484 51.847 5.500
v -9.484 51.847 1.800
v -9.302 51.929 1.800
v -13.318 60.882 1.800
v -13.501 60.800 1.800
v -9.484 51.847 2.000
v -9.302 51.929 2.000
v -13.318 60.882 2.000
v -13.501 60.800 2.000
v -9.484 51.847 3.600
v -9.302 51.929 3.600
v -13.318 60.882 3.600
v -13.501 60.800 3.600
v -9.484 51.847 3.800
v -9.302 51.929 3.800
v -13.318 60.882 3.800
v -13.501 60.800 3.800
v -9.484 51.847 5.300
v -9.302 51.929 5.300
v -13.318 60.882 5.300
v -13.501 60.800 5.300
v -9.484 51.847 5.500
v -9.302 51.929 5.500
v -13.318 60.882 5.500
v -13.501 60.800 5.500
v 14.124 29.982 0.000
v 14.444 30.125 0.000
v 14.300 30.445 0.000
v 13.981 30.301 0.000
v 14.124 29.982 5.500
v 14.444 30.125 5.500
v 14.300 30.445 5.500
v 13.981 30.301 5.500
v 10.108 38.935 0.000
v 10.427 39.078 0.000
v 10.284 39.398 0.000
v 9.965 39.254 0.000
v 10.108 38.935 5.500
v 10.427 39.078 5.500
v 10.284 39.398 5.500
v 9.965 39.254 5.500
v 6.092 47.888 0.000
v 6.411 48.031 0.000
v 6.268 48.351 0.000
v 5.949 48.207 0.000
v 6.092 47.888 5.500
v 6.411 48.031 5.500
v 6.268 48.351 5.500
v 5.949 48.207 5.500
v 2.076 56.841 0.000
v 2.395 56.984 0.000
v 2.252 57.304 0.000
v 1.933 57.160 0.000
v 2.076 56.841 5.500
v 2.395 56.984 5.500
v 2.252 57.304 5.500
v 1.933 57.160 5.500
v -1.940 65.794 0.000
v -1.621 65.937 0.000
v -1.764 66.257 0.000
v -2.083 66.113 0.000
v -1.940 65.794 5.500
v -1.621 65.937 5.500
v -1.764 66.257 5.500
v -2.083 66.113 5.500
v 14.121 30.172 1.800
v 14.304 30.254 1.800
v 10.287 39.207 1.800
v 10.105 39.125 1.800
v 14.121 30.172 2.000
v 14.304 30.254 2.000
v 10.287 39.207 2.000
v 10.105 39.125 2.000
v 14.121 30.172 3.600
v 14.304 30.254 3.600
v 10.287 39.207 3.600
v 10.105 39.125 3.600
v 14.121 30.172 3.800
v 14.304 30.254 3.800
v 10.287 39.207 3.800
v 10.105 39.125 3.800
v 14.121 30.172 5.300
v 14.304 30.254 5.300
v 10.287 39.207 5.300
v 10.105 39.125 5.300
v 14.121 30.172 5.500
v 14.304 30.254 5.500
v 10.287 39.207 5.500
v 10.105 39.125 5.500
v 10.105 39.125 1.800
v 10.287 39.207 1.800
v 6.271 48.160 1.800
v 6.089 48.078 1.800
v 10.105 39.125 2.000
v 10.287 39.207 2.000
v 6.271 48.160 2.000
v 6.089 48.078 2.000
v 10.105 39.125 3.600
v 10.287 39.207 3.600
v 6.271 48.160 3.600
v 6.089 48.078 3.600
v 10.105 39.125 3.800
v 10.287 39.207 3.800
v 6.271 48.160 3.800
v 6.089 48.078 3.800
v 10.105 39.125 5.300
v 10.287 39.207 5.300
v 6.271 48.160 5.300
v 6.089 48.078 5.300
v 10.105 39.125 5.500
v 10.287 39.207 5.500
v 6.271 48.160 5.500
v 6.089 48.078 5.500
v 6.089 48.078 1.800
v 6.271 48.160 1.800
v 2.255 57.113 1.800
v 2.073 57.031 1.800
v 6.089 48.078 2.000
v 6.271 48.160 2.000
v 2.255 57.113 2.000
v 2.073 57.031 2.000
v 6.089 48.078 3.600
v 6.271 48.160 3.600
v 2.255 57.113 3.600
v 2.073 57.031 3.600
v 6.089 48.078 3.800
v 6.271 48.160 3.800
v 2.255 57.113 3.800
v 2.073 57.031 3.800
v 6.089 48.078 5.300
v 6.271 48.160 5.300
v 2.255 57.113 5.300
v 2.073 57.031 5.300
v 6.089 48.078 5.500
v 6.271 48.160 5.500
v 2.255 57.113 5.500
v 2.073 57.031 5.500
v 2.073 57.031 1.800
v 2.255 57.113 1.800
v -1.761 66.066 1.800
v -1.943 65.984 1.800
v 2.073 57.031 2.000
v 2.255 57.113 2.000
v -1.761 66.066 2.000
v -1.943 65.984 2.000
v 2.073 57.031 3.600
v 2.255 57.113 3.600
v -1.761 66.066 3.600
v -1.943 65.984 3.600
v 2.073 57.031 3.800
v 2.255 57.113 3.800
v -1.761 66.066 3.800
v -1.943 65.984 3.800
v 2.073 57.031 5.300
v 2.255 57.113 5.300
v -1.761 66.066 5.300
v -1.943 65.984 5.300
v 2.073 57.031 5.500
v 2.255 57.113 5.500
v -1.761 66.066 5.500
v -1.943 65.984 5.500
v -13.368 60.750 1.800
v -1.811 65.934 1.800
v -1.893 66.117 1.800
v -13.450 60.932 1.800
v -13.368 60.750 2.000
v -1.811 65.934 2.000
v -1.893 66.117 2.000
v -13.450 60.932 2.000
v -13.368 60.750 3.600
v -1.811 65.934 3.600
v -1.893 66.117 3.600
v -13.450 60.932 3.600
v -13.368 60.750 3.800
v -1.811 65.934 3.800
v -1.893 66.117 3.800
v -13.450 60.932 3.800
v -13.368 60.750 5.300
v -1.811 65.934 5.300
v -1.893 66.117 5.300
v -13.450 60.932 5.300
v -13.368 60.750 5.500
v -1.811 65.934 5.500
v -1.893 66.117 5.500
v -13.450 60.932 5.500
v 14.124 29.982 0.000
v 14.444 30.125 0.000
v 14.300 30.445 0.000
v 13.981 30.301 0.000
v 14.124 29.982 5.500
v 14.444 30.125 5.500
v 14.300 30.445 5.500
v 13.981 30.301 5.500
v 10.108 38.935 0.000
v 10.427 39.078 0.000
v 10.284 39.398 0.000
v 9.965 39.254 0.000
v 10.108 38.935 5.500
v 10.427 39.078 5.500
v 10.284 39.398 5.500
v 9.965 39.254 5.500
v 6.092 47.888 0.000
v 6.411 48.031 0.000
v 6.268 48.351 0.000
v 5.949 48.207 0.000
v 6.092 47.888 5.500
v 6.411 48.031 5.500
v 6.268 48.351 5.500
v 5.949 48.207 5.500
v 2.076 56.841 0.000
v 2.395 56.984 0.000
v 2.252 57.304 0.000
v 1.933 57.160 0.000
v 2.076 56.841 5.500
v 2.395 56.984 5.500
v 2.252 57.304 5.500
v 1.933 57.160 5.500
v -1.940 65.794 0.000
v -1.621 65.937 0.000
v -1.764 66.257 0.000
v -2.083 66.113 0.000
v -1.940 65.794 5.500
v -1.621 65.937 5.500
v -1.764 66.257 5.500
v -2.083 66.113 5.500
v 14.121 30.172 1.800
v 14.304 30.254 1.800
v 10.287 39.207 1.800
v 10.105 39.125 1.800
v 14.121 30.172 2.000
v 14.304 30.254 2.000
v 10.287 39.207 2.000
v 10.105 39.125 2.000
v 14.121 30.172 3.600
v 14.304 30.254 3.600
v 10.287 39.207 3.600
v 10.105 39.125 3.600
v 14.121 30.172 3.800
v 14.304 30.254 3.800
v 10.287 39.207 3.800
v 10.105 39.125 3.800
v 14.121 30.172 5.300
v 14.304 30.254 5.300
v 10.287 39.207 5.300
v 10.105 39.125 5.300
v 14.121 30.172 5.500
v 14.304 30.254 5.500
v 10.287 39.207 5.500
v 10.105 39.125 5.500
v 10.105 39.125 1.800
v 10.287 39.207 1.800
v 6.271 48.160 1.800
v 6.089 48.078 1.800
v 10.105 39.125 2.000
v 10.287 39.207 2.000
v 6.271 48.160 2.000
v 6.089 48.078 2.000
v 10.105 39.125 3.600
v 10.287 39.207 3.600
v 6.271 48.160 3.600
v 6.089 48.078 3.600
v 10.105 39.125 3.800
v 10.287 39.207 3.800
v 6.271 48.160 3.800
v 6.089 48.078 3.800
v 10.105 39.125 5.300
v 10.287 39.207 5.300
v 6.271 48.160 5.300
v 6.089 48.078 5.300
v 10.105 39.125 5.500
v 10.287 39.207 5.500
v 6.271 48.160 5.500
v 6.089 48.078 5.500
v 6.089 48.078 1.800
v 6.271 48.160 1.800
v 2.255 57.113 1.800
v 2.073 57.031 1.800
v 6.089 48.078 2.000
v 6.271 48.160 2.000
v 2.255 57.113 2.000
v 2.073 57.031 2.000
v 6.089 48.078 3.600
v 6.271 48.160 3.600
v 2.255 57.113 3.600
v 2.073 57.031 3.600
v 6.089 48.078 3.800
v 6.271 48.160 3.800
v 2.255 57.113 3.800
v 2.073 57.031 3.800
v 6.089 48.078 5.300
v 6.271 48.160 5.300
v 2.255 57.113 5.300
v 2.073 57.031 5.300
v 6.089 48.078 5.500
v 6.271 48.160 5.500
v 2.255 57.113 5.500
v 2.073 57.031 5.500
v 2.073 57.031 1.800
v 2.255 57.113 1.800
v -1.761 66.066 1.800
v -1.943 65.984 1.800
v 2.073 57.031 2.000
v 2.255 57.113 2.000
v -1.761 66.066 2.000
v -1.943 65.984 2.000
v 2.073 57.031 3.600
v 2.255 57.113 3.600
v -1.761 66.066 3.600
v -1.943 65.984 3.600
v 2.073 57.031 3.800
v 2.255 57.113 3.800
v -1.761 66.066 3.800
v -1.943 65.984 3.800
v 2.073 57.031 5.300
v 2.255 57.113 5.300
v -1.761 66.066 5.300
v -1.943 65.984 5.300
v 2.073 57.031 5.500
v 2.255 57.113 5.500
v -1.761 66.066 5.500
v -1.943 65.984 5.500
v 25.681 35.166 0.000
v 26.001 35.310 0.000
v 25.858 35.629 0.000
v 25.538 35.486 0.000
v 25.681 35.166 5.500
v 26.001 35.310 5.500
v 25.858 35.629 5.500
v 25.538 35.486 5.500
v 21.665 44.119 0.000
v 21.985 44.263 0.000
v 21.841 44.582 0.000
v 21.522 44.439 0.000
v 21.665 44.119 5.500
v 21.985 44.263 5.500
v 21.841 44.582 5.500
v 21.522 44.439 5.500
v 17.649 53.072 0.000
v 17.969 53.216 0.000
v 17.825 53.535 0.000
v 17.506 53.392 0.000
v 17.649 53.072 5.500
v 17.969 53.216 5.500
v 17.825 53.535 5.500
v 17.506 53.392 5.500
v 13.633 62.025 0.000
v 13.952 62.169 0.000
v 13.809 62.488 0.000
v 13.490 62.345 0.000
v 13.633 62.025 5.500
v 13.952 62.169 5.500
v 13.809 62.488 5.500
v 13.490 62.345 5.500
v 9.617 70.978 0.000
v 9.936 71.122 0.000
v 9.793 71.441 0.000
v 9.474 71.298 0.000
v 9.617 70.978 5.500
v 9.936 71.122 5.500
v 9.793 71.441 5.500
v 9.474 71.298 5.500
v 25.678 35.357 1.800
v 25.861 35.439 1.800
v 21.845 44.392 1.800
v 21.662 44.310 1.800
v 25.678 35.357 2.000
v 25.861 35.439 2.000
v 21.845 44.392 2.000
v 21.662 44.310 2.000
v 25.678 35.357 3.600
v 25.861 35.439 3.600
v 21.845 44.392 3.600
v 21.662 44.310 3.600
v 25.678 35.357 3.800
v 25.861 35.439 3.800
v 21.845 44.392 3.800
v 21.662 44.310 3.800
v 25.678 35.357 5.300
v 25.861 35.439 5.300
v 21.845 44.392 5.300
v 21.662 44.310 5.300
v 25.678 35.357 5.500
v 25.861 35.439 5.500
v 21.845 44.392 5.500
v 21.662 44.310 5.500
v 21.662 44.310 1.800
v 21.845 44.392 1.800
v 17.828 53.345 1.800
v 17.646 53.263 1.800
v 21.662 44.310 2.000
v 21.845 44.392 2.000
v 17.828 53.345 2.000
v 17.646 53.263 2.000
v 21.662 44.310 3.600
v 21.845 44.392 3.600
v 17.828 53.345 3.600
v 17.646 53.263 3.600
v 21.662 44.310 3.800
v 21.845 44.392 3.800
v 17.828 53.345 3.800
v 17.646 53.263 3.800
v 21.662 44.310 5.300
v 21.845 44.392 5.300
v 17.828 53.345 5.300
v 17.646 53.263 5.300
v 21.662 44.310 5.500
v 21.845 44.392 5.500
v 17.828 53.345 5.500
v 17.646 53.263 5.500
v 17.646 53.263 1.800
v 17.828 53.345 1.800
v 13.812 62.298 1.800
v 13.630 62.216 1.800
v 17.646 53.263 2.000
v 17.828 53.345 2.000
v 13.812 62.298 2.000
v 13.630 62.216 2.000
v 17.646 53.263 3.600
v 17.828 53.345 3.600
v 13.812 62.298 3.600
v 13.630 62.216 3.600
v 17.646 53.263 3.800
v 17.828 53.345 3.800
v 13.812 62.298 3.800
v 13.630 62.216 3.800
v 17.646 53.263 5.300
v 17.828 53.345 5.300
v 13.812 62.298 5.300
v 13.630 62.216 5.300
v 17.646 53.263 5.500
v 17.828 53.345 5.500
v 13.812 62.298 5.500
v 13.630 62.216 5.500
v 13.630 62.216 1.800
v 13.812 62.298 1.800
v 9.796 71.251 1.800
v 9.614 71.169 1.800
v 13.630 62.216 2.000
v 13.812 62.298 2.000
v 9.796 71.251 2.000
v 9.614 71.169 2.000
v 13.630 62.216 3.600
v 13.812 62.298 3.600
v 9.796 71.251 3.600
v 9.614 71.169 3.600
v 13.630 62.216 3.800
v 13.812 62.298 3.800
v 9.796 71.251 3.800
v 9.614 71.169 3.800
v 13.630 62.216 5.300
v 13.812 62.298 5.300
v 9.796 71.251 5.300
v 9.614 71.169 5.300
v 13.630 62.216 5.500
v 13.812 62.298 5.500
v 9.796 71.251 5.500
v 9.614 71.169 5.500
v -1.811 65.934 1.800
v 9.746 71.118 1.800
v 9.664 71.301 1.800
v -1.893 66.117 1.800
v -1.811 65.934 2.000
v 9.746 71.118 2.000
v 9.664 71.301 2.000
v -1.893 66.117 2.000
v -1.811 65.934 3.600
v 9.746 71.118 3.600
v 9.664 71.301 3.600
v -1.893 66.117 3.600
v -1.811 65.934 3.800
v 9.746 71.118 3.800
v 9.664 71.301 3.800
v -1.893 66.117 3.800
v -1.811 65.934 5.300
v 9.746 71.118 5.300
v 9.664 71.301 5.300
v -1.893 66.117 5.300
v -1.811 65.934 5.500
v 9.746 71.118 5.500
v 9.664 71.301 5.500
v -1.893 66.117 5.500
v -2.135 -24.988 0.000
v -1.816 -24.844 0.000
v -1.959 -24.525 0.000
v -2.278 -24.668 0.000
v -2.135 -24.988 5.500
v -1.816 -24.844 5.500
v -1.959 -24.525 5.500
v -2.278 -24.668 5.500
v 1.881 -33.941 0.500
v 2.201 -33.797 0.500
v 2.057 -33.478 0.500
v 1.738 -33.621 0.500
v 1.881 -33.941 6.000
v 2.201 -33.797 6.000
v 2.057 -33.478 6.000
v 1.738 -33.621 6.000
v 5.897 -42.894 1.000
v 6.217 -42.750 1.000
v 6.073 -42.431 1.000
v 5.754 -42.574 1.000
v 5.897 -42.894 6.500
v 6.217 -42.750 6.500
v 6.073 -42.431 6.500
v 5.754 -42.574 6.500
v 9.913 -51.847 1.500
v 10.233 -51.703 1.500
v 10.090 -51.384 1.500
v 9.770 -51.527 1.500
v 9.913 -51.847 7.000
v 10.233 -51.703 7.000
v 10.090 -51.384 7.000
v 9.770 -51.527 7.000
v 13.930 -60.800 2.000
v 14.249 -60.656 2.000
v 14.106 -60.337 2.000
v 13.786 -60.480 2.000
v 13.930 -60.800 7.500
v 14.249 -60.656 7.500
v 14.106 -60.337 7.500
v 13.786 -60.480 7.500
v 1.878 -33.750 2.083
v 2.060 -33.668 2.083
v -1.956 -24.715 2.083
v -2.138 -24.797 2.083
v 1.878 -33.750 2.283
v 2.060 -33.668 2.283
v -1.956 -24.715 2.283
v -2.138 -24.797 2.283
v 1.878 -33.750 3.883
v 2.060 -33.668 3.883
v -1.956 -24.715 3.883
v -2.138 -24.797 3.883
v 1.878 -33.750 4.083
v 2.060 -33.668 4.083
v -1.956 -24.715 4.083
v -2.138 -24.797 4.083
v 1.878 -33.750 5.583
v 2.060 -33.668 5.583
v -1.956 -24.715 5.583
v -2.138 -24.797 5.583
v 1.878 -33.750 5.783
v 2.060 -33.668 5.783
v -1.956 -24.715 5.783
v -2.138 -24.797 5.783
v 5.894 -42.703 2.573
v 6.077 -42.621 2.573
v 2.060 -33.668 2.573
v 1.878 -33.750 2.573
v 5.894 -42.703 2.773
v 6.077 -42.621 2.773
v 2.060 -33.668 2.773
v 1.878 -33.750 2.773
v 5.894 -42.703 4.373
v 6.077 -42.621 4.373
v 2.060 -33.668 4.373
v 1.878 -33.750 4.373
v 5.894 -42.703 4.573
v 6.077 -42.621 4.573
v 2.060 -33.668 4.573
v 1.878 -33.750 4.573
v 5.894 -42.703 6.073
v 6.077 -42.621 6.073
v 2.060 -33.668 6.073
v 1.878 -33.750 6.073
v 5.894 -42.703 6.273
v 6.077 -42.621 6.273
v 2.060 -33.668 6.273
v 1.878 -33.750 6.273
v 9.910 -51.656 3.064
v 10.093 -51.574 3.064
v 6.077 -42.621 3.064
v 5.894 -42.703 3.064
v 9.910 -51.656 3.264
v 10.093 -51.574 3.264
v 6.077 -42.621 3.264
v 5.894 -42.703 3.264
v 9.910 -51.656 4.864
v 10.093 -51.574 4.864
v 6.077 -42.621 4.864
v 5.894 -42.703 4.864
v 9.910 -51.656 5.064
v 10.093 -51.574 5.064
v 6.077 -42.621 5.064
v 5.894 -42.703 5.064
v 9.910 -51.656 6.564
v 10.093 -51.574 6.564
v 6.077 -42.621 6.564
v 5.894 -42.703 6.564
v 9.910 -51.656 6.764
v 10.093 -51.574 6.764
v 6.077 -42.621 6.764
v 5.894 -42.703 6.764
v 13.926 -60.609 3.555
v 14.109 -60.527 3.555
v 10.093 -51.574 3.555
v 9.910 -51.656 3.555
v 13.926 -60.609 3.755
v 14.109 -60.527 3.755
v 10.093 -51.574 3.755
v 9.910 -51.656 3.755
v 13.926 -60.609 5.355
v 14.109 -60.527 5.355
v 10.093 -51.574 5.355
v 9.910 -51.656 5.355
v 13.926 -60.609 5.555
v 14.109 -60.527 5.555
v 10.093 -51.574 5.555
v 9.910 -51.656 5.555
v 13.926 -60.609 7.055
v 14.109 -60.527 7.055
v 10.093 -51.574 7.055
v 9.910 -51.656 7.055
v 13.926 -60.609 7.255
v 14.109 -60.527 7.255
v 10.093 -51.574 7.255
v 9.910 -51.656 7.255
v 9.270 -19.871 0.000
v 9.589 -19.728 0.000
v 9.446 -19.409 0.000
v 9.127 -19.552 0.000
v 9.270 -19.871 5.500
v 9.589 -19.728 5.500
v 9.446 -19.409 5.500
v 9.127 -19.552 5.500
v 13.286 -28.824 0.500
v 13.606 -28.681 0.500
v 13.462 -28.362 0.500
v 13.143 -28.505 0.500
v 13.286 -28.824 6.000
v 13.606 -28.681 6.000
v 13.462 -28.362 6.000
v 13.143 -28.505 6.000
v 17.302 -37.777 1.000
v 17.622 -37.634 1.000
v 17.478 -37.315 1.000
v 17.159 -37.458 1.000
v 17.302 -37.777 6.500
v 17.622 -37.634 6.500
v 17.478 -37.315 6.500
v 17.159 -37.458 6.500
v 21.318 -46.730 1.500
v 21.638 -46.587 1.500
v 21.495 -46.268 1.500
v 21.175 -46.411 1.500
v 21.318 -46.730 7.000
v 21.638 -46.587 7.000
v 21.495 -46.268 7.000
v 21.175 -46.411 7.000
v 25.335 -55.683 2.000
v 25.654 -55.540 2.000
v 25.511 -55.221 2.000
v 25.191 -55.364 2.000
v 25.335 -55.683 7.500
v 25.654 -55.540 7.500
v 25.511 -55.221 7.500
v 25.191 -55.364 7.500
v 13.283 -28.634 2.083
v 13.466 -28.552 2.083
v 9.449 -19.599 2.083
v 9.267 -19.681 2.083
v 13.283 -28.634 2.283
v 13.466 -28.552 2.283
v 9.449 -19.599 2.283
v 9.267 -19.681 2.283
v 13.283 -28.634 3.883
v 13.466 -28.552 3.883
v 9.449 -19.599 3.883
v 9.267 -19.681 3.883
v 13.283 -28.634 4.083
v 13.466 -28.552 4.083
v 9.449 -19.599 4.083
v 9.267 -19.681 4.083
v 13.283 -28.634 5.583
v 13.466 -28.552 5.583
v 9.449 -19.599 5.583
v 9.267 -19.681 5.583
v 13.283 -28.634 5.783
v 13.466 -28.552 5.783
v 9.449 -19.599 5.783
v 9.267 -19.681 5.783
v 17.299 -37.587 2.573
v 17.482 -37.505 2.573
v 13.466 -28.552 2.573
v 13.283 -28.634 2.573
v 17.299 -37.587 2.773
v 17.482 -37.505 2.773
v 13.466 -28.552 2.773
v 13.283 -28.634 2.773
v 17.299 -37.587 4.373
v 17.482 -37.505 4.373
v 13.466 -28.552 4.373
v 13.283 -28.634 4.373
v 17.299 -37.587 4.573
v 17.482 -37.505 4.573
v 13.466 -28.552 4.573
v 13.283 -28.634 4.573
v 17.299 -37.587 6.073
v 17.482 -37.505 6.073
v 13.466 -28.552 6.073
v 13.283 -28.634 6.073
v 17.299 -37.587 6.273
v 17.482 -37.505 6.273
v 13.466 -28.552 6.273
v 13.283 -28.634 6.273
v 21.315 -46.540 3.064
v 21.498 -46.458 3.064
v 17.482 -37.505 3.064
v 17.299 -37.587 3.064
v 21.315 -46.540 3.264
v 21.498 -46.458 3.264
v 17.482 -37.505 3.264
v 17.299 -37.587 3.264
v 21.315 -46.540 4.864
v 21.498 -46.458 4.864
v 17.482 -37.505 4.864
v 17.299 -37.587 4.864
v 21.315 -46.540 5.064
v 21.498 -46.458 5.064
v 17.482 -37.505 5.064
v 17.299 -37.587 5.064
v 21.315 -46.540 6.564
v 21.498 -46.458 6.564
v 17.482 -37.505 6.564
v 17.299 -37.587 6.564
v 21.315 -46.540 6.764
v 21.498 -46.458 6.764
v 17.482 -37.505 6.764
v 17.299 -37.587 6.764
v 25.331 -55.493 3.555
v 25.514 -55.411 3.555
v 21.498 -46.458 3.555
v 21.315 -46.540 3.555
v 25.331 -55.493 3.755
v 25.514 -55.411 3.755
v 21.498 -46.458 3.755
v 21.315 -46.540 3.755
v 25.331 -55.493 5.355
v 25.514 -55.411 5.355
v 21.498 -46.458 5.355
v 21.315 -46.540 5.355
v 25.331 -55.493 5.555
v 25.514 -55.411 5.555
v 21.498 -46.458 5.555
v 21.315 -46.540 5.555
v 25.331 -55.493 7.055
v 25.514 -55.411 7.055
v 21.498 -46.458 7.055
v 21.315 -46.540 7.055
v 25.331 -55.493 7.255
v 25.514 -55.411 7.255
v 21.498 -46.458 7.255
v 21.315 -46.540 7.255
v 14.059 -60.659 3.800
v 25.464 -55.543 3.800
v 25.382 -55.361 3.800
v 13.977 -60.477 3.800
v 14.059 -60.659 4.000
v 25.464 -55.543 4.000
v 25.382 -55.361 4.000
v 13.977 -60.477 4.000
v 14.059 -60.659 5.600
v 25.464 -55.543 5.600
v 25.382 -55.361 5.600
v 13.977 -60.477 5.600
v 14.059 -60.659 5.800
v 25.464 -55.543 5.800
v 25.382 -55.361 5.800
v 13.977 -60.477 5.800
v 14.059 -60.659 7.300
v 25.464 -55.543 7.300
v 25.382 -55.361 7.300
v 13.977 -60.477 7.300
v 14.059 -60.659 7.500
v 25.464 -55.543 7.500
v 25.382 -55.361 7.500
v 13.977 -60.477 7.500
v 9.270 -19.871 0.000
v 9.589 -19.728 0.000
v 9.446 -19.409 0.000
v 9.127 -19.552 0.000
v 9.270 -19.871 5.500
v 9.589 -19.728 5.500
v 9.446 -19.409 5.500
v 9.127 -19.552 5.500
v 13.286 -28.824 0.500
v 13.606 -28.681 0.500
v 13.462 -28.362 0.500
v 13.143 -28.505 0.500
v 13.286 -28.824 6.000
v 13.606 -28.681 6.000
v 13.462 -28.362 6.000
v 13.143 -28.505 6.000
v 17.302 -37.777 1.000
v 17.622 -37.634 1.000
v 17.478 -37.315 1.000
v 17.159 -37.458 1.000
v 17.302 -37.777 6.500
v 17.622 -37.634 6.500
v 17.478 -37.315 6.500
v 17.159 -37.458 6.500
v 21.318 -46.730 1.500
v 21.638 -46.587 1.500
v 21.495 -46.268 1.500
v 21.175 -46.411 1.500
v 21.318 -46.730 7.000
v 21.638 -46.587 7.000
v 21.495 -46.268 7.000
v 21.175 -46.411 7.000
v 25.335 -55.683 2.000
v 25.654 -55.540 2.000
v 25.511 -55.221 2.000
v 25.191 -55.364 2.000
v 25.335 -55.683 7.500
v 25.654 -55.540 7.500
v 25.511 -55.221 7.500
v 25.191 -55.364 7.500
v 13.283 -28.634 2.083
v 13.466 -28.552 2.083
v 9.449 -19.599 2.083
v 9.267 -19.681 2.083
v 13.283 -28.634 2.283
v 13.466 -28.552 2.283
v 9.449 -19.599 2.283
v 9.267 -19.681 2.283
v 13.283 -28.634 3.883
v 13.466 -28.552 3.883
v 9.449 -19.599 3.883
v 9.267 -19.681 3.883
v 13.283 -28.634 4.083
v 13.466 -28.552 4.083
v 9.449 -19.599 4.083
v 9.267 -19.681 4.083
v 13.283 -28.634 5.583
v 13.466 -28.552 5.583
v 9.449 -19.599 5.583
v 9.267 -19.681 5.583
v 13.283 -28.634 5.783
v 13.466 -28.552 5.783
v 9.449 -19.599 5.783
v 9.267 -19.681 5.783
v 17.299 -37.587 2.573
v 17.482 -37.505 2.573
v 13.466 -28.552 2.573
v 13.283 -28.634 2.573
v 17.299 -37.587 2.773
v 17.482 -37.505 2.773
v 13.466 -28.552 2.773
v 13.283 -28.634 2.773
v 17.299 -37.587 4.373
v 17.482 -37.505 4.373
v 13.466 -28.552 4.373
v 13.283 -28.634 4.373
v 17.299 -37.587 4.573
v 17.482 -37.505 4.573
v 13.466 -28.552 4.573
v 13.283 -28.634 4.573
v 17.299 -37.587 6.073
v 17.482 -37.505 6.073
v 13.466 -28.552 6.073
v 13.283 -28.634 6.073
v 17.299 -37.587 6.273
v 17.482 -37.505 6.273
v 13.466 -28.552 6.273
v 13.283 -28.634 6.273
v 21.315 -46.540 3.064
v 21.498 -46.458 3.064
v 17.482 -37.505 3.064
v 17.299 -37.587 3.064
v 21.315 -46.540 3.264
v 21.498 -46.458 3.264
v 17.482 -37.505 3.264
v 17.299 -37.587 3.264
v 21.315 -46.540 4.864
v 21.498 -46.458 4.864
v 17.482 -37.505 4.864
v 17.299 -37.587 4.864
v 21.315 -46.540 5.064
v 21.498 -46.458 5.064
v 17.482 -37.505 5.064
v 17.299 -37.587 5.064
v 21.315 -46.540 6.564
v 21.498 -46.458 6.564
v 17.482 -37.505 6.564
v 17.299 -37.587 6.564
v 21.315 -46.540 6.764
v 21.498 -46.458 6.764
v 17.482 -37.505 6.764
v 17.299 -37.587 6.764
v 25.331 -55.493 3.555
v 25.514 -55.411 3.555
v 21.498 -46.458 3.555
v 21.315 -46.540 3.555
v 25.331 -55.493 3.755
v 25.514 -55.411 3.755
v 21.498 -46.458 3.755
v 21.315 -46.540 3.755
v 25.331 -55.493 5.355
v 25.514 -55.411 5.355
v 21.498 -46.458 5.355
v 21.315 -46.540 5.355
v 25.331 -55.493 5.555
v 25.514 -55.411 5.555
v 21.498 -46.458 5.555
v 21.315 -46.540 5.555
v 25.331 -55.493 7.055
v 25.514 -55.411 7.055
v 21.498 -46.458 7.055
v 21.315 -46.540 7.055
v 25.331 -55.493 7.255
v 25.514 -55.411 7.255
v 21.498 -46.458 7.255
v 21.315 -46.540 7.255
v 20.675 -14.755 0.000
v 20.995 -14.612 0.000
v 20.851 -14.293 0.000
v 20.532 -14.436 0.000
v 20.675 -14.755 5.500
v 20.995 -14.612 5.500
v 20.851 -14.293 5.500
v 20.532 -14.436 5.500
v 24.691 -23.708 0.500
v 25.011 -23.565 0.500
v 24.867 -23.246 0.500
v 24.548 -23.389 0.500
v 24.691 -23.708 6.000
v 25.011 -23.565 6.000
v 24.867 -23.246 6.000
v 24.548 -23.389 6.000
v 28.707 -32.661 1.000
v 29.027 -32.518 1.000
v 28.884 -32.199 1.000
v 28.564 -32.342 1.000
v 28.707 -32.661 6.500
v 29.027 -32.518 6.500
v 28.884 -32.199 6.500
v 28.564 -32.342 6.500
v 32.724 -41.614 1.500
v 33.043 -41.471 1.500
v 32.900 -41.152 1.500
v 32.580 -41.295 1.500
v 32.724 -41.614 7.000
v 33.043 -41.471 7.000
v 32.900 -41.152 7.000
v 32.580 -41.295 7.000
v 36.740 -50.567 2.000
v 37.059 -50.424 2.000
v 36.916 -50.105 2.000
v 36.596 -50.248 2.000
v 36.740 -50.567 7.500
v 37.059 -50.424 7.500
v 36.916 -50.105 7.500
v 36.596 -50.248 7.500
v 24.688 -23.518 2.083
v 24.871 -23.436 2.083
v 20.854 -14.483 2.083
v 20.672 -14.565 2.083
v 24.688 -23.518 2.283
v 24.871 -23.436 2.283
v 20.854 -14.483 2.283
v 20.672 -14.565 2.283
v 24.688 -23.518 3.883
v 24.871 -23.436 3.883
v 20.854 -14.483 3.883
v 20.672 -14.565 3.883
v 24.688 -23.518 4.083
v 24.871 -23.436 4.083
v 20.854 -14.483 4.083
v 20.672 -14.565 4.083
v 24.688 -23.518 5.583
v 24.871 -23.436 5.583
v 20.854 -14.483 5.583
v 20.672 -14.565 5.583
v 24.688 -23.518 5.783
v 24.871 -23.436 5.783
v 20.854 -14.483 5.783
v 20.672 -14.565 5.783
v 28.704 -32.471 2.573
v 28.887 -32.389 2.573
v 24.871 -23.436 2.573
v 24.688 -23.518 2.573
v 28.704 -32.471 2.773
v 28.887 -32.389 2.773
v 24.871 -23.436 2.773
v 24.688 -23.518 2.773
v 28.704 -32.471 4.373
v 28.887 -32.389 4.373
v 24.871 -23.436 4.373
v 24.688 -23.518 4.373
v 28.704 -32.471 4.573
v 28.887 -32.389 4.573
v 24.871 -23.436 4.573
v 24.688 -23.518 4.573
v 28.704 -32.471 6.073
v 28.887 -32.389 6.073
v 24.871 -23.436 6.073
v 24.688 -23.518 6.073
v 28.704 -32.471 6.273
v 28.887 -32.389 6.273
v 24.871 -23.436 6.273
v 24.688 -23.518 6.273
v 32.720 -41.424 3.064
v 32.903 -41.342 3.064
v 28.887 -32.389 3.064
v 28.704 -32.471 3.064
v 32.720 -41.424 3.264
v 32.903 -41.342 3.264
v 28.887 -32.389 3.264
v 28.704 -32.471 3.264
v 32.720 -41.424 4.864
v 32.903 -41.342 4.864
v 28.887 -32.389 4.864
v 28.704 -32.471 4.864
v 32.720 -41.424 5.064
v 32.903 -41.342 5.064
v 28.887 -32.389 5.064
v 28.704 -32.471 5.064
v 32.720 -41.424 6.564
v 32.903 -41.342 6.564
v 28.887 -32.389 6.564
v 28.704 -32.471 6.564
v 32.720 -41.424 6.764
v 32.903 -41.342 6.764
v 28.887 -32.389 6.764
v 28.704 -32.471 6.764
v 36.736 -50.377 3.555
v 36.919 -50.295 3.555
v 32.903 -41.342 3.555
v 32.720 -41.424 3.555
v 36.736 -50.377 3.755
v 36.919 -50.295 3.755
v 32.903 -41.342 3.755
v 32.720 -41.424 3.755
v 36.736 -50.377 5.355
v 36.919 -50.295 5.355
v 32.903 -41.342 5.355
v 32.720 -41.424 5.355
v 36.736 -50.377 5.555
v 36.919 -50.295 5.555
v 32.903 -41.342 5.555
v 32.720 -41.424 5.555
v 36.736 -50.377 7.055
v 36.919 -50.295 7.055
v 32.903 -41.342 7.055
v 32.720 -41.424 7.055
v 36.736 -50.377 7.255
v 36.919 -50.295 7.255
v 32.903 -41.342 7.255
v 32.720 -41.424 7.255
v 25.464 -55.543 3.800
v 36.869 -50.427 3.800
v 36.787 -50.245 3.800
v 25.382 -55.361 3.800
v 25.464 -55.543 4.000
v 36.869 -50.427 4.000
v 36.787 -50.245 4.000
v 25.382 -55.361 4.000
v 25.464 -55.543 5.600
v 36.869 -50.427 5.600
v 36.787 -50.245 5.600
v 25.382 -55.361 5.600
v 25.464 -55.543 5.800
v 36.869 -50.427 5.800
v 36.787 -50.245 5.800
v 25.382 -55.361 5.800
v 25.464 -55.543 7.300
v 36.869 -50.427 7.300
v 36.787 -50.245 7.300
v 25.382 -55.361 7.300
v 25.464 -55.543 7.500
v 36.869 -50.427 7.500
v 36.787 -50.245 7.500
v 25.382 -55.361 7.500
v 20.675 -14.755 0.000
v 20.995 -14.612 0.000
v 20.851 -14.293 0.000
v 20.532 -14.436 0.000
v 20.675 -14.755 5.500
v 20.995 -14.612 5.500
v 20.851 -14.293 5.500
v 20.532 -14.436 5.500
v 24.691 -23.708 0.500
v 25.011 -23.565 0.500
v 24.867 -23.246 0.500
v 24.548 -23.389 0.500
v 24.691 -23.708 6.000
v 25.011 -23.565 6.000
v 24.867 -23.246 6.000
v 24.548 -23.389 6.000
v 28.707 -32.661 1.000
v 29.027 -32.518 1.000
v 28.884 -32.199 1.000
v 28.564 -32.342 1.000
v 28.707 -32.661 6.500
v 29.027 -32.518 6.500
v 28.884 -32.199 6.500
v 28.564 -32.342 6.500
v 32.724 -41.614 1.500
v 33.043 -41.471 1.500
v 32.900 -41.152 1.500
v 32.580 -41.295 1.500
v 32.724 -41.614 7.000
v 33.043 -41.471 7.000
v 32.900 -41.152 7.000
v 32.580 -41.295 7.000
v 36.740 -50.567 2.000
v 37.059 -50.424 2.000
v 36.916 -50.105 2.000
v 36.596 -50.248 2.000
v 36.740 -50.567 7.500
v 37.059 -50.424 7.500
v 36.916 -50.105 7.500
v 36.596 -50.248 7.500
v 24.688 -23.518 2.083
v 24.871 -23.436 2.083
v 20.854 -14.483 2.083
v 20.672 -14.565 2.083
v 24.688 -23.518 2.283
v 24.871 -23.436 2.283
v 20.854 -14.483 2.283
v 20.672 -14.565 2.283
v 24.688 -23.518 3.883
v 24.871 -23.436 3.883
v 20.854 -14.483 3.883
v 20.672 -14.565 3.883
v 24.688 -23.518 4.083
v 24.871 -23.436 4.083
v 20.854 -14.483 4.083
v 20.672 -14.565 4.083
v 24.688 -23.518 5.583
v 24.871 -23.436 5.583
v 20.854 -14.483 5.583
v 20.672 -14.565 5.583
v 24.688 -23.518 5.783
v 24.871 -23.436 5.783
v 20.854 -14.483 5.783
v 20.672 -14.565 5.783
v 28.704 -32.471 2.573
v 28.887 -32.389 2.573
v 24.871 -23.436 2.573
v 24.688 -23.518 2.573
v 28.704 -32.471 2.773
v 28.887 -32.389 2.773
v 24.871 -23.436 2.773
v 24.688 -23.518 2.773
v 28.704 -32.471 4.373
v 28.887 -32.389 4.373
v 24.871 -23.436 4.373
v 24.688 -23.518 4.373
v 28.704 -32.471 4.573
v 28.887 -32.389 4.573
v 24.871 -23.436 4.573
v 24.688 -23.518 4.573
v 28.704 -32.471 6.073
v 28.887 -32.389 6.073
v 24.871 -23.436 6.073
v 24.688 -23.518 6.073
v 28.704 -32.471 6.273
v 28.887 -32.389 6.273
v 24.871 -23.436 6.273
v 24.688 -23.518 6.273
v 32.720 -41.424 3.064
v 32.903 -41.342 3.064
v 28.887 -32.389 3.064
v 28.704 -32.471 3.064
v 32.720 -41.424 3.264
v 32.903 -41.342 3.264
v 28.887 -32.389 3.264
v 28.704 -32.471 3.264
v 32.720 -41.424 4.864
v 32.903 -41.342 4.864
v 28.887 -32.389 4.864
v 28.704 -32.471 4.864
v 32.720 -41.424 5.064
v 32.903 -41.342 5.064
v 28.887 -32.389 5.064
v 28.704 -32.471 5.064
v 32.720 -41.424 6.564
v 32.903 -41.342 6.564
v 28.887 -32.389 6.564
v 28.704 -32.471 6.564
v 32.720 -41.424 6.764
v 32.903 -41.342 6.764
v 28.887 -32.389 6.764
v 28.704 -32.471 6.764
v 36.736 -50.377 3.555
v 36.919 -50.295 3.555
v 32.903 -41.342 3.555
v 32.720 -41.424 3.555
v 36.736 -50.377 3.755
v 36.919 -50.295 3.755
v 32.903 -41.342 3.755
v 32.720 -41.424 3.755
v 36.736 -50.377 5.355
v 36.919 -50.295 5.355
v 32.903 -41.342 5.355
v 32.720 -41.424 5.355
v 36.736 -50.377 5.555
v 36.919 -50.295 5.555
v 32.903 -41.342 5.555
v 32.720 -41.424 5.555
v 36.736 -50.377 7.055
v 36.919 -50.295 7.055
v 32.903 -41.342 7.055
v 32.720 -41.424 7.055
v 36.736 -50.377 7.255
v 36.919 -50.295 7.255
v 32.903 -41.342 7.255
v 32.720 -41.424 7.255
v 32.080 -9.639 0.000
v 32.400 -9.496 0.000
v 32.256 -9.177 0.000
v 31.937 -9.320 0.000
v 32.080 -9.639 5.500
v 32.400 -9.496 5.500
v 32.256 -9.177 5.500
v 31.937 -9.320 5.500
v 36.096 -18.592 0.500
v 36.416 -18.449 0.500
v 36.272 -18.130 0.500
v 35.953 -18.273 0.500
v 36.096 -18.592 6.000
v 36.416 -18.449 6.000
v 36.272 -18.130 6.000
v 35.953 -18.273 6.000
v 40.113 -27.545 1.000
v 40.432 -27.402 1.000
v 40.289 -27.083 1.000
v 39.969 -27.226 1.000
v 40.113 -27.545 6.500
v 40.432 -27.402 6.500
v 40.289 -27.083 6.500
v 39.969 -27.226 6.500
v 44.129 -36.498 1.500
v 44.448 -36.355 1.500
v 44.305 -36.036 1.500
v 43.985 -36.179 1.500
v 44.129 -36.498 7.000
v 44.448 -36.355 7.000
v 44.305 -36.036 7.000
v 43.985 -36.179 7.000
v 48.145 -45.451 2.000
v 48.464 -45.308 2.000
v 48.321 -44.989 2.000
v 48.002 -45.132 2.000
v 48.145 -45.451 7.500
v 48.464 -45.308 7.500
v 48.321 -44.989 7.500
v 48.002 -45.132 7.500
v 36.093 -18.402 2.083
v 36.276 -18.320 2.083
v 32.260 -9.367 2.083
v 32.077 -9.449 2.083
v 36.093 -18.402 2.283
v 36.276 -18.320 2.283
v 32.260 -9.367 2.283
v 32.077 -9.449 2.283
v 36.093 -18.402 3.883
v 36.276 -18.320 3.883
v 32.260 -9.367 3.883
v 32.077 -9.449 3.883
v 36.093 -18.402 4.083
v 36.276 -18.320 4.083
v 32.260 -9.367 4.083
v 32.077 -9.449 4.083
v 36.093 -18.402 5.583
v 36.276 -18.320 5.583
v 32.260 -9.367 5.583
v 32.077 -9.449 5.583
v 36.093 -18.402 5.783
v 36.276 -18.320 5.783
v 32.260 -9.367 5.783
v 32.077 -9.449 5.783
v 40.109 -27.355 2.573
v 40.292 -27.273 2.573
v 36.276 -18.320 2.573
v 36.093 -18.402 2.573
v 40.109 -27.355 2.773
v 40.292 -27.273 2.773
v 36.276 -18.320 2.773
v 36.093 -18.402 2.773
v 40.109 -27.355 4.373
v 40.292 -27.273 4.373
v 36.276 -18.320 4.373
v 36.093 -18.402 4.373
v 40.109 -27.355 4.573
v 40.292 -27.273 4.573
v 36.276 -18.320 4.573
v 36.093 -18.402 4.573
v 40.109 -27.355 6.073
v 40.292 -27.273 6.073
v 36.276 -18.320 6.073
v 36.093 -18.402 6.073
v 40.109 -27.355 6.273
v 40.292 -27.273 6.273
v 36.276 -18.320 6.273
v 36.093 -18.402 6.273
v 44.125 -36.308 3.064
v 44.308 -36.226 3.064
v 40.292 -27.273 3.064
v 40.109 -27.355 3.064
v 44.125 -36.308 3.264
v 44.308 -36.226 3.264
v 40.292 -27.273 3.264
v 40.109 -27.355 3.264
v 44.125 -36.308 4.864
v 44.308 -36.226 4.864
v 40.292 -27.273 4.864
v 40.109 -27.355 4.864
v 44.125 -36.308 5.064
v 44.308 -36.226 5.064
v 40.292 -27.273 5.064
v 40.109 -27.355 5.064
v 44.125 -36.308 6.564
v 44.308 -36.226 6.564
v 40.292 -27.273 6.564
v 40.109 -27.355 6.564
v 44.125 -36.308 6.764
v 44.308 -36.226 6.764
v 40.292 -27.273 6.764
v 40.109 -27.355 6.764
v 48.142 -45.261 3.555
v 48.324 -45.179 3.555
v 44.308 -36.226 3.555
v 44.125 -36.308 3.555
v 48.142 -45.261 3.755
v 48.324 -45.179 3.755
v 44.308 -36.226 3.755
v 44.125 -36.308 3.755
v 48.142 -45.261 5.355
v 48.324 -45.179 5.355
v 44.308 -36.226 5.355
v 44.125 -36.308 5.355
v 48.142 -45.261 5.555
v 48.324 -45.179 5.555
v 44.308 -36.226 5.555
v 44.125 -36.308 5.555
v 48.142 -45.261 7.055
v 48.324 -45.179 7.055
v 44.308 -36.226 7.055
v 44.125 -36.308 7.055
v 48.142 -45.261 7.255
v 48.324 -45.179 7.255
v 44.308 -36.226 7.255
v 44.125 -36.308 7.255
v 36.869 -50.427 3.800
v 48.274 -45.311 3.800
v 48.192 -45.129 3.800
v 36.787 -50.245 3.800
v 36.869 -50.427 4.000
v 48.274 -45.311 4.000
v 48.192 -45.129 4.000
v 36.787 -50.245 4.000
v 36.869 -50.427 5.600
v 48.274 -45.311 5.600
v 48.192 -45.129 5.600
v 36.787 -50.245 5.600
v 36.869 -50.427 5.800
v 48.274 -45.311 5.800
v 48.192 -45.129 5.800
v 36.787 -50.245 5.800
v 36.869 -50.427 7.300
v 48.274 -45.311 7.300
v 48.192 -45.129 7.300
v 36.787 -50.245 7.300
v 36.869 -50.427 7.500
v 48.274 -45.311 7.500
v 48.192 -45.129 7.500
v 36.787 -50.245 7.500
v 32.080 -9.639 0.000
v 32.400 -9.496 0.000
v 32.256 -9.177 0.000
v 31.937 -9.320 0.000
v 32.080 -9.639 5.500
v 32.400 -9.496 5.500
v 32.256 -9.177 5.500
v 31.937 -9.320 5.500
v 36.096 -18.592 0.500
v 36.416 -18.449 0.500
v 36.272 -18.130 0.500
v 35.953 -18.273 0.500
v 36.096 -18.592 6.000
v 36.416 -18.449 6.000
v 36.272 -18.130 6.000
v 35.953 -18.273 6.000
v 40.113 -27.545 1.000
v 40.432 -27.402 1.000
v 40.289 -27.083 1.000
v 39.969 -27.226 1.000
v 40.113 -27.545 6.500
v 40.432 -27.402 6.500
v 40.289 -27.083 6.500
v 39.969 -27.226 6.500
v 44.129 -36.498 1.500
v 44.448 -36.355 1.500
v 44.305 -36.036 1.500
v 43.985 -36.179 1.500
v 44.129 -36.498 7.000
v 44.448 -36.355 7.000
v 44.305 -36.036 7.000
v 43.985 -36.179 7.000
v 48.145 -45.451 2.000
v 48.464 -45.308 2.000
v 48.321 -44.989 2.000
v 48.002 -45.132 2.000
v 48.145 -45.451 7.500
v 48.464 -45.308 7.500
v 48.321 -44.989 7.500
v 48.002 -45.132 7.500
v 36.093 -18.402 2.083
v 36.276 -18.320 2.083
v 32.260 -9.367 2.083
v 32.077 -9.449 2.083
v 36.093 -18.402 2.283
v 36.276 -18.320 2.283
v 32.260 -9.367 2.283
v 32.077 -9.449 2.283
v 36.093 -18.402 3.883
v 36.276 -18.320 3.883
v 32.260 -9.367 3.883
v 32.077 -9.449 3.883
v 36.093 -18.402 4.083
v 36.276 -18.320 4.083
v 32.260 -9.367 4.083
v 32.077 -9.449 4.083
v 36.093 -18.402 5.583
v 36.276 -18.320 5.583
v 32.260 -9.367 5.583
v 32.077 -9.449 5.583
v 36.093 -18.402 5.783
v 36.276 -18.320 5.783
v 32.260 -9.367 5.783
v 32.077 -9.449 5.783
v 40.109 -27.355 2.573
v 40.292 -27.273 2.573
v 36.276 -18.320 2.573
v 36.093 -18.402 2.573
v 40.109 -27.355 2.773
v 40.292 -27.273 2.773
v 36.276 -18.320 2.773
v 36.093 -18.402 2.773
v 40.109 -27.355 4.373
v 40.292 -27.273 4.373
v 36.276 -18.320 4.373
v 36.093 -18.402 4.373
v 40.109 -27.355 4.573
v 40.292 -27.273 4.573
v 36.276 -18.320 4.573
v 36.093 -18.402 4.573
v 40.109 -27.355 6.073
v 40.292 -27.273 6.073
v 36.276 -18.320 6.073
v 36.093 -18.402 6.073
v 40.109 -27.355 6.273
v 40.292 -27.273 6.273
v 36.276 -18.320 6.273
v 36.093 -18.402 6.273
v 44.125 -36.308 3.064
v 44.308 -36.226 3.064
v 40.292 -27.273 3.064
v 40.109 -27.355 3.064
v 44.125 -36.308 3.264
v 44.308 -36.226 3.264
v 40.292 -27.273 3.264
v 40.109 -27.355 3.264
v 44.125 -36.308 4.864
v 44.308 -36.226 4.864
v 40.292 -27.273 4.864
v 40.109 -27.355 4.864
v 44.125 -36.308 5.064
v 44.308 -36.226 5.064
v 40.292 -27.273 5.064
v 40.109 -27.355 5.064
v 44.125 -36.308 6.564
v 44.308 -36.226 6.564
v 40.292 -27.273 6.564
v 40.109 -27.355 6.564
v 44.125 -36.308 6.764
v 44.308 -36.226 6.764
v 40.292 -27.273 6.764
v 40.109 -27.355 6.764
v 48.142 -45.261 3.555
v 48.324 -45.179 3.555
v 44.308 -36.226 3.555
v 44.125 -36.308 3.555
v 48.142 -45.261 3.755
v 48.324 -45.179 3.755
v 44.308 -36.226 3.755
v 44.125 -36.308 3.755
v 48.142 -45.261 5.355
v 48.324 -45.179 5.355
v 44.308 -36.226 5.355
v 44.125 -36.308 5.355
v 48.142 -45.261 5.555
v 48.324 -45.179 5.555
v 44.308 -36.226 5.555
v 44.125 -36.308 5.555
v 48.142 -45.261 7.055
v 48.324 -45.179 7.055
v 44.308 -36.226 7.055
v 44.125 -36.308 7.055
v 48.142 -45.261 7.255
v 48.324 -45.179 7.255
v 44.308 -36.226 7.255
v 44.125 -36.308 7.255
v 43.485 -4.523 0.000
v 43.805 -4.380 0.000
v 43.661 -4.061 0.000
v 43.342 -4.204 0.000
v 43.485 -4.523 5.500
v 43.805 -4.380 5.500
v 43.661 -4.061 5.500
v 43.342 -4.204 5.500
v 47.501 -13.476 0.500
v 47.821 -13.333 0.500
v 47.678 -13.014 0.500
v 47.358 -13.157 0.500
v 47.501 -13.476 6.000
v 47.821 -13.333 6.000
v 47.678 -13.014 6.000
v 47.358 -13.157 6.000
v 51.518 -22.429 1.000
v 51.837 -22.286 1.000
v 51.694 -21.967 1.000
v 51.374 -22.110 1.000
v 51.518 -22.429 6.500
v 51.837 -22.286 6.500
v 51.694 -21.967 6.500
v 51.374 -22.110 6.500
v 55.534 -31.382 1.500
v 55.853 -31.239 1.500
v 55.710 -30.920 1.500
v 55.390 -31.063 1.500
v 55.534 -31.382 7.000
v 55.853 -31.239 7.000
v 55.710 -30.920 7.000
v 55.390 -31.063 7.000
v 59.550 -40.335 2.000
v 59.869 -40.192 2.000
v 59.726 -39.873 2.000
v 59.407 -40.016 2.000
v 59.550 -40.335 7.500
v 59.869 -40.192 7.500
v 59.726 -39.873 7.500
v 59.407 -40.016 7.500
v 47.498 -13.286 2.083
v 47.681 -13.204 2.083
v 43.665 -4.251 2.083
v 43.482 -4.333 2.083
v 47.498 -13.286 2.283
v 47.681 -13.204 2.283
v 43.665 -4.251 2.283
v 43.482 -4.333 2.283
v 47.498 -13.286 3.883
v 47.681 -13.204 3.883
v 43.665 -4.251 3.883
v 43.482 -4.333 3.883
v 47.498 -13.286 4.083
v 47.681 -13.204 4.083
v 43.665 -4.251 4.083
v 43.482 -4.333 4.083
v 47.498 -13.286 5.583
v 47.681 -13.204 5.583
v 43.665 -4.251 5.583
v 43.482 -4.333 5.583
v 47.498 -13.286 5.783
v 47.681 -13.204 5.783
v 43.665 -4.251 5.783
v 43.482 -4.333 5.783
v 51.514 -22.239 2.573
v 51.697 -22.157 2.573
v 47.681 -13.204 2.573
v 47.498 -13.286 2.573
v 51.514 -22.239 2.773
v 51.697 -22.157 2.773
v 47.681 -13.204 2.773
v 47.498 -13.286 2.773
v 51.514 -22.239 4.373
v 51.697 -22.157 4.373
v 47.681 -13.204 4.373
v 47.498 -13.286 4.373
v 51.514 -22.239 4.573
v 51.697 -22.157 4.573
v 47.681 -13.204 4.573
v 47.498 -13.286 4.573
v 51.514 -22.239 6.073
v 51.697 -22.157 6.073
v 47.681 -13.204 6.073
v 47.498 -13.286 6.073
v 51.514 -22.239 6.273
v 51.697 -22.157 6.273
v 47.681 -13.204 6.273
v 47.498 -13.286 6.273
v 55.531 -31.192 3.064
v 55.713 -31.110 3.064
v 51.697 -22.157 3.064
v 51.514 -22.239 3.064
v 55.531 -31.192 3.264
v 55.713 -31.110 3.264
v 51.697 -22.157 3.264
v 51.514 -22.239 3.264
v 55.531 -31.192 4.864
v 55.713 -31.110 4.864
v 51.697 -22.157 4.864
v 51.514 -22.239 4.864
v 55.531 -31.192 5.064
v 55.713 -31.110 5.064
v 51.697 -22.157 5.064
v 51.514 -22.239 5.064
v 55.531 -31.192 6.564
v 55.713 -31.110 6.564
v 51.697 -22.157 6.564
v 51.514 -22.239 6.564
v 55.531 -31.192 6.764
v 55.713 -31.110 6.764
v 51.697 -22.157 6.764
v 51.514 -22.239 6.764
v 59.547 -40.145 3.555
v 59.729 -40.063 3.555
v 55.713 -31.110 3.555
v 55.531 -31.192 3.555
v 59.547 -40.145 3.755
v 59.729 -40.063 3.755
v 55.713 -31.110 3.755
v 55.531 -31.192 3.755
v 59.547 -40.145 5.355
v 59.729 -40.063 5.355
v 55.713 -31.110 5.355
v 55.531 -31.192 5.355
v 59.547 -40.145 5.555
v 59.729 -40.063 5.555
v 55.713 -31.110 5.555
v 55.531 -31.192 5.555
v 59.547 -40.145 7.055
v 59.729 -40.063 7.055
v 55.713 -31.110 7.055
v 55.531 -31.192 7.055
v 59.547 -40.145 7.255
v 59.729 -40.063 7.255
v 55.713 -31.110 7.255
v 55.531 -31.192 7.255
v 48.274 -45.311 3.800
v 59.679 -40.195 3.800
v 59.597 -40.013 3.800
v 48.192 -45.129 3.800
v 48.274 -45.311 4.000
v 59.679 -40.195 4.000
v 59.597 -40.013 4.000
v 48.192 -45.129 4.000
v 48.274 -45.311 5.600
v 59.679 -40.195 5.600
v 59.597 -40.013 5.600
v 48.192 -45.129 5.600
v 48.274 -45.311 5.800
v 59.679 -40.195 5.800
v 59.597 -40.013 5.800
v 48.192 -45.129 5.800
v 48.274 -45.311 7.300
v 59.679 -40.195 7.300
v 59.597 -40.013 7.300
v 48.192 -45.129 7.300
v 48.274 -45.311 7.500
v 59.679 -40.195 7.500
v 59.597 -40.013 7.500
v 48.192 -45.129 7.500
usemtl rock
f 1 4 3 2
f 5 6 7 8
f 1 2 6 5
f 2 3 7 6
f 3 4 8 7
f 4 1 5 8
f 9 12 11 10
f 13 14 15 16
f 9 10 14 13
f 10 11 15 14
f 11 12 16 15
f 12 9 13 16
f 17 20 19 18
f 21 22 23 24
f 17 18 22 21
f 18 19 23 22
f 19 20 24 23
f 20 17 21 24
f 25 28 27 26
f 29 30 31 32
f 25 26 30 29
f 26 27 31 30
f 27 28 32 31
f 28 25 29 32
f 33 36 35 34
f 37 38 39 40
f 33 34 38 37
f 34 35 39 38
f 35 36 40 39
f 36 33 37 40
f 41 44 43 42
f 45 46 47 48
f 41 42 46 45
f 42 43 47 46
f 43 44 48 47
f 44 41 45 48
f 49 52 51 50
f 53 54 55 56
f 49 50 54 53
f 50 51 55 54
f 51 52 56 55
f 52 49 53 56
usemtl stakes
f 57 60 59 58
f 61 62 63 64
f 57 58 62 61
f 58 59 63 62
f 59 60 64 63
f 60 57 61 64
f 65 68 67 66
f 69 70 71 72
f 65 66 70 69
f 66 67 71 70
f 67 68 72 71
f 68 65 69 72
f 73 76 75 74
f 77 78 79 80
f 73 74 78 77
f 74 75 79 78
f 75 76 80 79
f 76 73 77 80
f 81 84 83 82
f 85 86 87 88
f 81 82 86 85
f 82 83 87 86
f 83 84 88 87
f 84 81 85 88
f 89 92 91 90
f 93 94 95 96
f 89 90 94 93
f 90 91 95 94
f 91 92 96 95
f 92 89 93 96
f 97 100 99 98
f 101 102 103 104
f 97 98 102 101
f 98 99 103 102
f 99 100 104 103
f 100 97 101 104
f 105 108 107 106
f 109 110 111 112
f 105 106 110 109
f 106 107 111 110
f 107 108 112 111
f 108 105 109 112
f 113 116 115 114
f 117 118 119 120
f 113 114 118 117
f 114 115 119 118
f 115 116 120 119
f 116 113 117 120
f 121 124 123 122
f 125 126 127 128
f 121 122 126 125
f 122 123 127 126
f 123 124 128 127
f 124 121 125 128
f 129 132 131 130
f 133 134 135 136
f 129 130 134 133
f 130 131 135 134
f 131 132 136 135
f 132 129 133 136
f 137 140 139 138
f 141 142 143 144
f 137 138 142 141
f 138 139 143 142
f 139 140 144 143
f 140 137 141 144
f 145 148 147 146
f 149 150 151 152
f 145 146 150 149
f 146 147 151 150
f 147 148 152 151
f 148 145 149 152
f 153 156 155 154
f 157 158 159 160
f 153 154 158 157
f 154 155 159 158
f 155 156 160 159
f 156 153 157 160
f 161 164 163 162
f 165 166 167 168
f 161 162 166 165
f 162 163 167 166
f 163 164 168 167
f 164 161 165 168
f 169 172 171 170
f 173 174 175 176
f 169 170 174 173
f 170 171 175 174
f 171 172 176 175
f 172 169 173 176
f 177 180 179 178
f 181 182 183 184
f 177 178 182 181
f 178 179 183 182
f 179 180 184 183
f 180 177 181 184
f 185 188 187 186
f 189 190 191 192
f 185 186 190 189
f 186 187 191 190
f 187 188 192 191
f 188 185 189 192
f 193 196 195 194
f 197 198 199 200
f 193 194 198 197
f 194 195 199 198
f 195 196 200 199
f 196 193 197 200
f 201 204 203 202
f 205 206 207 208
f 201 202 206 205
f 202 203 207 206
f 203 204 208 207
f 204 201 205 208
f 209 212 211 210
f 213 214 215 216
f 209 210 214 213
f 210 211 215 214
f 211 212 216 215
f 212 209 213 216
f 217 220 219 218
f 221 222 223 224
f 217 218 222 221
f 218 219 223 222
f 219 220 224 223
f 220 217 221 224
f 225 228 227 226
f 229 230 231 232
f 225 226 230 229
f 226 227 231 230
f 227 228 232 231
f 228 225 229 232
f 233 236 235 234
f 237 238 239 240
f 233 234 238 237
f 234 235 239 238
f 235 236 240 239
f 236 233 237 240
f 241 244 243 242
f 245 246 247 248
f 241 242 246 245
f 242 243 247 246
f 243 244 248 247
f 244 241 245 248
f 249 252 251 250
f 253 254 255 256
f 249 250 254 253
f 250 251 255 254
f 251 252 256 255
f 252 249 253 256
f 257 260 259 258
f 261 262 263 264
f 257 258 262 261
f 258 259 263 262
f 259 260 264 263
f 260 257 261 264
f 265 268 267 266
f 269 270 271 272
f 265 266 270 269
f 266 267 271 270
f 267 268 272 271
f 268 265 269 272
f 273 276 275 274
f 277 278 279 280
f 273 274 278 277
f 274 275 279 278
f 275 276 280 279
f 276 273 277 280
f 281 284 283 282
f 285 286 287 288
f 281 282 286 285
f 282 283 287 286
f 283 284 288 287
f 284 281 285 288
f 289 292 291 290
f 293 294 295 296
f 289 290 294 293
f 290 291 295 294
f 291 292 296 295
f 292 289 293 296
f 297 300 299 298
f 301 302 303 304
f 297 298 302 301
f 298 299 303 302
f 299 300 304 303
f 300 297 301 304
f 305 308 307 306
f 309 310 311 312
f 305 306 310 309
f 306 307 311 310
f 307 308 312 311
f 308 305 309 312
f 313 316 315 314
f 317 318 319 320
f 313 314 318 317
f 314 315 319 318
f 315 316 320 319
f 316 313 317 320
f 321 324 323 322
f 325 326 327 328
f 321 322 326 325
f 322 323 327 326
f 323 324 328 327
f 324 321 325 328
f 329 332 331 330
f 333 334 335 336
f 329 330 334 333
f 330 331 335 334
f 331 332 336 335
f 332 329 333 336
f 337 340 339 338
f 341 342 343 344
f 337 338 342 341
f 338 339 343 342
f 339 340 344 343
f 340 337 341 344
f 345 348 347 346
f 349 350 351 352
f 345 346 350 349
f 346 347 351 350
f 347 348 352 351
f 348 345 349 352
f 353 356 355 354
f 357 358 359 360
f 353 354 358 357
f 354 355 359 358
f 355 356 360 359
f 356 353 357 360
f 361 364 363 362
f 365 366 367 368
f 361 362 366 365
f 362 363 367 366
f 363 364 368 367
f 364 361 365 368
f 369 372 371 370
f 373 374 375 376
f 369 370 374 373
f 370 371 375 374
f 371 372 376 375
f 372 369 373 376
f 377 380 379 378
f 381 382 383 384
f 377 378 382 381
f 378 379 383 382
f 379 380 384 383
f 380 377 381 384
f 385 388 387 386
f 389 390 391 392
f 385 386 390 389
f 386 387 391 390
f 387 388 392 391
f 388 385 389 392
f 393 396 395 394
f 397 398 399 400
f 393 394 398 397
f 394 395 399 398
f 395 396 400 399
f 396 393 397 400
f 401 404 403 402
f 405 406 407 408
f 401 402 406 405
f 402 403 407 406
f 403 404 408 407
f 404 401 405 408
f 409 412 411 410
f 413 414 415 416
f 409 410 414 413
f 410 411 415 414
f 411 412 416 415
f 412 409 413 416
f 417 420 419 418
f 421 422 423 424
f 417 418 422 421
f 418 419 423 422
f 419 420 424 423
f 420 417 421 424
f 425 428 427 426
f 429 430 431 432
f 425 426 430 429
f 426 427 431 430
f 427 428 432 431
f 428 425 429 432
f 433 436 435 434
f 437 438 439 440
f 433 434 438 437
f 434 435 439 438
f 435 436 440 439
f 436 433 437 440
f 441 444 443 442
f 445 446 447 448
f 441 442 446 445
f 442 443 447 446
f 443 444 448 447
f 444 441 445 448
f 449 452 451 450
f 453 454 455 456
f 449 450 454 453
f 450 451 455 454
f 451 452 456 455
f 452 449 453 456
f 457 460 459 458
f 461 462 463 464
f 457 458 462 461
f 458 459 463 462
f 459 460 464 463
f 460 457 461 464
f 465 468 467 466
f 469 470 471 472
f 465 466 470 469
f 466 467 471 470
f 467 468 472 471
f 468 465 469 472
f 473 476 475 474
f 477 478 479 480
f 473 474 478 477
f 474 475 479 478
f 475 476 480 479
f 476 473 477 480
f 481 484 483 482
f 485 486 487 488
f 481 482 486 485
f 482 483 487 486
f 483 484 488 487
f 484 481 485 488
f 489 492 491 490
f 493 494 495 496
f 489 490 494 493
f 490 491 495 494
f 491 492 496 495
f 492 489 493 496
f 497 500 499 498
f 501 502 503 504
f 497 498 502 501
f 498 499 503 502
f 499 500 504 503
f 500 497 501 504
f 505 508 507 506
f 509 510 511 512
f 505 506 510 509
f 506 507 511 510
f 507 508 512 511
f 508 505 509 512
f 513 516 515 514
f 517 518 519 520
f 513 514 518 517
f 514 515 519 518
f 515 516 520 519
f 516 513 517 520
f 521 524 523 522
f 525 526 527 528
f 521 522 526 525
f 522 523 527 526
f 523 524 528 527
f 524 521 525 528
f 529 532 531 530
f 533 534 535 536
f 529 530 534 533
f 530 531 535 534
f 531 532 536 535
f 532 529 533 536
f 537 540 539 538
f 541 542 543 544
f 537 538 542 541
f 538 539 543 542
f 539 540 544 543
f 540 537 541 544
f 545 548 547 546
f 549 550 551 552
f 545 546 550 549
f 546 547 551 550
f 547 548 552 551
f 548 545 549 552
f 553 556 555 554
f 557 558 559 560
f 553 554 558 557
f 554 555 559 558
f 555 556 560 559
f 556 553 557 560
f 561 564 563 562
f 565 566 567 568
f 561 562 566 565
f 562 563 567 566
f 563 564 568 567
f 564 561 565 568
f 569 572 571 570
f 573 574 575 576
f 569 570 574 573
f 570 571 575 574
f 571 572 576 575
f 572 569 573 576
f 577 580 579 578
f 581 582 583 584
f 577 578 582 581
f 578 579 583 582
f 579 580 584 583
f 580 577 581 584
f 585 588 587 586
f 589 590 591 592
f 585 586 590 589
f 586 587 591 590
f 587 588 592 591
f 588 585 589 592
f 593 596 595 594
f 597 598 599 600
f 593 594 598 597
f 594 595 599 598
f 595 596 600 599
f 596 593 597 600
f 601 604 603 602
f 605 606 607 608
f 601 602 606 605
f 602 603 607 606
f 603 604 608 607
f 604 601 605 608
f 609 612 611 610
f 613 614 615 616
f 609 610 614 613
f 610 611 615 614
f 611 612 616 615
f 612 609 613 616
f 617 620 619 618
f 621 622 623 624
f 617 618 622 621
f 618 619 623 622
f 619 620 624 623
f 620 617 621 624
f 625 628 627 626
f 629 630 631 632
f 625 626 630 629
f 626 627 631 630
f 627 628 632 631
f 628 625 629 632
f 633 636 635 634
f 637 638 639 640
f 633 634 638 637
f 634 635 639 638
f 635 636 640 639
f 636 633 637 640
f 641 644 643 642
f 645 646 647 648
f 641 642 646 645
f 642 643 647 646
f 643 644 648 647
f 644 641 645 648
f 649 652 651 650
f 653 654 655 656
f 649 650 654 653
f 650 651 655 654
f 651 652 656 655
f 652 649 653 656
f 657 660 659 658
f 661 662 663 664
f 657 658 662 661
f 658 659 663 662
f 659 660 664 663
f 660 657 661 664
f 665 668 667 666
f 669 670 671 672
f 665 666 670 669
f 666 667 671 670
f 667 668 672 671
f 668 665 669 672
f 673 676 675 674
f 677 678 679 680
f 673 674 678 677
f 674 675 679 678
f 675 676 680 679
f 676 673 677 680
f 681 684 683 682
f 685 686 687 688
f 681 682 686 685
f 682 683 687 686
f 683 684 688 687
f 684 681 685 688
f 689 692 691 690
f 693 694 695 696
f 689 690 694 693
f 690 691 695 694
f 691 692 696 695
f 692 689 693 696
f 697 700 699 698
f 701 702 703 704
f 697 698 702 701
f 698 699 703 702
f 699 700 704 703
f 700 697 701 704
f 705 708 707 706
f 709 710 711 712
f 705 706 710 709
f 706 707 711 710
f 707 708 712 711
f 708 705 709 712
f 713 716 715 714
f 717 718 719 720
f 713 714 718 717
f 714 715 719 718
f 715 716 720 719
f 716 713 717 720
f 721 724 723 722
f 725 726 727 728
f 721 722 726 725
f 722 723 727 726
f 723 724 728 727
f 724 721 725 728
f 729 732 731 730
f 733 734 735 736
f 729 730 734 733
f 730 731 735 734
f 731 732 736 735
f 732 729 733 736
f 737 740 739 738
f 741 742 743 744
f 737 738 742 741
f 738 739 743 742
f 739 740 744 743
f 740 737 741 744
f 745 748 747 746
f 749 750 751 752
f 745 746 750 749
f 746 747 751 750
f 747 748 752 751
f 748 745 749 752
f 753 756 755 754
f 757 758 759 760
f 753 754 758 757
f 754 755 759 758
f 755 756 760 759
f 756 753 757 760
f 761 764 763 762
f 765 766 767 768
f 761 762 766 765
f 762 763 767 766
f 763 764 768 767
f 764 761 765 768
f 769 772 771 770
f 773 774 775 776
f 769 770 774 773
f 770 771 775 774
f 771 772 776 775
f 772 769 773 776
f 777 780 779 778
f 781 782 783 784
f 777 778 782 781
f 778 779 783 782
f 779 780 784 783
f 780 777 781 784
f 785 788 787 786
f 789 790 791 792
f 785 786 790 789
f 786 787 791 790
f 787 788 792 791
f 788 785 789 792
f 793 796 795 794
f 797 798 799 800
f 793 794 798 797
f 794 795 799 798
f 795 796 800 799
f 796 793 797 800
f 801 804 803 802
f 805 806 807 808
f 801 802 806 805
f 802 803 807 806
f 803 804 808 807
f 804 801 805 808
f 809 812 811 810
f 813 814 815 816
f 809 810 814 813
f 810 811 815 814
f 811 812 816 815
f 812 809 813 816
f 817 820 819 818
f 821 822 823 824
f 817 818 822 821
f 818 819 823 822
f 819 820 824 823
f 820 817 821 824
f 825 828 827 826
f 829 830 831 832
f 825 826 830 829
f 826 827 831 830
f 827 828 832 831
f 828 825 829 832
f 833 836 835 834
f 837 838 839 840
f 833 834 838 837
f 834 835 839 838
f 835 836 840 839
f 836 833 837 840
f 841 844 843 842
f 845 846 847 848
f 841 842 846 845
f 842 843 847 846
f 843 844 848 847
f 844 841 845 848
f 849 852 851 850
f 853 854 855 856
f 849 850 854 853
f 850 851 855 854
f 851 852 856 855
f 852 849 853 856
f 857 860 859 858
f 861 862 863 864
f 857 858 862 861
f 858 859 863 862
f 859 860 864 863
f 860 857 861 864
f 865 868 867 866
f 869 870 871 872
f 865 866 870 869
f 866 867 871 870
f 867 868 872 871
f 868 865 869 872
f 873 876 875 874
f 877 878 879 880
f 873 874 878 877
f 874 875 879 878
f 875 876 880 879
f 876 873 877 880
f 881 884 883 882
f 885 886 887 888
f 881 882 886 885
f 882 883 887 886
f 883 884 888 887
f 884 881 885 888
f 889 892 891 890
f 893 894 895 896
f 889 890 894 893
f 890 891 895 894
f 891 892 896 895
f 892 889 893 896
f 897 900 899 898
f 901 902 903 904
f 897 898 902 901
f 898 899 903 902
f 899 900 904 903
f 900 897 901 904
f 905 908 907 906
f 909 910 911 912
f 905 906 910 909
f 906 907 911 910
f 907 908 912 911
f 908 905 909 912
f 913 916 915 914
f 917 918 919 920
f 913 914 918 917
f 914 915 919 918
f 915 916 920 919
f 916 913 917 920
f 921 924 923 922
f 925 926 927 928
f 921 922 926 925
f 922 923 927 926
f 923 924 928 927
f 924 921 925 928
f 929 932 931 930
f 933 934 935 936
f 929 930 934 933
f 930 931 935 934
f 931 932 936 935
f 932 929 933 936
f 937 940 939 938
f 941 942 943 944
f 937 938 942 941
f 938 939 943 942
f 939 940 944 943
f 940 937 941 944
f 945 948 947 946
f 949 950 951 952
f 945 946 950 949
f 946 947 951 950
f 947 948 952 951
f 948 945 949 952
f 953 956 955 954
f 957 958 959 960
f 953 954 958 957
f 954 955 959 958
f 955 956 960 959
f 956 953 957 960
f 961 964 963 962
f 965 966 967 968
f 961 962 966 965
f 962 963 967 966
f 963 964 968 967
f 964 961 965 968
f 969 972 971 970
f 973 974 975 976
f 969 970 974 973
f 970 971 975 974
f 971 972 976 975
f 972 969 973 976
f 977 980 979 978
f 981 982 983 984
f 977 978 982 981
f 978 979 983 982
f 979 980 984 983
f 980 977 981 984
f 985 988 987 986
f 989 990 991 992
f 985 986 990 989
f 986 987 991 990
f 987 988 992 991
f 988 985 989 992
f 993 996 995 994
f 997 998 999 1000
f 993 994 998 997
f 994 995 999 998
f 995 996 1000 999
f 996 993 997 1000
f 1001 1004 1003 1002
f 1005 1006 1007 1008
f 1001 1002 1006 1005
f 1002 1003 1007 1006
f 1003 1004 1008 1007
f 1004 1001 1005 1008
f 1009 1012 1011 1010
f 1013 1014 1015 1016
f 1009 1010 1014 1013
f 1010 1011 1015 1014
f 1011 1012 1016 1015
f 1012 1009 1013 1016
f 1017 1020 1019 1018
f 1021 1022 1023 1024
f 1017 1018 1022 1021
f 1018 1019 1023 1022
f 1019 1020 1024 1023
f 1020 1017 1021 1024
f 1025 1028 1027 1026
f 1029 1030 1031 1032
f 1025 1026 1030 1029
f 1026 1027 1031 1030
f 1027 1028 1032 1031
f 1028 1025 1029 1032
f 1033 1036 1035 1034
f 1037 1038 1039 1040
f 1033 1034 1038 1037
f 1034 1035 1039 1038
f 1035 1036 1040 1039
f 1036 1033 1037 1040
f 1041 1044 1043 1042
f 1045 1046 1047 1048
f 1041 1042 1046 1045
f 1042 1043 1047 1046
f 1043 1044 1048 1047
f 1044 1041 1045 1048
f 1049 1052 1051 1050
f 1053 1054 1055 1056
f 1049 1050 1054 1053
f 1050 1051 1055 1054
f 1051 1052 1056 1055
f 1052 1049 1053 1056
f 1057 1060 1059 1058
f 1061 1062 1063 1064
f 1057 1058 1062 1061
f 1058 1059 1063 1062
f 1059 1060 1064 1063
f 1060 1057 1061 1064
f 1065 1068 1067 1066
f 1069 1070 1071 1072
f 1065 1066 1070 1069
f 1066 1067 1071 1070
f 1067 1068 1072 1071
f 1068 1065 1069 1072
f 1073 1076 1075 1074
f 1077 1078 1079 1080
f 1073 1074 1078 1077
f 1074 1075 1079 1078
f 1075 1076 1080 1079
f 1076 1073 1077 1080
f 1081 1084 1083 1082
f 1085 1086 1087 1088
f 1081 1082 1086 1085
f 1082 1083 1087 1086
f 1083 1084 1088 1087
f 1084 1081 1085 1088
f 1089 1092 1091 1090
f 1093 1094 1095 1096
f 1089 1090 1094 1093
f 1090 1091 1095 1094
f 1091 1092 1096 1095
f 1092 1089 1093 1096
f 1097 1100 1099 1098
f 1101 1102 1103 1104
f 1097 1098 1102 1101
f 1098 1099 1103 1102
f 1099 1100 1104 1103
f 1100 1097 1101 1104
f 1105 1108 1107 1106
f 1109 1110 1111 1112
f 1105 1106 1110 1109
f 1106 1107 1111 1110
f 1107 1108 1112 1111
f 1108 1105 1109 1112
f 1113 1116 1115 1114
f 1117 1118 1119 1120
f 1113 1114 1118 1117
f 1114 1115 1119 1118
f 1115 1116 1120 1119
f 1116 1113 1117 1120
f 1121 1124 1123 1122
f 1125 1126 1127 1128
f 1121 1122 1126 1125
f 1122 1123 1127 1126
f 1123 1124 1128 1127
f 1124 1121 1125 1128
f 1129 1132 1131 1130
f 1133 1134 1135 1136
f 1129 1130 1134 1133
f 1130 1131 1135 1134
f 1131 1132 1136 1135
f 1132 1129 1133 1136
f 1137 1140 1139 1138
f 1141 1142 1143 1144
f 1137 1138 1142 1141
f 1138 1139 1143 1142
f 1139 1140 1144 1143
f 1140 1137 1141 1144
f 1145 1148 1147 1146
f 1149 1150 1151 1152
f 1145 1146 1150 1149
f 1146 1147 1151 1150
f 1147 1148 1152 1151
f 1148 1145 1149 1152
f 1153 1156 1155 1154
f 1157 1158 1159 1160
f 1153 1154 1158 1157
f 1154 1155 1159 1158
f 1155 1156 1160 1159
f 1156 1153 1157 1160
f 1161 1164 1163 1162
f 1165 1166 1167 1168
f 1161 1162 1166 1165
f 1162 1163 1167 1166
f 1163 1164 1168 1167
f 1164 1161 1165 1168
f 1169 1172 1171 1170
f 1173 1174 1175 1176
f 1169 1170 1174 1173
f 1170 1171 1175 1174
f 1171 1172 1176 1175
f 1172 1169 1173 1176
f 1177 1180 1179 1178
f 1181 1182 1183 1184
f 1177 1178 1182 1181
f 1178 1179 1183 1182
f 1179 1180 1184 1183
f 1180 1177 1181 1184
f 1185 1188 1187 1186
f 1189 1190 1191 1192
f 1185 1186 1190 1189
f 1186 1187 1191 1190
f 1187 1188 1192 1191
f 1188 1185 1189 1192
f 1193 1196 1195 1194
f 1197 1198 1199 1200
f 1193 1194 1198 1197
f 1194 1195 1199 1198
f 1195 1196 1200 1199
f 1196 1193 1197 1200
f 1201 1204 1203 1202
f 1205 1206 1207 1208
f 1201 1202 1206 1205
f 1202 1203 1207 1206
f 1203 1204 1208 1207
f 1204 1201 1205 1208
f 1209 1212 1211 1210
f 1213 1214 1215 1216
f 1209 1210 1214 1213
f 1210 1211 1215 1214
f 1211 1212 1216 1215
f 1212 1209 1213 1216
f 1217 1220 1219 1218
f 1221 1222 1223 1224
f 1217 1218 1222 1221
f 1218 1219 1223 1222
f 1219 1220 1224 1223
f 1220 1217 1221 1224
f 1225 1228 1227 1226
f 1229 1230 1231 1232
f 1225 1226 1230 1229
f 1226 1227 1231 1230
f 1227 1228 1232 1231
f 1228 1225 1229 1232
f 1233 1236 1235 1234
f 1237 1238 1239 1240
f 1233 1234 1238 1237
f 1234 1235 1239 1238
f 1235 1236 1240 1239
f 1236 1233 1237 1240
f 1241 1244 1243 1242
f 1245 1246 1247 1248
f 1241 1242 1246 1245
f 1242 1243 1247 1246
f 1243 1244 1248 1247
f 1244 1241 1245 1248
f 1249 1252 1251 1250
f 1253 1254 1255 1256
f 1249 1250 1254 1253
f 1250 1251 1255 1254
f 1251 1252 1256 1255
f 1252 1249 1253 1256
f 1257 1260 1259 1258
f 1261 1262 1263 1264
f 1257 1258 1262 1261
f 1258 1259 1263 1262
f 1259 1260 1264 1263
f 1260 1257 1261 1264
usemtl rock
f 1265 1268 1267 1266
f 1269 1270 1271 1272
f 1265 1266 1270 1269
f 1266 1267 1271 1270
f 1267 1268 1272 1271
f 1268 1265 1269 1272
f 1273 1276 1275 1274
f 1277 1278 1279 1280
f 1273 1274 1278 1277
f 1274 1275 1279 1278
f 1275 1276 1280 1279
f 1276 1273 1277 1280
f 1281 1284 1283 1282
f 1285 1286 1287 1288
f 1281 1282 1286 1285
f 1282 1283 1287 1286
f 1283 1284 1288 1287
f 1284 1281 1285 1288
f 1289 1292 1291 1290
f 1293 1294 1295 1296
f 1289 1290 1294 1293
f 1290 1291 1295 1294
f 1291 1292 1296 1295
f 1292 1289 1293 1296
f 1297 1300 1299 1298
f 1301 1302 1303 1304
f 1297 1298 1302 1301
f 1298 1299 1303 1302
f 1299 1300 1304 1303
f 1300 1297 1301 1304
f 1305 1308 1307 1306
f 1309 1310 1311 1312
f 1305 1306 1310 1309
f 1306 1307 1311 1310
f 1307 1308 1312 1311
f 1308 1305 1309 1312
usemtl cob
f 1313 1316 1315 1314
f 1317 1318 1319 1320
f 1313 1314 1318 1317
f 1314 1315 1319 1318
f 1315 1316 1320 1319
f 1316 1313 1317 1320
f 1321 1324 1323 1322
f 1325 1326 1327 1328
f 1321 1322 1326 1325
f 1322 1323 1327 1326
f 1323 1324 1328 1327
f 1324 1321 1325 1328
f 1329 1332 1331 1330
f 1333 1334 1335 1336
f 1329 1330 1334 1333
f 1330 1331 1335 1334
f 1331 1332 1336 1335
f 1332 1329 1333 1336
f 1337 1340 1339 1338
f 1341 1342 1343 1344
f 1337 1338 1342 1341
f 1338 1339 1343 1342
f 1339 1340 1344 1343
f 1340 1337 1341 1344
usemtl stakes
f 1345 1348 1347 1346
f 1349 1350 1351 1352
f 1345 1346 1350 1349
f 1346 1347 1351 1350
f 1347 1348 1352 1351
f 1348 1345 1349 1352
f 1353 1356 1355 1354
f 1357 1358 1359 1360
f 1353 1354 1358 1357
f 1354 1355 1359 1358
f 1355 1356 1360 1359
f 1356 1353 1357 1360
f 1361 1364 1363 1362
f 1365 1366 1367 1368
f 1361 1362 1366 1365
f 1362 1363 1367 1366
f 1363 1364 1368 1367
f 1364 1361 1365 1368
f 1369 1372 1371 1370
f 1373 1374 1375 1376
f 1369 1370 1374 1373
f 1370 1371 1375 1374
f 1371 1372 1376 1375
f 1372 1369 1373 1376
f 1377 1380 1379 1378
f 1381 1382 1383 1384
f 1377 1378 1382 1381
f 1378 1379 1383 1382
f 1379 1380 1384 1383
f 1380 1377 1381 1384
f 1385 1388 1387 1386
f 1389 1390 1391 1392
f 1385 1386 1390 1389
f 1386 1387 1391 1390
f 1387 1388 1392 1391
f 1388 1385 1389 1392
f 1393 1396 1395 1394
f 1397 1398 1399 1400
f 1393 1394 1398 1397
f 1394 1395 1399 1398
f 1395 1396 1400 1399
f 1396 1393 1397 1400
f 1401 1404 1403 1402
f 1405 1406 1407 1408
f 1401 1402 1406 1405
f 1402 1403 1407 1406
f 1403 1404 1408 1407
f 1404 1401 1405 1408
f 1409 1412 1411 1410
f 1413 1414 1415 1416
f 1409 1410 1414 1413
f 1410 1411 1415 1414
f 1411 1412 1416 1415
f 1412 1409 1413 1416
f 1417 1420 1419 1418
f 1421 1422 1423 1424
f 1417 1418 1422 1421
f 1418 1419 1423 1422
f 1419 1420 1424 1423
f 1420 1417 1421 1424
f 1425 1428 1427 1426
f 1429 1430 1431 1432
f 1425 1426 1430 1429
f 1426 1427 1431 1430
f 1427 1428 1432 1431
f 1428 1425 1429 1432
f 1433 1436 1435 1434
f 1437 1438 1439 1440
f 1433 1434 1438 1437
f 1434 1435 1439 1438
f 1435 1436 1440 1439
f 1436 1433 1437 1440
f 1441 1444 1443 1442
f 1445 1446 1447 1448
f 1441 1442 1446 1445
f 1442 1443 1447 1446
f 1443 1444 1448 1447
f 1444 1441 1445 1448
f 1449 1452 1451 1450
f 1453 1454 1455 1456
f 1449 1450 1454 1453
f 1450 1451 1455 1454
f 1451 1452 1456 1455
f 1452 1449 1453 1456
f 1457 1460 1459 1458
f 1461 1462 1463 1464
f 1457 1458 1462 1461
f 1458 1459 1463 1462
f 1459 1460 1464 1463
f 1460 1457 1461 1464
f 1465 1468 1467 1466
f 1469 1470 1471 1472
f 1465 1466 1470 1469
f 1466 1467 1471 1470
f 1467 1468 1472 1471
f 1468 1465 1469 1472
f 1473 1476 1475 1474
f 1477 1478 1479 1480
f 1473 1474 1478 1477
f 1474 1475 1479 1478
f 1475 1476 1480 1479
f 1476 1473 1477 1480
f 1481 1484 1483 1482
f 1485 1486 1487 1488
f 1481 1482 1486 1485
f 1482 1483 1487 1486
f 1483 1484 1488 1487
f 1484 1481 1485 1488
f 1489 1492 1491 1490
f 1493 1494 1495 1496
f 1489 1490 1494 1493
f 1490 1491 1495 1494
f 1491 1492 1496 1495
f 1492 1489 1493 1496
f 1497 1500 1499 1498
f 1501 1502 1503 1504
f 1497 1498 1502 1501
f 1498 1499 1503 1502
f 1499 1500 1504 1503
f 1500 1497 1501 1504
f 1505 1508 1507 1506
f 1509 1510 1511 1512
f 1505 1506 1510 1509
f 1506 1507 1511 1510
f 1507 1508 1512 1511
f 1508 1505 1509 1512
f 1513 1516 1515 1514
f 1517 1518 1519 1520
f 1513 1514 1518 1517
f 1514 1515 1519 1518
f 1515 1516 1520 1519
f 1516 1513 1517 1520
f 1521 1524 1523 1522
f 1525 1526 1527 1528
f 1521 1522 1526 1525
f 1522 1523 1527 1526
f 1523 1524 1528 1527
f 1524 1521 1525 1528
f 1529 1532 1531 1530
f 1533 1534 1535 1536
f 1529 1530 1534 1533
f 1530 1531 1535 1534
f 1531 1532 1536 1535
f 1532 1529 1533 1536
f 1537 1540 1539 1538
f 1541 1542 1543 1544
f 1537 1538 1542 1541
f 1538 1539 1543 1542
f 1539 1540 1544 1543
f 1540 1537 1541 1544
f 1545 1548 1547 1546
f 1549 1550 1551 1552
f 1545 1546 1550 1549
f 1546 1547 1551 1550
f 1547 1548 1552 1551
f 1548 1545 1549 1552
f 1553 1556 1555 1554
f 1557 1558 1559 1560
f 1553 1554 1558 1557
f 1554 1555 1559 1558
f 1555 1556 1560 1559
f 1556 1553 1557 1560
f 1561 1564 1563 1562
f 1565 1566 1567 1568
f 1561 1562 1566 1565
f 1562 1563 1567 1566
f 1563 1564 1568 1567
f 1564 1561 1565 1568
f 1569 1572 1571 1570
f 1573 1574 1575 1576
f 1569 1570 1574 1573
f 1570 1571 1575 1574
f 1571 1572 1576 1575
f 1572 1569 1573 1576
f 1577 1580 1579 1578
f 1581 1582 1583 1584
f 1577 1578 1582 1581
f 1578 1579 1583 1582
f 1579 1580 1584 1583
f 1580 1577 1581 1584
f 1585 1588 1587 1586
f 1589 1590 1591 1592
f 1585 1586 1590 1589
f 1586 1587 1591 1590
f 1587 1588 1592 1591
f 1588 1585 1589 1592
f 1593 1596 1595 1594
f 1597 1598 1599 1600
f 1593 1594 1598 1597
f 1594 1595 1599 1598
f 1595 1596 1600 1599
f 1596 1593 1597 1600
f 1601 1604 1603 1602
f 1605 1606 1607 1608
f 1601 1602 1606 1605
f 1602 1603 1607 1606
f 1603 1604 1608 1607
f 1604 1601 1605 1608
f 1609 1612 1611 1610
f 1613 1614 1615 1616
f 1609 1610 1614 1613
f 1610 1611 1615 1614
f 1611 1612 1616 1615
f 1612 1609 1613 1616
f 1617 1620 1619 1618
f 1621 1622 1623 1624
f 1617 1618 1622 1621
f 1618 1619 1623 1622
f 1619 1620 1624 1623
f 1620 1617 1621 1624
f 1625 1628 1627 1626
f 1629 1630 1631 1632
f 1625 1626 1630 1629
f 1626 1627 1631 1630
f 1627 1628 1632 1631
f 1628 1625 1629 1632
f 1633 1636 1635 1634
f 1637 1638 1639 1640
f 1633 1634 1638 1637
f 1634 1635 1639 1638
f 1635 1636 1640 1639
f 1636 1633 1637 1640
f 1641 1644 1643 1642
f 1645 1646 1647 1648
f 1641 1642 1646 1645
f 1642 1643 1647 1646
f 1643 1644 1648 1647
f 1644 1641 1645 1648
f 1649 1652 1651 1650
f 1653 1654 1655 1656
f 1649 1650 1654 1653
f 1650 1651 1655 1654
f 1651 1652 1656 1655
f 1652 1649 1653 1656
f 1657 1660 1659 1658
f 1661 1662 1663 1664
f 1657 1658 1662 1661
f 1658 1659 1663 1662
f 1659 1660 1664 1663
f 1660 1657 1661 1664
f 1665 1668 1667 1666
f 1669 1670 1671 1672
f 1665 1666 1670 1669
f 1666 1667 1671 1670
f 1667 1668 1672 1671
f 1668 1665 1669 1672
f 1673 1676 1675 1674
f 1677 1678 1679 1680
f 1673 1674 1678 1677
f 1674 1675 1679 1678
f 1675 1676 1680 1679
f 1676 1673 1677 1680
f 1681 1684 1683 1682
f 1685 1686 1687 1688
f 1681 1682 1686 1685
f 1682 1683 1687 1686
f 1683 1684 1688 1687
f 1684 1681 1685 1688
f 1689 1692 1691 1690
f 1693 1694 1695 1696
f 1689 1690 1694 1693
f 1690 1691 1695 1694
f 1691 1692 1696 1695
f 1692 1689 1693 1696
f 1697 1700 1699 1698
f 1701 1702 1703 1704
f 1697 1698 1702 1701
f 1698 1699 1703 1702
f 1699 1700 1704 1703
f 1700 1697 1701 1704
f 1705 1708 1707 1706
f 1709 1710 1711 1712
f 1705 1706 1710 1709
f 1706 1707 1711 1710
f 1707 1708 1712 1711
f 1708 1705 1709 1712
f 1713 1716 1715 1714
f 1717 1718 1719 1720
f 1713 1714 1718 1717
f 1714 1715 1719 1718
f 1715 1716 1720 1719
f 1716 1713 1717 1720
f 1721 1724 1723 1722
f 1725 1726 1727 1728
f 1721 1722 1726 1725
f 1722 1723 1727 1726
f 1723 1724 1728 1727
f 1724 1721 1725 1728
f 1729 1732 1731 1730
f 1733 1734 1735 1736
f 1729 1730 1734 1733
f 1730 1731 1735 1734
f 1731 1732 1736 1735
f 1732 1729 1733 1736
f 1737 1740 1739 1738
f 1741 1742 1743 1744
f 1737 1738 1742 1741
f 1738 1739 1743 1742
f 1739 1740 1744 1743
f 1740 1737 1741 1744
f 1745 1748 1747 1746
f 1749 1750 1751 1752
f 1745 1746 1750 1749
f 1746 1747 1751 1750
f 1747 1748 1752 1751
f 1748 1745 1749 1752
f 1753 1756 1755 1754
f 1757 1758 1759 1760
f 1753 1754 1758 1757
f 1754 1755 1759 1758
f 1755 1756 1760 1759
f 1756 1753 1757 1760
f 1761 1764 1763 1762
f 1765 1766 1767 1768
f 1761 1762 1766 1765
f 1762 1763 1767 1766
f 1763 1764 1768 1767
f 1764 1761 1765 1768
f 1769 1772 1771 1770
f 1773 1774 1775 1776
f 1769 1770 1774 1773
f 1770 1771 1775 1774
f 1771 1772 1776 1775
f 1772 1769 1773 1776
f 1777 1780 1779 1778
f 1781 1782 1783 1784
f 1777 1778 1782 1781
f 1778 1779 1783 1782
f 1779 1780 1784 1783
f 1780 1777 1781 1784
f 1785 1788 1787 1786
f 1789 1790 1791 1792
f 1785 1786 1790 1789
f 1786 1787 1791 1790
f 1787 1788 1792 1791
f 1788 1785 1789 1792
f 1793 1796 1795 1794
f 1797 1798 1799 1800
f 1793 1794 1798 1797
f 1794 1795 1799 1798
f 1795 1796 1800 1799
f 1796 1793 1797 1800
f 1801 1804 1803 1802
f 1805 1806 1807 1808
f 1801 1802 1806 1805
f 1802 1803 1807 1806
f 1803 1804 1808 1807
f 1804 1801 1805 1808
f 1809 1812 1811 1810
f 1813 1814 1815 1816
f 1809 1810 1814 1813
f 1810 1811 1815 1814
f 1811 1812 1816 1815
f 1812 1809 1813 1816
f 1817 1820 1819 1818
f 1821 1822 1823 1824
f 1817 1818 1822 1821
f 1818 1819 1823 1822
f 1819 1820 1824 1823
f 1820 1817 1821 1824
f 1825 1828 1827 1826
f 1829 1830 1831 1832
f 1825 1826 1830 1829
f 1826 1827 1831 1830
f 1827 1828 1832 1831
f 1828 1825 1829 1832
f 1833 1836 1835 1834
f 1837 1838 1839 1840
f 1833 1834 1838 1837
f 1834 1835 1839 1838
f 1835 1836 1840 1839
f 1836 1833 1837 1840
f 1841 1844 1843 1842
f 1845 1846 1847 1848
f 1841 1842 1846 1845
f 1842 1843 1847 1846
f 1843 1844 1848 1847
f 1844 1841 1845 1848
f 1849 1852 1851 1850
f 1853 1854 1855 1856
f 1849 1850 1854 1853
f 1850 1851 1855 1854
f 1851 1852 1856 1855
f 1852 1849 1853 1856
f 1857 1860 1859 1858
f 1861 1862 1863 1864
f 1857 1858 1862 1861
f 1858 1859 1863 1862
f 1859 1860 1864 1863
f 1860 1857 1861 1864
f 1865 1868 1867 1866
f 1869 1870 1871 1872
f 1865 1866 1870 1869
f 1866 1867 1871 1870
f 1867 1868 1872 1871
f 1868 1865 1869 1872
f 1873 1876 1875 1874
f 1877 1878 1879 1880
f 1873 1874 1878 1877
f 1874 1875 1879 1878
f 1875 1876 1880 1879
f 1876 1873 1877 1880
f 1881 1884 1883 1882
f 1885 1886 1887 1888
f 1881 1882 1886 1885
f 1882 1883 1887 1886
f 1883 1884 1888 1887
f 1884 1881 1885 1888
f 1889 1892 1891 1890
f 1893 1894 1895 1896
f 1889 1890 1894 1893
f 1890 1891 1895 1894
f 1891 1892 1896 1895
f 1892 1889 1893 1896
f 1897 1900 1899 1898
f 1901 1902 1903 1904
f 1897 1898 1902 1901
f 1898 1899 1903 1902
f 1899 1900 1904 1903
f 1900 1897 1901 1904
f 1905 1908 1907 1906
f 1909 1910 1911 1912
f 1905 1906 1910 1909
f 1906 1907 1911 1910
f 1907 1908 1912 1911
f 1908 1905 1909 1912
f 1913 1916 1915 1914
f 1917 1918 1919 1920
f 1913 1914 1918 1917
f 1914 1915 1919 1918
f 1915 1916 1920 1919
f 1916 1913 1917 1920
f 1921 1924 1923 1922
f 1925 1926 1927 1928
f 1921 1922 1926 1925
f 1922 1923 1927 1926
f 1923 1924 1928 1927
f 1924 1921 1925 1928
f 1929 1932 1931 1930
f 1933 1934 1935 1936
f 1929 1930 1934 1933
f 1930 1931 1935 1934
f 1931 1932 1936 1935
f 1932 1929 1933 1936
f 1937 1940 1939 1938
f 1941 1942 1943 1944
f 1937 1938 1942 1941
f 1938 1939 1943 1942
f 1939 1940 1944 1943
f 1940 1937 1941 1944
f 1945 1948 1947 1946
f 1949 1950 1951 1952
f 1945 1946 1950 1949
f 1946 1947 1951 1950
f 1947 1948 1952 1951
f 1948 1945 1949 1952
f 1953 1956 1955 1954
f 1957 1958 1959 1960
f 1953 1954 1958 1957
f 1954 1955 1959 1958
f 1955 1956 1960 1959
f 1956 1953 1957 1960
f 1961 1964 1963 1962
f 1965 1966 1967 1968
f 1961 1962 1966 1965
f 1962 1963 1967 1966
f 1963 1964 1968 1967
f 1964 1961 1965 1968
f 1969 1972 1971 1970
f 1973 1974 1975 1976
f 1969 1970 1974 1973
f 1970 1971 1975 1974
f 1971 1972 1976 1975
f 1972 1969 1973 1976
f 1977 1980 1979 1978
f 1981 1982 1983 1984
f 1977 1978 1982 1981
f 1978 1979 1983 1982
f 1979 1980 1984 1983
f 1980 1977 1981 1984
f 1985 1988 1987 1986
f 1989 1990 1991 1992
f 1985 1986 1990 1989
f 1986 1987 1991 1990
f 1987 1988 1992 1991
f 1988 1985 1989 1992
f 1993 1996 1995 1994
f 1997 1998 1999 2000
f 1993 1994 1998 1997
f 1994 1995 1999 1998
f 1995 1996 2000 1999
f 1996 1993 1997 2000
f 2001 2004 2003 2002
f 2005 2006 2007 2008
f 2001 2002 2006 2005
f 2002 2003 2007 2006
f 2003 2004 2008 2007
f 2004 2001 2005 2008
f 2009 2012 2011 2010
f 2013 2014 2015 2016
f 2009 2010 2014 2013
f 2010 2011 2015 2014
f 2011 2012 2016 2015
f 2012 2009 2013 2016
f 2017 2020 2019 2018
f 2021 2022 2023 2024
f 2017 2018 2022 2021
f 2018 2019 2023 2022
f 2019 2020 2024 2023
f 2020 2017 2021 2024
f 2025 2028 2027 2026
f 2029 2030 2031 2032
f 2025 2026 2030 2029
f 2026 2027 2031 2030
f 2027 2028 2032 2031
f 2028 2025 2029 2032
f 2033 2036 2035 2034
f 2037 2038 2039 2040
f 2033 2034 2038 2037
f 2034 2035 2039 2038
f 2035 2036 2040 2039
f 2036 2033 2037 2040
f 2041 2044 2043 2042
f 2045 2046 2047 2048
f 2041 2042 2046 2045
f 2042 2043 2047 2046
f 2043 2044 2048 2047
f 2044 2041 2045 2048
f 2049 2052 2051 2050
f 2053 2054 2055 2056
f 2049 2050 2054 2053
f 2050 2051 2055 2054
f 2051 2052 2056 2055
f 2052 2049 2053 2056
f 2057 2060 2059 2058
f 2061 2062 2063 2064
f 2057 2058 2062 2061
f 2058 2059 2063 2062
f 2059 2060 2064 2063
f 2060 2057 2061 2064
f 2065 2068 2067 2066
f 2069 2070 2071 2072
f 2065 2066 2070 2069
f 2066 2067 2071 2070
f 2067 2068 2072 2071
f 2068 2065 2069 2072
f 2073 2076 2075 2074
f 2077 2078 2079 2080
f 2073 2074 2078 2077
f 2074 2075 2079 2078
f 2075 2076 2080 2079
f 2076 2073 2077 2080
f 2081 2084 2083 2082
f 2085 2086 2087 2088
f 2081 2082 2086 2085
f 2082 2083 2087 2086
f 2083 2084 2088 2087
f 2084 2081 2085 2088
f 2089 2092 2091 2090
f 2093 2094 2095 2096
f 2089 2090 2094 2093
f 2090 2091 2095 2094
f 2091 2092 2096 2095
f 2092 2089 2093 2096
f 2097 2100 2099 2098
f 2101 2102 2103 2104
f 2097 2098 2102 2101
f 2098 2099 2103 2102
f 2099 2100 2104 2103
f 2100 2097 2101 2104
f 2105 2108 2107 2106
f 2109 2110 2111 2112
f 2105 2106 2110 2109
f 2106 2107 2111 2110
f 2107 2108 2112 2111
f 2108 2105 2109 2112
f 2113 2116 2115 2114
f 2117 2118 2119 2120
f 2113 2114 2118 2117
f 2114 2115 2119 2118
f 2115 2116 2120 2119
f 2116 2113 2117 2120
f 2121 2124 2123 2122
f 2125 2126 2127 2128
f 2121 2122 2126 2125
f 2122 2123 2127 2126
f 2123 2124 2128 2127
f 2124 2121 2125 2128
f 2129 2132 2131 2130
f 2133 2134 2135 2136
f 2129 2130 2134 2133
f 2130 2131 2135 2134
f 2131 2132 2136 2135
f 2132 2129 2133 2136
f 2137 2140 2139 2138
f 2141 2142 2143 2144
f 2137 2138 2142 2141
f 2138 2139 2143 2142
f 2139 2140 2144 2143
f 2140 2137 2141 2144
f 2145 2148 2147 2146
f 2149 2150 2151 2152
f 2145 2146 2150 2149
f 2146 2147 2151 2150
f 2147 2148 2152 2151
f 2148 2145 2149 2152
f 2153 2156 2155 2154
f 2157 2158 2159 2160
f 2153 2154 2158 2157
f 2154 2155 2159 2158
f 2155 2156 2160 2159
f 2156 2153 2157 2160
f 2161 2164 2163 2162
f 2165 2166 2167 2168
f 2161 2162 2166 2165
f 2162 2163 2167 2166
f 2163 2164 2168 2167
f 2164 2161 2165 2168
f 2169 2172 2171 2170
f 2173 2174 2175 2176
f 2169 2170 2174 2173
f 2170 2171 2175 2174
f 2171 2172 2176 2175
f 2172 2169 2173 2176
f 2177 2180 2179 2178
f 2181 2182 2183 2184
f 2177 2178 2182 2181
f 2178 2179 2183 2182
f 2179 2180 2184 2183
f 2180 2177 2181 2184
f 2185 2188 2187 2186
f 2189 2190 2191 2192
f 2185 2186 2190 2189
f 2186 2187 2191 2190
f 2187 2188 2192 2191
f 2188 2185 2189 2192
f 2193 2196 2195 2194
f 2197 2198 2199 2200
f 2193 2194 2198 2197
f 2194 2195 2199 2198
f 2195 2196 2200 2199
f 2196 2193 2197 2200
f 2201 2204 2203 2202
f 2205 2206 2207 2208
f 2201 2202 2206 2205
f 2202 2203 2207 2206
f 2203 2204 2208 2207
f 2204 2201 2205 2208
usemtl rock
f 2209 2212 2211 2210
f 2213 2214 2215 2216
f 2209 2210 2214 2213
f 2210 2211 2215 2214
f 2211 2212 2216 2215
f 2212 2209 2213 2216
usemtl cob
f 2217 2220 2219 2218
f 2221 2222 2223 2224
f 2217 2218 2222 2221
f 2218 2219 2223 2222
f 2219 2220 2224 2223
f 2220 2217 2221 2224
f 2225 2228 2227 2226
f 2229 2230 2231 2232
f 2225 2226 2230 2229
f 2226 2227 2231 2230
f 2227 2228 2232 2231
f 2228 2225 2229 2232
f 2233 2236 2235 2234
f 2237 2238 2239 2240
f 2233 2234 2238 2237
f 2234 2235 2239 2238
f 2235 2236 2240 2239
f 2236 2233 2237 2240
f 2241 2244 2243 2242
f 2245 2246 2247 2248
f 2241 2242 2246 2245
f 2242 2243 2247 2246
f 2243 2244 2248 2247
f 2244 2241 2245 2248
f 2249 2252 2251 2250
f 2253 2254 2255 2256
f 2249 2250 2254 2253
f 2250 2251 2255 2254
f 2251 2252 2256 2255
f 2252 2249 2253 2256
f 2257 2260 2259 2258
f 2261 2262 2263 2264
f 2257 2258 2262 2261
f 2258 2259 2263 2262
f 2259 2260 2264 2263
f 2260 2257 2261 2264
f 2265 2268 2267 2266
f 2269 2270 2271 2272
f 2265 2266 2270 2269
f 2266 2267 2271 2270
f 2267 2268 2272 2271
f 2268 2265 2269 2272
f 2273 2276 2275 2274
f 2277 2278 2279 2280
f 2273 2274 2278 2277
f 2274 2275 2279 2278
f 2275 2276 2280 2279
f 2276 2273 2277 2280
f 2281 2284 2283 2282
f 2285 2286 2287 2288
f 2281 2282 2286 2285
f 2282 2283 2287 2286
f 2283 2284 2288 2287
f 2284 2281 2285 2288
f 2289 2292 2291 2290
f 2293 2294 2295 2296
f 2289 2290 2294 2293
f 2290 2291 2295 2294
f 2291 2292 2296 2295
f 2292 2289 2293 2296
f 2297 2300 2299 2298
f 2301 2302 2303 2304
f 2297 2298 2302 2301
f 2298 2299 2303 2302
f 2299 2300 2304 2303
f 2300 2297 2301 2304
f 2305 2308 2307 2306
f 2309 2310 2311 2312
f 2305 2306 2310 2309
f 2306 2307 2311 2310
f 2307 2308 2312 2311
f 2308 2305 2309 2312
f 2313 2316 2315 2314
f 2317 2318 2319 2320
f 2313 2314 2318 2317
f 2314 2315 2319 2318
f 2315 2316 2320 2319
f 2316 2313 2317 2320
f 2321 2324 2323 2322
f 2325 2326 2327 2328
f 2321 2322 2326 2325
f 2322 2323 2327 2326
f 2323 2324 2328 2327
f 2324 2321 2325 2328
f 2329 2332 2331 2330
f 2333 2334 2335 2336
f 2329 2330 2334 2333
f 2330 2331 2335 2334
f 2331 2332 2336 2335
f 2332 2329 2333 2336
f 2337 2340 2339 2338
f 2341 2342 2343 2344
f 2337 2338 2342 2341
f 2338 2339 2343 2342
f 2339 2340 2344 2343
f 2340 2337 2341 2344
f 2345 2348 2347 2346
f 2349 2350 2351 2352
f 2345 2346 2350 2349
f 2346 2347 2351 2350
f 2347 2348 2352 2351
f 2348 2345 2349 2352
f 2353 2356 2355 2354
f 2357 2358 2359 2360
f 2353 2354 2358 2357
f 2354 2355 2359 2358
f 2355 2356 2360 2359
f 2356 2353 2357 2360
f 2361 2364 2363 2362
f 2365 2366 2367 2368
f 2361 2362 2366 2365
f 2362 2363 2367 2366
f 2363 2364 2368 2367
f 2364 2361 2365 2368
f 2369 2372 2371 2370
f 2373 2374 2375 2376
f 2369 2370 2374 2373
f 2370 2371 2375 2374
f 2371 2372 2376 2375
f 2372 2369 2373 2376
f 2377 2380 2379 2378
f 2381 2382 2383 2384
f 2377 2378 2382 2381
f 2378 2379 2383 2382
f 2379 2380 2384 2383
f 2380 2377 2381 2384
f 2385 2388 2387 2386
f 2389 2390 2391 2392
f 2385 2386 2390 2389
f 2386 2387 2391 2390
f 2387 2388 2392 2391
f 2388 2385 2389 2392
f 2393 2396 2395 2394
f 2397 2398 2399 2400
f 2393 2394 2398 2397
f 2394 2395 2399 2398
f 2395 2396 2400 2399
f 2396 2393 2397 2400
f 2401 2404 2403 2402
f 2405 2406 2407 2408
f 2401 2402 2406 2405
f 2402 2403 2407 2406
f 2403 2404 2408 2407
f 2404 2401 2405 2408
f 2409 2412 2411 2410
f 2413 2414 2415 2416
f 2409 2410 2414 2413
f 2410 2411 2415 2414
f 2411 2412 2416 2415
f 2412 2409 2413 2416
f 2417 2420 2419 2418
f 2421 2422 2423 2424
f 2417 2418 2422 2421
f 2418 2419 2423 2422
f 2419 2420 2424 2423
f 2420 2417 2421 2424
f 2425 2428 2427 2426
f 2429 2430 2431 2432
f 2425 2426 2430 2429
f 2426 2427 2431 2430
f 2427 2428 2432 2431
f 2428 2425 2429 2432
f 2433 2436 2435 2434
f 2437 2438 2439 2440
f 2433 2434 2438 2437
f 2434 2435 2439 2438
f 2435 2436 2440 2439
f 2436 2433 2437 2440
f 2441 2444 2443 2442
f 2445 2446 2447 2448
f 2441 2442 2446 2445
f 2442 2443 2447 2446
f 2443 2444 2448 2447
f 2444 2441 2445 2448
f 2449 2452 2451 2450
f 2453 2454 2455 2456
f 2449 2450 2454 2453
f 2450 2451 2455 2454
f 2451 2452 2456 2455
f 2452 2449 2453 2456
f 2457 2460 2459 2458
f 2461 2462 2463 2464
f 2457 2458 2462 2461
f 2458 2459 2463 2462
f 2459 2460 2464 2463
f 2460 2457 2461 2464
f 2465 2468 2467 2466
f 2469 2470 2471 2472
f 2465 2466 2470 2469
f 2466 2467 2471 2470
f 2467 2468 2472 2471
f 2468 2465 2469 2472
f 2473 2476 2475 2474
f 2477 2478 2479 2480
f 2473 2474 2478 2477
f 2474 2475 2479 2478
f 2475 2476 2480 2479
f 2476 2473 2477 2480
f 2481 2484 2483 2482
f 2485 2486 2487 2488
f 2481 2482 2486 2485
f 2482 2483 2487 2486
f 2483 2484 2488 2487
f 2484 2481 2485 2488
f 2489 2492 2491 2490
f 2493 2494 2495 2496
f 2489 2490 2494 2493
f 2490 2491 2495 2494
f 2491 2492 2496 2495
f 2492 2489 2493 2496
f 2497 2500 2499 2498
f 2501 2502 2503 2504
f 2497 2498 2502 2501
f 2498 2499 2503 2502
f 2499 2500 2504 2503
f 2500 2497 2501 2504
usemtl rock
f 2505 2508 2507 2506
f 2509 2510 2511 2512
f 2505 2506 2510 2509
f 2506 2507 2511 2510
f 2507 2508 2512 2511
f 2508 2505 2509 2512
usemtl stakes
f 2513 2516 2515 2514
f 2517 2518 2519 2520
f 2513 2514 2518 2517
f 2514 2515 2519 2518
f 2515 2516 2520 2519
f 2516 2513 2517 2520
f 2521 2524 2523 2522
f 2525 2526 2527 2528
f 2521 2522 2526 2525
f 2522 2523 2527 2526
f 2523 2524 2528 2527
f 2524 2521 2525 2528
f 2529 2532 2531 2530
f 2533 2534 2535 2536
f 2529 2530 2534 2533
f 2530 2531 2535 2534
f 2531 2532 2536 2535
f 2532 2529 2533 2536
f 2537 2540 2539 2538
f 2541 2542 2543 2544
f 2537 2538 2542 2541
f 2538 2539 2543 2542
f 2539 2540 2544 2543
f 2540 2537 2541 2544
f 2545 2548 2547 2546
f 2549 2550 2551 2552
f 2545 2546 2550 2549
f 2546 2547 2551 2550
f 2547 2548 2552 2551
f 2548 2545 2549 2552
f 2553 2556 2555 2554
f 2557 2558 2559 2560
f 2553 2554 2558 2557
f 2554 2555 2559 2558
f 2555 2556 2560 2559
f 2556 2553 2557 2560
f 2561 2564 2563 2562
f 2565 2566 2567 2568
f 2561 2562 2566 2565
f 2562 2563 2567 2566
f 2563 2564 2568 2567
f 2564 2561 2565 2568
f 2569 2572 2571 2570
f 2573 2574 2575 2576
f 2569 2570 2574 2573
f 2570 2571 2575 2574
f 2571 2572 2576 2575
f 2572 2569 2573 2576
f 2577 2580 2579 2578
f 2581 2582 2583 2584
f 2577 2578 2582 2581
f 2578 2579 2583 2582
f 2579 2580 2584 2583
f 2580 2577 2581 2584
f 2585 2588 2587 2586
f 2589 2590 2591 2592
f 2585 2586 2590 2589
f 2586 2587 2591 2590
f 2587 2588 2592 2591
f 2588 2585 2589 2592
f 2593 2596 2595 2594
f 2597 2598 2599 2600
f 2593 2594 2598 2597
f 2594 2595 2599 2598
f 2595 2596 2600 2599
f 2596 2593 2597 2600
f 2601 2604 2603 2602
f 2605 2606 2607 2608
f 2601 2602 2606 2605
f 2602 2603 2607 2606
f 2603 2604 2608 2607
f 2604 2601 2605 2608
f 2609 2612 2611 2610
f 2613 2614 2615 2616
f 2609 2610 2614 2613
f 2610 2611 2615 2614
f 2611 2612 2616 2615
f 2612 2609 2613 2616
f 2617 2620 2619 2618
f 2621 2622 2623 2624
f 2617 2618 2622 2621
f 2618 2619 2623 2622
f 2619 2620 2624 2623
f 2620 2617 2621 2624
f 2625 2628 2627 2626
f 2629 2630 2631 2632
f 2625 2626 2630 2629
f 2626 2627 2631 2630
f 2627 2628 2632 2631
f 2628 2625 2629 2632
f 2633 2636 2635 2634
f 2637 2638 2639 2640
f 2633 2634 2638 2637
f 2634 2635 2639 2638
f 2635 2636 2640 2639
f 2636 2633 2637 2640
f 2641 2644 2643 2642
f 2645 2646 2647 2648
f 2641 2642 2646 2645
f 2642 2643 2647 2646
f 2643 2644 2648 2647
f 2644 2641 2645 2648
f 2649 2652 2651 2650
f 2653 2654 2655 2656
f 2649 2650 2654 2653
f 2650 2651 2655 2654
f 2651 2652 2656 2655
f 2652 2649 2653 2656
f 2657 2660 2659 2658
f 2661 2662 2663 2664
f 2657 2658 2662 2661
f 2658 2659 2663 2662
f 2659 2660 2664 2663
f 2660 2657 2661 2664
f 2665 2668 2667 2666
f 2669 2670 2671 2672
f 2665 2666 2670 2669
f 2666 2667 2671 2670
f 2667 2668 2672 2671
f 2668 2665 2669 2672
f 2673 2676 2675 2674
f 2677 2678 2679 2680
f 2673 2674 2678 2677
f 2674 2675 2679 2678
f 2675 2676 2680 2679
f 2676 2673 2677 2680
f 2681 2684 2683 2682
f 2685 2686 2687 2688
f 2681 2682 2686 2685
f 2682 2683 2687 2686
f 2683 2684 2688 2687
f 2684 2681 2685 2688
f 2689 2692 2691 2690
f 2693 2694 2695 2696
f 2689 2690 2694 2693
f 2690 2691 2695 2694
f 2691 2692 2696 2695
f 2692 2689 2693 2696
f 2697 2700 2699 2698
f 2701 2702 2703 2704
f 2697 2698 2702 2701
f 2698 2699 2703 2702
f 2699 2700 2704 2703
f 2700 2697 2701 2704
f 2705 2708 2707 2706
f 2709 2710 2711 2712
f 2705 2706 2710 2709
f 2706 2707 2711 2710
f 2707 2708 2712 2711
f 2708 2705 2709 2712
f 2713 2716 2715 2714
f 2717 2718 2719 2720
f 2713 2714 2718 2717
f 2714 2715 2719 2718
f 2715 2716 2720 2719
f 2716 2713 2717 2720
f 2721 2724 2723 2722
f 2725 2726 2727 2728
f 2721 2722 2726 2725
f 2722 2723 2727 2726
f 2723 2724 2728 2727
f 2724 2721 2725 2728
f 2729 2732 2731 2730
f 2733 2734 2735 2736
f 2729 2730 2734 2733
f 2730 2731 2735 2734
f 2731 2732 2736 2735
f 2732 2729 2733 2736
f 2737 2740 2739 2738
f 2741 2742 2743 2744
f 2737 2738 2742 2741
f 2738 2739 2743 2742
f 2739 2740 2744 2743
f 2740 2737 2741 2744
f 2745 2748 2747 2746
f 2749 2750 2751 2752
f 2745 2746 2750 2749
f 2746 2747 2751 2750
f 2747 2748 2752 2751
f 2748 2745 2749 2752
f 2753 2756 2755 2754
f 2757 2758 2759 2760
f 2753 2754 2758 2757
f 2754 2755 2759 2758
f 2755 2756 2760 2759
f 2756 2753 2757 2760
f 2761 2764 2763 2762
f 2765 2766 2767 2768
f 2761 2762 2766 2765
f 2762 2763 2767 2766
f 2763 2764 2768 2767
f 2764 2761 2765 2768
f 2769 2772 2771 2770
f 2773 2774 2775 2776
f 2769 2770 2774 2773
f 2770 2771 2775 2774
f 2771 2772 2776 2775
f 2772 2769 2773 2776
f 2777 2780 2779 2778
f 2781 2782 2783 2784
f 2777 2778 2782 2781
f 2778 2779 2783 2782
f 2779 2780 2784 2783
f 2780 2777 2781 2784
f 2785 2788 2787 2786
f 2789 2790 2791 2792
f 2785 2786 2790 2789
f 2786 2787 2791 2790
f 2787 2788 2792 2791
f 2788 2785 2789 2792
usemtl rock
f 2793 2796 2795 2794
f 2797 2798 2799 2800
f 2793 2794 2798 2797
f 2794 2795 2799 2798
f 2795 2796 2800 2799
f 2796 2793 2797 2800
usemtl stakes
f 2801 2804 2803 2802
f 2805 2806 2807 2808
f 2801 2802 2806 2805
f 2802 2803 2807 2806
f 2803 2804 2808 2807
f 2804 2801 2805 2808
f 2809 2812 2811 2810
f 2813 2814 2815 2816
f 2809 2810 2814 2813
f 2810 2811 2815 2814
f 2811 2812 2816 2815
f 2812 2809 2813 2816
f 2817 2820 2819 2818
f 2821 2822 2823 2824
f 2817 2818 2822 2821
f 2818 2819 2823 2822
f 2819 2820 2824 2823
f 2820 2817 2821 2824
f 2825 2828 2827 2826
f 2829 2830 2831 2832
f 2825 2826 2830 2829
f 2826 2827 2831 2830
f 2827 2828 2832 2831
f 2828 2825 2829 2832
f 2833 2836 2835 2834
f 2837 2838 2839 2840
f 2833 2834 2838 2837
f 2834 2835 2839 2838
f 2835 2836 2840 2839
f 2836 2833 2837 2840
f 2841 2844 2843 2842
f 2845 2846 2847 2848
f 2841 2842 2846 2845
f 2842 2843 2847 2846
f 2843 2844 2848 2847
f 2844 2841 2845 2848
f 2849 2852 2851 2850
f 2853 2854 2855 2856
f 2849 2850 2854 2853
f 2850 2851 2855 2854
f 2851 2852 2856 2855
f 2852 2849 2853 2856
f 2857 2860 2859 2858
f 2861 2862 2863 2864
f 2857 2858 2862 2861
f 2858 2859 2863 2862
f 2859 2860 2864 2863
f 2860 2857 2861 2864
f 2865 2868 2867 2866
f 2869 2870 2871 2872
f 2865 2866 2870 2869
f 2866 2867 2871 2870
f 2867 2868 2872 2871
f 2868 2865 2869 2872
f 2873 2876 2875 2874
f 2877 2878 2879 2880
f 2873 2874 2878 2877
f 2874 2875 2879 2878
f 2875 2876 2880 2879
f 2876 2873 2877 2880
f 2881 2884 2883 2882
f 2885 2886 2887 2888
f 2881 2882 2886 2885
f 2882 2883 2887 2886
f 2883 2884 2888 2887
f 2884 2881 2885 2888
f 2889 2892 2891 2890
f 2893 2894 2895 2896
f 2889 2890 2894 2893
f 2890 2891 2895 2894
f 2891 2892 2896 2895
f 2892 2889 2893 2896
f 2897 2900 2899 2898
f 2901 2902 2903 2904
f 2897 2898 2902 2901
f 2898 2899 2903 2902
f 2899 2900 2904 2903
f 2900 2897 2901 2904
f 2905 2908 2907 2906
f 2909 2910 2911 2912
f 2905 2906 2910 2909
f 2906 2907 2911 2910
f 2907 2908 2912 2911
f 2908 2905 2909 2912
f 2913 2916 2915 2914
f 2917 2918 2919 2920
f 2913 2914 2918 2917
f 2914 2915 2919 2918
f 2915 2916 2920 2919
f 2916 2913 2917 2920
f 2921 2924 2923 2922
f 2925 2926 2927 2928
f 2921 2922 2926 2925
f 2922 2923 2927 2926
f 2923 2924 2928 2927
f 2924 2921 2925 2928
f 2929 2932 2931 2930
f 2933 2934 2935 2936
f 2929 2930 2934 2933
f 2930 2931 2935 2934
f 2931 2932 2936 2935
f 2932 2929 2933 2936
f 2937 2940 2939 2938
f 2941 2942 2943 2944
f 2937 2938 2942 2941
f 2938 2939 2943 2942
f 2939 2940 2944 2943
f 2940 2937 2941 2944
f 2945 2948 2947 2946
f 2949 2950 2951 2952
f 2945 2946 2950 2949
f 2946 2947 2951 2950
f 2947 2948 2952 2951
f 2948 2945 2949 2952
f 2953 2956 2955 2954
f 2957 2958 2959 2960
f 2953 2954 2958 2957
f 2954 2955 2959 2958
f 2955 2956 2960 2959
f 2956 2953 2957 2960
f 2961 2964 2963 2962
f 2965 2966 2967 2968
f 2961 2962 2966 2965
f 2962 2963 2967 2966
f 2963 2964 2968 2967
f 2964 2961 2965 2968
f 2969 2972 2971 2970
f 2973 2974 2975 2976
f 2969 2970 2974 2973
f 2970 2971 2975 2974
f 2971 2972 2976 2975
f 2972 2969 2973 2976
f 2977 2980 2979 2978
f 2981 2982 2983 2984
f 2977 2978 2982 2981
f 2978 2979 2983 2982
f 2979 2980 2984 2983
f 2980 2977 2981 2984
f 2985 2988 2987 2986
f 2989 2990 2991 2992
f 2985 2986 2990 2989
f 2986 2987 2991 2990
f 2987 2988 2992 2991
f 2988 2985 2989 2992
f 2993 2996 2995 2994
f 2997 2998 2999 3000
f 2993 2994 2998 2997
f 2994 2995 2999 2998
f 2995 2996 3000 2999
f 2996 2993 2997 3000
f 3001 3004 3003 3002
f 3005 3006 3007 3008
f 3001 3002 3006 3005
f 3002 3003 3007 3006
f 3003 3004 3008 3007
f 3004 3001 3005 3008
f 3009 3012 3011 3010
f 3013 3014 3015 3016
f 3009 3010 3014 3013
f 3010 3011 3015 3014
f 3011 3012 3016 3015
f 3012 3009 3013 3016
f 3017 3020 3019 3018
f 3021 3022 3023 3024
f 3017 3018 3022 3021
f 3018 3019 3023 3022
f 3019 3020 3024 3023
f 3020 3017 3021 3024
f 3025 3028 3027 3026
f 3029 3030 3031 3032
f 3025 3026 3030 3029
f 3026 3027 3031 3030
f 3027 3028 3032 3031
f 3028 3025 3029 3032
f 3033 3036 3035 3034
f 3037 3038 3039 3040
f 3033 3034 3038 3037
f 3034 3035 3039 3038
f 3035 3036 3040 3039
f 3036 3033 3037 3040
f 3041 3044 3043 3042
f 3045 3046 3047 3048
f 3041 3042 3046 3045
f 3042 3043 3047 3046
f 3043 3044 3048 3047
f 3044 3041 3045 3048
f 3049 3052 3051 3050
f 3053 3054 3055 3056
f 3049 3050 3054 3053
f 3050 3051 3055 3054
f 3051 3052 3056 3055
f 3052 3049 3053 3056
f 3057 3060 3059 3058
f 3061 3062 3063 3064
f 3057 3058 3062 3061
f 3058 3059 3063 3062
f 3059 3060 3064 3063
f 3060 3057 3061 3064
f 3065 3068 3067 3066
f 3069 3070 3071 3072
f 3065 3066 3070 3069
f 3066 3067 3071 3070
f 3067 3068 3072 3071
f 3068 3065 3069 3072
f 3073 3076 3075 3074
f 3077 3078 3079 3080
f 3073 3074 3078 3077
f 3074 3075 3079 3078
f 3075 3076 3080 3079
f 3076 3073 3077 3080
usemtl rock
f 3081 3084 3083 3082
f 3085 3086 3087 3088
f 3081 3082 3086 3085
f 3082 3083 3087 3086
f 3083 3084 3088 3087
f 3084 3081 3085 3088
usemtl stakes
f 3089 3092 3091 3090
f 3093 3094 3095 3096
f 3089 3090 3094 3093
f 3090 3091 3095 3094
f 3091 3092 3096 3095
f 3092 3089 3093 3096
f 3097 3100 3099 3098
f 3101 3102 3103 3104
f 3097 3098 3102 3101
f 3098 3099 3103 3102
f 3099 3100 3104 3103
f 3100 3097 3101 3104
f 3105 3108 3107 3106
f 3109 3110 3111 3112
f 3105 3106 3110 3109
f 3106 3107 3111 3110
f 3107 3108 3112 3111
f 3108 3105 3109 3112
f 3113 3116 3115 3114
f 3117 3118 3119 3120
f 3113 3114 3118 3117
f 3114 3115 3119 3118
f 3115 3116 3120 3119
f 3116 3113 3117 3120
f 3121 3124 3123 3122
f 3125 3126 3127 3128
f 3121 3122 3126 3125
f 3122 3123 3127 3126
f 3123 3124 3128 3127
f 3124 3121 3125 3128
f 3129 3132 3131 3130
f 3133 3134 3135 3136
f 3129 3130 3134 3133
f 3130 3131 3135 3134
f 3131 3132 3136 3135
f 3132 3129 3133 3136
f 3137 3140 3139 3138
f 3141 3142 3143 3144
f 3137 3138 3142 3141
f 3138 3139 3143 3142
f 3139 3140 3144 3143
f 3140 3137 3141 3144
f 3145 3148 3147 3146
f 3149 3150 3151 3152
f 3145 3146 3150 3149
f 3146 3147 3151 3150
f 3147 3148 3152 3151
f 3148 3145 3149 3152
f 3153 3156 3155 3154
f 3157 3158 3159 3160
f 3153 3154 3158 3157
f 3154 3155 3159 3158
f 3155 3156 3160 3159
f 3156 3153 3157 3160
f 3161 3164 3163 3162
f 3165 3166 3167 3168
f 3161 3162 3166 3165
f 3162 3163 3167 3166
f 3163 3164 3168 3167
f 3164 3161 3165 3168
f 3169 3172 3171 3170
f 3173 3174 3175 3176
f 3169 3170 3174 3173
f 3170 3171 3175 3174
f 3171 3172 3176 3175
f 3172 3169 3173 3176
f 3177 3180 3179 3178
f 3181 3182 3183 3184
f 3177 3178 3182 3181
f 3178 3179 3183 3182
f 3179 3180 3184 3183
f 3180 3177 3181 3184
f 3185 3188 3187 3186
f 3189 3190 3191 3192
f 3185 3186 3190 3189
f 3186 3187 3191 3190
f 3187 3188 3192 3191
f 3188 3185 3189 3192
f 3193 3196 3195 3194
f 3197 3198 3199 3200
f 3193 3194 3198 3197
f 3194 3195 3199 3198
f 3195 3196 3200 3199
f 3196 3193 3197 3200
f 3201 3204 3203 3202
f 3205 3206 3207 3208
f 3201 3202 3206 3205
f 3202 3203 3207 3206
f 3203 3204 3208 3207
f 3204 3201 3205 3208
f 3209 3212 3211 3210
f 3213 3214 3215 3216
f 3209 3210 3214 3213
f 3210 3211 3215 3214
f 3211 3212 3216 3215
f 3212 3209 3213 3216
f 3217 3220 3219 3218
f 3221 3222 3223 3224
f 3217 3218 3222 3221
f 3218 3219 3223 3222
f 3219 3220 3224 3223
f 3220 3217 3221 3224
f 3225 3228 3227 3226
f 3229 3230 3231 3232
f 3225 3226 3230 3229
f 3226 3227 3231 3230
f 3227 3228 3232 3231
f 3228 3225 3229 3232
f 3233 3236 3235 3234
f 3237 3238 3239 3240
f 3233 3234 3238 3237
f 3234 3235 3239 3238
f 3235 3236 3240 3239
f 3236 3233 3237 3240
f 3241 3244 3243 3242
f 3245 3246 3247 3248
f 3241 3242 3246 3245
f 3242 3243 3247 3246
f 3243 3244 3248 3247
f 3244 3241 3245 3248
f 3249 3252 3251 3250
f 3253 3254 3255 3256
f 3249 3250 3254 3253
f 3250 3251 3255 3254
f 3251 3252 3256 3255
f 3252 3249 3253 3256
f 3257 3260 3259 3258
f 3261 3262 3263 3264
f 3257 3258 3262 3261
f 3258 3259 3263 3262
f 3259 3260 3264 3263
f 3260 3257 3261 3264
f 3265 3268 3267 3266
f 3269 3270 3271 3272
f 3265 3266 3270 3269
f 3266 3267 3271 3270
f 3267 3268 3272 3271
f 3268 3265 3269 3272
f 3273 3276 3275 3274
f 3277 3278 3279 3280
f 3273 3274 3278 3277
f 3274 3275 3279 3278
f 3275 3276 3280 3279
f 3276 3273 3277 3280
f 3281 3284 3283 3282
f 3285 3286 3287 3288
f 3281 3282 3286 3285
f 3282 3283 3287 3286
f 3283 3284 3288 3287
f 3284 3281 3285 3288
f 3289 3292 3291 3290
f 3293 3294 3295 3296
f 3289 3290 3294 3293
f 3290 3291 3295 3294
f 3291 3292 3296 3295
f 3292 3289 3293 3296
f 3297 3300 3299 3298
f 3301 3302 3303 3304
f 3297 3298 3302 3301
f 3298 3299 3303 3302
f 3299 3300 3304 3303
f 3300 3297 3301 3304
f 3305 3308 3307 3306
f 3309 3310 3311 3312
f 3305 3306 3310 3309
f 3306 3307 3311 3310
f 3307 3308 3312 3311
f 3308 3305 3309 3312
f 3313 3316 3315 3314
f 3317 3318 3319 3320
f 3313 3314 3318 3317
f 3314 3315 3319 3318
f 3315 3316 3320 3319
f 3316 3313 3317 3320
f 3321 3324 3323 3322
f 3325 3326 3327 3328
f 3321 3322 3326 3325
f 3322 3323 3327 3326
f 3323 3324 3328 3327
f 3324 3321 3325 3328
f 3329 3332 3331 3330
f 3333 3334 3335 3336
f 3329 3330 3334 3333
f 3330 3331 3335 3334
f 3331 3332 3336 3335
f 3332 3329 3333 3336
f 3337 3340 3339 3338
f 3341 3342 3343 3344
f 3337 3338 3342 3341
f 3338 3339 3343 3342
f 3339 3340 3344 3343
f 3340 3337 3341 3344
f 3345 3348 3347 3346
f 3349 3350 3351 3352
f 3345 3346 3350 3349
f 3346 3347 3351 3350
f 3347 3348 3352 3351
f 3348 3345 3349 3352
f 3353 3356 3355 3354
f 3357 3358 3359 3360
f 3353 3354 3358 3357
f 3354 3355 3359 3358
f 3355 3356 3360 3359
f 3356 3353 3357 3360
f 3361 3364 3363 3362
f 3365 3366 3367 3368
f 3361 3362 3366 3365
f 3362 3363 3367 3366
f 3363 3364 3368 3367
f 3364 3361 3365 3368
usemtl steel
f 3369 3370 3378 3377
f 3370 3371 3379 3378
f 3371 3372 3380 3379
f 3372 3373 3381 3380
f 3373 3374 3382 3381
f 3374 3375 3383 3382
f 3375 3376 3384 3383
f 3376 3369 3377 3384
f 3376 3375 3374 3373 3372 3371 3370 3369
f 3377 3378 3379 3380 3381 3382 3383 3384
f 3385 3386 3394 3393
f 3386 3387 3395 3394
f 3387 3388 3396 3395
f 3388 3389 3397 3396
f 3389 3390 3398 3397
f 3390 3391 3399 3398
f 3391 3392 3400 3399
f 3392 3385 3393 3400
f 3392 3391 3390 3389 3388 3387 3386 3385
f 3393 3394 3395 3396 3397 3398 3399 3400
f 3401 3402 3410 3409
f 3402 3403 3411 3410
f 3403 3404 3412 3411
f 3404 3405 3413 3412
f 3405 3406 3414 3413
f 3406 3407 3415 3414
f 3407 3408 3416 3415
f 3408 3401 3409 3416
f 3408 3407 3406 3405 3404 3403 3402 3401
f 3409 3410 3411 3412 3413 3414 3415 3416
f 3417 3418 3426 3425
f 3418 3419 3427 3426
f 3419 3420 3428 3427
f 3420 3421 3429 3428
f 3421 3422 3430 3429
f 3422 3423 3431 3430
f 3423 3424 3432 3431
f 3424 3417 3425 3432
f 3424 3423 3422 3421 3420 3419 3418 3417
f 3425 3426 3427 3428 3429 3430 3431 3432
f 3433 3434 3442 3441
f 3434 3435 3443 3442
f 3435 3436 3444 3443
f 3436 3437 3445 3444
f 3437 3438 3446 3445
f 3438 3439 3447 3446
f 3439 3440 3448 3447
f 3440 3433 3441 3448
f 3440 3439 3438 3437 3436 3435 3434 3433
f 3441 3442 3443 3444 3445 3446 3447 3448
f 3449 3450 3458 3457
f 3450 3451 3459 3458
f 3451 3452 3460 3459
f 3452 3453 3461 3460
f 3453 3454 3462 3461
f 3454 3455 3463 3462
f 3455 3456 3464 3463
f 3456 3449 3457 3464
f 3456 3455 3454 3453 3452 3451 3450 3449
f 3457 3458 3459 3460 3461 3462 3463 3464
f 3465 3466 3474 3473
f 3466 3467 3475 3474
f 3467 3468 3476 3475
f 3468 3469 3477 3476
f 3469 3470 3478 3477
f 3470 3471 3479 3478
f 3471 3472 3480 3479
f 3472 3465 3473 3480
f 3472 3471 3470 3469 3468 3467 3466 3465
f 3473 3474 3475 3476 3477 3478 3479 3480
f 3481 3482 3490 3489
f 3482 3483 3491 3490
f 3483 3484 3492 3491
f 3484 3485 3493 3492
f 3485 3486 3494 3493
f 3486 3487 3495 3494
f 3487 3488 3496 3495
f 3488 3481 3489 3496
f 3488 3487 3486 3485 3484 3483 3482 3481
f 3489 3490 3491 3492 3493 3494 3495 3496
f 3497 3498 3506 3505
f 3498 3499 3507 3506
f 3499 3500 3508 3507
f 3500 3501 3509 3508
f 3501 3502 3510 3509
f 3502 3503 3511 3510
f 3503 3504 3512 3511
f 3504 3497 3505 3512
f 3504 3503 3502 3501 3500 3499 3498 3497
f 3505 3506 3507 3508 3509 3510 3511 3512
f 3513 3514 3522 3521
f 3514 3515 3523 3522
f 3515 3516 3524 3523
f 3516 3517 3525 3524
f 3517 3518 3526 3525
f 3518 3519 3527 3526
f 3519 3520 3528 3527
f 3520 3513 3521 3528
f 3520 3519 3518 3517 3516 3515 3514 3513
f 3521 3522 3523 3524 3525 3526 3527 3528
f 3529 3530 3538 3537
f 3530 3531 3539 3538
f 3531 3532 3540 3539
f 3532 3533 3541 3540
f 3533 3534 3542 3541
f 3534 3535 3543 3542
f 3535 3536 3544 3543
f 3536 3529 3537 3544
f 3536 3535 3534 3533 3532 3531 3530 3529
f 3537 3538 3539 3540 3541 3542 3543 3544
f 3545 3546 3554 3553
f 3546 3547 3555 3554
f 3547 3548 3556 3555
f 3548 3549 3557 3556
f 3549 3550 3558 3557
f 3550 3551 3559 3558
f 3551 3552 3560 3559
f 3552 3545 3553 3560
f 3552 3551 3550 3549 3548 3547 3546 3545
f 3553 3554 3555 3556 3557 3558 3559 3560
f 3561 3562 3570 3569
f 3562 3563 3571 3570
f 3563 3564 3572 3571
f 3564 3565 3573 3572
f 3565 3566 3574 3573
f 3566 3567 3575 3574
f 3567 3568 3576 3575
f 3568 3561 3569 3576
f 3568 3567 3566 3565 3564 3563 3562 3561
f 3569 3570 3571 3572 3573 3574 3575 3576
f 3577 3578 3586 3585
f 3578 3579 3587 3586
f 3579 3580 3588 3587
f 3580 3581 3589 3588
f 3581 3582 3590 3589
f 3582 3583 3591 3590
f 3583 3584 3592 3591
f 3584 3577 3585 3592
f 3584 3583 3582 3581 3580 3579 3578 3577
f 3585 3586 3587 3588 3589 3590 3591 3592
f 3593 3594 3602 3601
f 3594 3595 3603 3602
f 3595 3596 3604 3603
f 3596 3597 3605 3604
f 3597 3598 3606 3605
f 3598 3599 3607 3606
f 3599 3600 3608 3607
f 3600 3593 3601 3608
f 3600 3599 3598 3597 3596 3595 3594 3593
f 3601 3602 3603 3604 3605 3606 3607 3608
f 3609 3610 3618 3617
f 3610 3611 3619 3618
f 3611 3612 3620 3619
f 3612 3613 3621 3620
f 3613 3614 3622 3621
f 3614 3615 3623 3622
f 3615 3616 3624 3623
f 3616 3609 3617 3624
f 3616 3615 3614 3613 3612 3611 3610 3609
f 3617 3618 3619 3620 3621 3622 3623 3624
f 3625 3626 3634 3633
f 3626 3627 3635 3634
f 3627 3628 3636 3635
f 3628 3629 3637 3636
f 3629 3630 3638 3637
f 3630 3631 3639 3638
f 3631 3632 3640 3639
f 3632 3625 3633 3640
f 3632 3631 3630 3629 3628 3627 3626 3625
f 3633 3634 3635 3636 3637 3638 3639 3640
f 3641 3642 3650 3649
f 3642 3643 3651 3650
f 3643 3644 3652 3651
f 3644 3645 3653 3652
f 3645 3646 3654 3653
f 3646 3647 3655 3654
f 3647 3648 3656 3655
f 3648 3641 3649 3656
f 3648 3647 3646 3645 3644 3643 3642 3641
f 3649 3650 3651 3652 3653 3654 3655 3656
f 3657 3658 3666 3665
f 3658 3659 3667 3666
f 3659 3660 3668 3667
f 3660 3661 3669 3668
f 3661 3662 3670 3669
f 3662 3663 3671 3670
f 3663 3664 3672 3671
f 3664 3657 3665 3672
f 3664 3663 3662 3661 3660 3659 3658 3657
f 3665 3666 3667 3668 3669 3670 3671 3672
f 3673 3674 3682 3681
f 3674 3675 3683 3682
f 3675 3676 3684 3683
f 3676 3677 3685 3684
f 3677 3678 3686 3685
f 3678 3679 3687 3686
f 3679 3680 3688 3687
f 3680 3673 3681 3688
f 3680 3679 3678 3677 3676 3675 3674 3673
f 3681 3682 3683 3684 3685 3686 3687 3688
f 3689 3690 3696 3695
f 3690 3691 3697 3696
f 3691 3692 3698 3697
f 3692 3693 3699 3698
f 3693 3694 3700 3699
f 3694 3689 3695 3700
f 3694 3693 3692 3691 3690 3689
f 3695 3696 3697 3698 3699 3700
f 3701 3702 3708 3707
f 3702 3703 3709 3708
f 3703 3704 3710 3709
f 3704 3705 3711 3710
f 3705 3706 3712 3711
f 3706 3701 3707 3712
f 3706 3705 3704 3703 3702 3701
f 3707 3708 3709 3710 3711 3712
f 3713 3714 3720 3719
f 3714 3715 3721 3720
f 3715 3716 3722 3721
f 3716 3717 3723 3722
f 3717 3718 3724 3723
f 3718 3713 3719 3724
f 3718 3717 3716 3715 3714 3713
f 3719 3720 3721 3722 3723 3724
f 3725 3726 3732 3731
f 3726 3727 3733 3732
f 3727 3728 3734 3733
f 3728 3729 3735 3734
f 3729 3730 3736 3735
f 3730 3725 3731 3736
f 3730 3729 3728 3727 3726 3725
f 3731 3732 3733 3734 3735 3736
f 3737 3738 3744 3743
f 3738 3739 3745 3744
f 3739 3740 3746 3745
f 3740 3741 3747 3746
f 3741 3742 3748 3747
f 3742 3737 3743 3748
f 3742 3741 3740 3739 3738 3737
f 3743 3744 3745 3746 3747 3748
f 3749 3750 3756 3755
f 3750 3751 3757 3756
f 3751 3752 3758 3757
f 3752 3753 3759 3758
f 3753 3754 3760 3759
f 3754 3749 3755 3760
f 3754 3753 3752 3751 3750 3749
f 3755 3756 3757 3758 3759 3760
f 3761 3762 3768 3767
f 3762 3763 3769 3768
f 3763 3764 3770 3769
f 3764 3765 3771 3770
f 3765 3766 3772 3771
f 3766 3761 3767 3772
f 3766 3765 3764 3763 3762 3761
f 3767 3768 3769 3770 3771 3772
f 3773 3774 3780 3779
f 3774 3775 3781 3780
f 3775 3776 3782 3781
f 3776 3777 3783 3782
f 3777 3778 3784 3783
f 3778 3773 3779 3784
f 3778 3777 3776 3775 3774 3773
f 3779 3780 3781 3782 3783 3784
f 3785 3786 3792 3791
f 3786 3787 3793 3792
f 3787 3788 3794 3793
f 3788 3789 3795 3794
f 3789 3790 3796 3795
f 3790 3785 3791 3796
f 3790 3789 3788 3787 3786 3785
f 3791 3792 3793 3794 3795 3796
f 3797 3798 3804 3803
f 3798 3799 3805 3804
f 3799 3800 3806 3805
f 3800 3801 3807 3806
f 3801 3802 3808 3807
f 3802 3797 3803 3808
f 3802 3801 3800 3799 3798 3797
f 3803 3804 3805 3806 3807 3808
f 3809 3810 3816 3815
f 3810 3811 3817 3816
f 3811 3812 3818 3817
f 3812 3813 3819 3818
f 3813 3814 3820 3819
f 3814 3809 3815 3820
f 3814 3813 3812 3811 3810 3809
f 3815 3816 3817 3818 3819 3820
f 3821 3822 3828 3827
f 3822 3823 3829 3828
f 3823 3824 3830 3829
f 3824 3825 3831 3830
f 3825 3826 3832 3831
f 3826 3821 3827 3832
f 3826 3825 3824 3823 3822 3821
f 3827 3828 3829 3830 3831 3832
f 3833 3834 3840 3839
f 3834 3835 3841 3840
f 3835 3836 3842 3841
f 3836 3837 3843 3842
f 3837 3838 3844 3843
f 3838 3833 3839 3844
f 3838 3837 3836 3835 3834 3833
f 3839 3840 3841 3842 3843 3844
f 3845 3846 3852 3851
f 3846 3847 3853 3852
f 3847 3848 3854 3853
f 3848 3849 3855 3854
f 3849 3850 3856 3855
f 3850 3845 3851 3856
f 3850 3849 3848 3847 3846 3845
f 3851 3852 3853 3854 3855 3856
usemtl roof
f 3857 3858 3859 3860
f 3861 3862 3863 3864
f 3865 3866 3867 3868
f 3869 3870 3871 3872
usemtl glass
f 3873 3876 3875 3874
f 3877 3878 3879 3880
f 3873 3874 3878 3877
f 3874 3875 3879 3878
f 3875 3876 3880 3879
f 3876 3873 3877 3880
usemtl steel
f 3881 3884 3883 3882
f 3885 3886 3887 3888
f 3881 3882 3886 3885
f 3882 3883 3887 3886
f 3883 3884 3888 3887
f 3884 3881 3885 3888
f 3889 3892 3891 3890
f 3893 3894 3895 3896
f 3889 3890 3894 3893
f 3890 3891 3895 3894
f 3891 3892 3896 3895
f 3892 3889 3893 3896
f 3897 3900 3899 3898
f 3901 3902 3903 3904
f 3897 3898 3902 3901
f 3898 3899 3903 3902
f 3899 3900 3904 3903
f 3900 3897 3901 3904
f 3905 3908 3907 3906
f 3909 3910 3911 3912
f 3905 3906 3910 3909
f 3906 3907 3911 3910
f 3907 3908 3912 3911
f 3908 3905 3909 3912
f 3913 3916 3915 3914
f 3917 3918 3919 3920
f 3913 3914 3918 3917
f 3914 3915 3919 3918
f 3915 3916 3920 3919
f 3916 3913 3917 3920
f 3921 3924 3923 3922
f 3925 3926 3927 3928
f 3921 3922 3926 3925
f 3922 3923 3927 3926
f 3923 3924 3928 3927
f 3924 3921 3925 3928
f 3929 3932 3931 3930
f 3933 3934 3935 3936
f 3929 3930 3934 3933
f 3930 3931 3935 3934
f 3931 3932 3936 3935
f 3932 3929 3933 3936
f 3937 3940 3939 3938
f 3941 3942 3943 3944
f 3937 3938 3942 3941
f 3938 3939 3943 3942
f 3939 3940 3944 3943
f 3940 3937 3941 3944
f 3945 3948 3947 3946
f 3949 3950 3951 3952
f 3945 3946 3950 3949
f 3946 3947 3951 3950
f 3947 3948 3952 3951
f 3948 3945 3949 3952
usemtl roof
f 3953 3954 3955 3956
f 3957 3958 3959 3960
usemtl glass
f 3961 3964 3963 3962
f 3965 3966 3967 3968
f 3961 3962 3966 3965
f 3962 3963 3967 3966
f 3963 3964 3968 3967
f 3964 3961 3965 3968
usemtl steel
f 3969 3972 3971 3970
f 3973 3974 3975 3976
f 3969 3970 3974 3973
f 3970 3971 3975 3974
f 3971 3972 3976 3975
f 3972 3969 3973 3976
f 3977 3980 3979 3978
f 3981 3982 3983 3984
f 3977 3978 3982 3981
f 3978 3979 3983 3982
f 3979 3980 3984 3983
f 3980 3977 3981 3984
f 3985 3988 3987 3986
f 3989 3990 3991 3992
f 3985 3986 3990 3989
f 3986 3987 3991 3990
f 3987 3988 3992 3991
f 3988 3985 3989 3992
f 3993 3996 3995 3994
f 3997 3998 3999 4000
f 3993 3994 3998 3997
f 3994 3995 3999 3998
f 3995 3996 4000 3999
f 3996 3993 3997 4000
f 4001 4004 4003 4002
f 4005 4006 4007 4008
f 4001 4002 4006 4005
f 4002 4003 4007 4006
f 4003 4004 4008 4007
f 4004 4001 4005 4008
f 4009 4012 4011 4010
f 4013 4014 4015 4016
f 4009 4010 4014 4013
f 4010 4011 4015 4014
f 4011 4012 4016 4015
f 4012 4009 4013 4016
f 4017 4020 4019 4018
f 4021 4022 4023 4024
f 4017 4018 4022 4021
f 4018 4019 4023 4022
f 4019 4020 4024 4023
f 4020 4017 4021 4024
f 4025 4028 4027 4026
f 4029 4030 4031 4032
f 4025 4026 4030 4029
f 4026 4027 4031 4030
f 4027 4028 4032 4031
f 4028 4025 4029 4032
f 4033 4036 4035 4034
f 4037 4038 4039 4040
f 4033 4034 4038 4037
f 4034 4035 4039 4038
f 4035 4036 4040 4039
f 4036 4033 4037 4040
usemtl roof
f 4041 4042 4043 4044
f 4045 4046 4047 4048
usemtl glass
f 4049 4050 4051 4052
usemtl roof
f 4053 4054 4055 4056
usemtl glass
f 4057 4058 4059 4060
usemtl roof
f 4061 4062 4063 4064
usemtl wood
f 4065 4068 4067 4066
f 4069 4070 4071 4072
f 4065 4066 4070 4069
f 4066 4067 4071 4070
f 4067 4068 4072 4071
f 4068 4065 4069 4072
f 4073 4076 4075 4074
f 4077 4078 4079 4080
f 4073 4074 4078 4077
f 4074 4075 4079 4078
f 4075 4076 4080 4079
f 4076 4073 4077 4080
f 4081 4084 4083 4082
f 4085 4086 4087 4088
f 4081 4082 4086 4085
f 4082 4083 4087 4086
f 4083 4084 4088 4087
f 4084 4081 4085 4088
f 4089 4092 4091 4090
f 4093 4094 4095 4096
f 4089 4090 4094 4093
f 4090 4091 4095 4094
f 4091 4092 4096 4095
f 4092 4089 4093 4096
f 4097 4100 4099 4098
f 4101 4102 4103 4104
f 4097 4098 4102 4101
f 4098 4099 4103 4102
f 4099 4100 4104 4103
f 4100 4097 4101 4104
f 4105 4108 4107 4106
f 4109 4110 4111 4112
f 4105 4106 4110 4109
f 4106 4107 4111 4110
f 4107 4108 4112 4111
f 4108 4105 4109 4112
f 4113 4116 4115 4114
f 4117 4118 4119 4120
f 4113 4114 4118 4117
f 4114 4115 4119 4118
f 4115 4116 4120 4119
f 4116 4113 4117 4120
f 4121 4124 4123 4122
f 4125 4126 4127 4128
f 4121 4122 4126 4125
f 4122 4123 4127 4126
f 4123 4124 4128 4127
f 4124 4121 4125 4128
f 4129 4132 4131 4130
f 4133 4134 4135 4136
f 4129 4130 4134 4133
f 4130 4131 4135 4134
f 4131 4132 4136 4135
f 4132 4129 4133 4136
f 4137 4140 4139 4138
f 4141 4142 4143 4144
f 4137 4138 4142 4141
f 4138 4139 4143 4142
f 4139 4140 4144 4143
f 4140 4137 4141 4144
f 4145 4148 4147 4146
f 4149 4150 4151 4152
f 4145 4146 4150 4149
f 4146 4147 4151 4150
f 4147 4148 4152 4151
f 4148 4145 4149 4152
f 4153 4156 4155 4154
f 4157 4158 4159 4160
f 4153 4154 4158 4157
f 4154 4155 4159 4158
f 4155 4156 4160 4159
f 4156 4153 4157 4160
f 4161 4164 4163 4162
f 4165 4166 4167 4168
f 4161 4162 4166 4165
f 4162 4163 4167 4166
f 4163 4164 4168 4167
f 4164 4161 4165 4168
f 4169 4172 4171 4170
f 4173 4174 4175 4176
f 4169 4170 4174 4173
f 4170 4171 4175 4174
f 4171 4172 4176 4175
f 4172 4169 4173 4176
f 4177 4180 4179 4178
f 4181 4182 4183 4184
f 4177 4178 4182 4181
f 4178 4179 4183 4182
f 4179 4180 4184 4183
f 4180 4177 4181 4184
f 4185 4188 4187 4186
f 4189 4190 4191 4192
f 4185 4186 4190 4189
f 4186 4187 4191 4190
f 4187 4188 4192 4191
f 4188 4185 4189 4192
f 4193 4196 4195 4194
f 4197 4198 4199 4200
f 4193 4194 4198 4197
f 4194 4195 4199 4198
f 4195 4196 4200 4199
f 4196 4193 4197 4200
f 4201 4204 4203 4202
f 4205 4206 4207 4208
f 4201 4202 4206 4205
f 4202 4203 4207 4206
f 4203 4204 4208 4207
f 4204 4201 4205 4208
f 4209 4212 4211 4210
f 4213 4214 4215 4216
f 4209 4210 4214 4213
f 4210 4211 4215 4214
f 4211 4212 4216 4215
f 4212 4209 4213 4216
f 4217 4220 4219 4218
f 4221 4222 4223 4224
f 4217 4218 4222 4221
f 4218 4219 4223 4222
f 4219 4220 4224 4223
f 4220 4217 4221 4224
f 4225 4228 4227 4226
f 4229 4230 4231 4232
f 4225 4226 4230 4229
f 4226 4227 4231 4230
f 4227 4228 4232 4231
f 4228 4225 4229 4232
f 4233 4236 4235 4234
f 4237 4238 4239 4240
f 4233 4234 4238 4237
f 4234 4235 4239 4238
f 4235 4236 4240 4239
f 4236 4233 4237 4240
f 4241 4244 4243 4242
f 4245 4246 4247 4248
f 4241 4242 4246 4245
f 4242 4243 4247 4246
f 4243 4244 4248 4247
f 4244 4241 4245 4248
f 4249 4252 4251 4250
f 4253 4254 4255 4256
f 4249 4250 4254 4253
f 4250 4251 4255 4254
f 4251 4252 4256 4255
f 4252 4249 4253 4256
f 4257 4260 4259 4258
f 4261 4262 4263 4264
f 4257 4258 4262 4261
f 4258 4259 4263 4262
f 4259 4260 4264 4263
f 4260 4257 4261 4264
f 4265 4268 4267 4266
f 4269 4270 4271 4272
f 4265 4266 4270 4269
f 4266 4267 4271 4270
f 4267 4268 4272 4271
f 4268 4265 4269 4272
f 4273 4276 4275 4274
f 4277 4278 4279 4280
f 4273 4274 4278 4277
f 4274 4275 4279 4278
f 4275 4276 4280 4279
f 4276 4273 4277 4280
f 4281 4284 4283 4282
f 4285 4286 4287 4288
f 4281 4282 4286 4285
f 4282 4283 4287 4286
f 4283 4284 4288 4287
f 4284 4281 4285 4288
f 4289 4292 4291 4290
f 4293 4294 4295 4296
f 4289 4290 4294 4293
f 4290 4291 4295 4294
f 4291 4292 4296 4295
f 4292 4289 4293 4296
f 4297 4300 4299 4298
f 4301 4302 4303 4304
f 4297 4298 4302 4301
f 4298 4299 4303 4302
f 4299 4300 4304 4303
f 4300 4297 4301 4304
f 4305 4308 4307 4306
f 4309 4310 4311 4312
f 4305 4306 4310 4309
f 4306 4307 4311 4310
f 4307 4308 4312 4311
f 4308 4305 4309 4312
f 4313 4316 4315 4314
f 4317 4318 4319 4320
f 4313 4314 4318 4317
f 4314 4315 4319 4318
f 4315 4316 4320 4319
f 4316 4313 4317 4320
f 4321 4324 4323 4322
f 4325 4326 4327 4328
f 4321 4322 4326 4325
f 4322 4323 4327 4326
f 4323 4324 4328 4327
f 4324 4321 4325 4328
f 4329 4332 4331 4330
f 4333 4334 4335 4336
f 4329 4330 4334 4333
f 4330 4331 4335 4334
f 4331 4332 4336 4335
f 4332 4329 4333 4336
usemtl fence
f 4337 4340 4339 4338
f 4341 4342 4343 4344
f 4337 4338 4342 4341
f 4338 4339 4343 4342
f 4339 4340 4344 4343
f 4340 4337 4341 4344
f 4345 4348 4347 4346
f 4349 4350 4351 4352
f 4345 4346 4350 4349
f 4346 4347 4351 4350
f 4347 4348 4352 4351
f 4348 4345 4349 4352
f 4353 4356 4355 4354
f 4357 4358 4359 4360
f 4353 4354 4358 4357
f 4354 4355 4359 4358
f 4355 4356 4360 4359
f 4356 4353 4357 4360
f 4361 4364 4363 4362
f 4365 4366 4367 4368
f 4361 4362 4366 4365
f 4362 4363 4367 4366
f 4363 4364 4368 4367
f 4364 4361 4365 4368
f 4369 4372 4371 4370
f 4373 4374 4375 4376
f 4369 4370 4374 4373
f 4370 4371 4375 4374
f 4371 4372 4376 4375
f 4372 4369 4373 4376
f 4377 4380 4379 4378
f 4381 4382 4383 4384
f 4377 4378 4382 4381
f 4378 4379 4383 4382
f 4379 4380 4384 4383
f 4380 4377 4381 4384
f 4385 4388 4387 4386
f 4389 4390 4391 4392
f 4385 4386 4390 4389
f 4386 4387 4391 4390
f 4387 4388 4392 4391
f 4388 4385 4389 4392
f 4393 4396 4395 4394
f 4397 4398 4399 4400
f 4393 4394 4398 4397
f 4394 4395 4399 4398
f 4395 4396 4400 4399
f 4396 4393 4397 4400
f 4401 4404 4403 4402
f 4405 4406 4407 4408
f 4401 4402 4406 4405
f 4402 4403 4407 4406
f 4403 4404 4408 4407
f 4404 4401 4405 4408
f 4409 4412 4411 4410
f 4413 4414 4415 4416
f 4409 4410 4414 4413
f 4410 4411 4415 4414
f 4411 4412 4416 4415
f 4412 4409 4413 4416
f 4417 4420 4419 4418
f 4421 4422 4423 4424
f 4417 4418 4422 4421
f 4418 4419 4423 4422
f 4419 4420 4424 4423
f 4420 4417 4421 4424
f 4425 4428 4427 4426
f 4429 4430 4431 4432
f 4425 4426 4430 4429
f 4426 4427 4431 4430
f 4427 4428 4432 4431
f 4428 4425 4429 4432
f 4433 4436 4435 4434
f 4437 4438 4439 4440
f 4433 4434 4438 4437
f 4434 4435 4439 4438
f 4435 4436 4440 4439
f 4436 4433 4437 4440
f 4441 4444 4443 4442
f 4445 4446 4447 4448
f 4441 4442 4446 4445
f 4442 4443 4447 4446
f 4443 4444 4448 4447
f 4444 4441 4445 4448
f 4449 4452 4451 4450
f 4453 4454 4455 4456
f 4449 4450 4454 4453
f 4450 4451 4455 4454
f 4451 4452 4456 4455
f 4452 4449 4453 4456
f 4457 4460 4459 4458
f 4461 4462 4463 4464
f 4457 4458 4462 4461
f 4458 4459 4463 4462
f 4459 4460 4464 4463
f 4460 4457 4461 4464
f 4465 4468 4467 4466
f 4469 4470 4471 4472
f 4465 4466 4470 4469
f 4466 4467 4471 4470
f 4467 4468 4472 4471
f 4468 4465 4469 4472
f 4473 4476 4475 4474
f 4477 4478 4479 4480
f 4473 4474 4478 4477
f 4474 4475 4479 4478
f 4475 4476 4480 4479
f 4476 4473 4477 4480
f 4481 4484 4483 4482
f 4485 4486 4487 4488
f 4481 4482 4486 4485
f 4482 4483 4487 4486
f 4483 4484 4488 4487
f 4484 4481 4485 4488
f 4489 4492 4491 4490
f 4493 4494 4495 4496
f 4489 4490 4494 4493
f 4490 4491 4495 4494
f 4491 4492 4496 4495
f 4492 4489 4493 4496
f 4497 4500 4499 4498
f 4501 4502 4503 4504
f 4497 4498 4502 4501
f 4498 4499 4503 4502
f 4499 4500 4504 4503
f 4500 4497 4501 4504
f 4505 4508 4507 4506
f 4509 4510 4511 4512
f 4505 4506 4510 4509
f 4506 4507 4511 4510
f 4507 4508 4512 4511
f 4508 4505 4509 4512
f 4513 4516 4515 4514
f 4517 4518 4519 4520
f 4513 4514 4518 4517
f 4514 4515 4519 4518
f 4515 4516 4520 4519
f 4516 4513 4517 4520
f 4521 4524 4523 4522
f 4525 4526 4527 4528
f 4521 4522 4526 4525
f 4522 4523 4527 4526
f 4523 4524 4528 4527
f 4524 4521 4525 4528
f 4529 4532 4531 4530
f 4533 4534 4535 4536
f 4529 4530 4534 4533
f 4530 4531 4535 4534
f 4531 4532 4536 4535
f 4532 4529 4533 4536
f 4537 4540 4539 4538
f 4541 4542 4543 4544
f 4537 4538 4542 4541
f 4538 4539 4543 4542
f 4539 4540 4544 4543
f 4540 4537 4541 4544
f 4545 4548 4547 4546
f 4549 4550 4551 4552
f 4545 4546 4550 4549
f 4546 4547 4551 4550
f 4547 4548 4552 4551
f 4548 4545 4549 4552
f 4553 4556 4555 4554
f 4557 4558 4559 4560
f 4553 4554 4558 4557
f 4554 4555 4559 4558
f 4555 4556 4560 4559
f 4556 4553 4557 4560
f 4561 4564 4563 4562
f 4565 4566 4567 4568
f 4561 4562 4566 4565
f 4562 4563 4567 4566
f 4563 4564 4568 4567
f 4564 4561 4565 4568
f 4569 4572 4571 4570
f 4573 4574 4575 4576
f 4569 4570 4574 4573
f 4570 4571 4575 4574
f 4571 4572 4576 4575
f 4572 4569 4573 4576
f 4577 4580 4579 4578
f 4581 4582 4583 4584
f 4577 4578 4582 4581
f 4578 4579 4583 4582
f 4579 4580 4584 4583
f 4580 4577 4581 4584
f 4585 4588 4587 4586
f 4589 4590 4591 4592
f 4585 4586 4590 4589
f 4586 4587 4591 4590
f 4587 4588 4592 4591
f 4588 4585 4589 4592
f 4593 4596 4595 4594
f 4597 4598 4599 4600
f 4593 4594 4598 4597
f 4594 4595 4599 4598
f 4595 4596 4600 4599
f 4596 4593 4597 4600
f 4601 4604 4603 4602
f 4605 4606 4607 4608
f 4601 4602 4606 4605
f 4602 4603 4607 4606
f 4603 4604 4608 4607
f 4604 4601 4605 4608
f 4609 4612 4611 4610
f 4613 4614 4615 4616
f 4609 4610 4614 4613
f 4610 4611 4615 4614
f 4611 4612 4616 4615
f 4612 4609 4613 4616
f 4617 4620 4619 4618
f 4621 4622 4623 4624
f 4617 4618 4622 4621
f 4618 4619 4623 4622
f 4619 4620 4624 4623
f 4620 4617 4621 4624
f 4625 4628 4627 4626
f 4629 4630 4631 4632
f 4625 4626 4630 4629
f 4626 4627 4631 4630
f 4627 4628 4632 4631
f 4628 4625 4629 4632
f 4633 4636 4635 4634
f 4637 4638 4639 4640
f 4633 4634 4638 4637
f 4634 4635 4639 4638
f 4635 4636 4640 4639
f 4636 4633 4637 4640
f 4641 4644 4643 4642
f 4645 4646 4647 4648
f 4641 4642 4646 4645
f 4642 4643 4647 4646
f 4643 4644 4648 4647
f 4644 4641 4645 4648
f 4649 4652 4651 4650
f 4653 4654 4655 4656
f 4649 4650 4654 4653
f 4650 4651 4655 4654
f 4651 4652 4656 4655
f 4652 4649 4653 4656
f 4657 4660 4659 4658
f 4661 4662 4663 4664
f 4657 4658 4662 4661
f 4658 4659 4663 4662
f 4659 4660 4664 4663
f 4660 4657 4661 4664
f 4665 4668 4667 4666
f 4669 4670 4671 4672
f 4665 4666 4670 4669
f 4666 4667 4671 4670
f 4667 4668 4672 4671
f 4668 4665 4669 4672
f 4673 4676 4675 4674
f 4677 4678 4679 4680
f 4673 4674 4678 4677
f 4674 4675 4679 4678
f 4675 4676 4680 4679
f 4676 4673 4677 4680
f 4681 4684 4683 4682
f 4685 4686 4687 4688
f 4681 4682 4686 4685
f 4682 4683 4687 4686
f 4683 4684 4688 4687
f 4684 4681 4685 4688
f 4689 4692 4691 4690
f 4693 4694 4695 4696
f 4689 4690 4694 4693
f 4690 4691 4695 4694
f 4691 4692 4696 4695
f 4692 4689 4693 4696
f 4697 4700 4699 4698
f 4701 4702 4703 4704
f 4697 4698 4702 4701
f 4698 4699 4703 4702
f 4699 4700 4704 4703
f 4700 4697 4701 4704
f 4705 4708 4707 4706
f 4709 4710 4711 4712
f 4705 4706 4710 4709
f 4706 4707 4711 4710
f 4707 4708 4712 4711
f 4708 4705 4709 4712
f 4713 4716 4715 4714
f 4717 4718 4719 4720
f 4713 4714 4718 4717
f 4714 4715 4719 4718
f 4715 4716 4720 4719
f 4716 4713 4717 4720
f 4721 4724 4723 4722
f 4725 4726 4727 4728
f 4721 4722 4726 4725
f 4722 4723 4727 4726
f 4723 4724 4728 4727
f 4724 4721 4725 4728
f 4729 4732 4731 4730
f 4733 4734 4735 4736
f 4729 4730 4734 4733
f 4730 4731 4735 4734
f 4731 4732 4736 4735
f 4732 4729 4733 4736
f 4737 4740 4739 4738
f 4741 4742 4743 4744
f 4737 4738 4742 4741
f 4738 4739 4743 4742
f 4739 4740 4744 4743
f 4740 4737 4741 4744
f 4745 4748 4747 4746
f 4749 4750 4751 4752
f 4745 4746 4750 4749
f 4746 4747 4751 4750
f 4747 4748 4752 4751
f 4748 4745 4749 4752
f 4753 4756 4755 4754
f 4757 4758 4759 4760
f 4753 4754 4758 4757
f 4754 4755 4759 4758
f 4755 4756 4760 4759
f 4756 4753 4757 4760
f 4761 4764 4763 4762
f 4765 4766 4767 4768
f 4761 4762 4766 4765
f 4762 4763 4767 4766
f 4763 4764 4768 4767
f 4764 4761 4765 4768
f 4769 4772 4771 4770
f 4773 4774 4775 4776
f 4769 4770 4774 4773
f 4770 4771 4775 4774
f 4771 4772 4776 4775
f 4772 4769 4773 4776
f 4777 4780 4779 4778
f 4781 4782 4783 4784
f 4777 4778 4782 4781
f 4778 4779 4783 4782
f 4779 4780 4784 4783
f 4780 4777 4781 4784
f 4785 4788 4787 4786
f 4789 4790 4791 4792
f 4785 4786 4790 4789
f 4786 4787 4791 4790
f 4787 4788 4792 4791
f 4788 4785 4789 4792
f 4793 4796 4795 4794
f 4797 4798 4799 4800
f 4793 4794 4798 4797
f 4794 4795 4799 4798
f 4795 4796 4800 4799
f 4796 4793 4797 4800
f 4801 4804 4803 4802
f 4805 4806 4807 4808
f 4801 4802 4806 4805
f 4802 4803 4807 4806
f 4803 4804 4808 4807
f 4804 4801 4805 4808
f 4809 4812 4811 4810
f 4813 4814 4815 4816
f 4809 4810 4814 4813
f 4810 4811 4815 4814
f 4811 4812 4816 4815
f 4812 4809 4813 4816
f 4817 4820 4819 4818
f 4821 4822 4823 4824
f 4817 4818 4822 4821
f 4818 4819 4823 4822
f 4819 4820 4824 4823
f 4820 4817 4821 4824
f 4825 4828 4827 4826
f 4829 4830 4831 4832
f 4825 4826 4830 4829
f 4826 4827 4831 4830
f 4827 4828 4832 4831
f 4828 4825 4829 4832
f 4833 4836 4835 4834
f 4837 4838 4839 4840
f 4833 4834 4838 4837
f 4834 4835 4839 4838
f 4835 4836 4840 4839
f 4836 4833 4837 4840
f 4841 4844 4843 4842
f 4845 4846 4847 4848
f 4841 4842 4846 4845
f 4842 4843 4847 4846
f 4843 4844 4848 4847
f 4844 4841 4845 4848
f 4849 4852 4851 4850
f 4853 4854 4855 4856
f 4849 4850 4854 4853
f 4850 4851 4855 4854
f 4851 4852 4856 4855
f 4852 4849 4853 4856
f 4857 4860 4859 4858
f 4861 4862 4863 4864
f 4857 4858 4862 4861
f 4858 4859 4863 4862
f 4859 4860 4864 4863
f 4860 4857 4861 4864
f 4865 4868 4867 4866
f 4869 4870 4871 4872
f 4865 4866 4870 4869
f 4866 4867 4871 4870
f 4867 4868 4872 4871
f 4868 4865 4869 4872
f 4873 4876 4875 4874
f 4877 4878 4879 4880
f 4873 4874 4878 4877
f 4874 4875 4879 4878
f 4875 4876 4880 4879
f 4876 4873 4877 4880
f 4881 4884 4883 4882
f 4885 4886 4887 4888
f 4881 4882 4886 4885
f 4882 4883 4887 4886
f 4883 4884 4888 4887
f 4884 4881 4885 4888
f 4889 4892 4891 4890
f 4893 4894 4895 4896
f 4889 4890 4894 4893
f 4890 4891 4895 4894
f 4891 4892 4896 4895
f 4892 4889 4893 4896
f 4897 4900 4899 4898
f 4901 4902 4903 4904
f 4897 4898 4902 4901
f 4898 4899 4903 4902
f 4899 4900 4904 4903
f 4900 4897 4901 4904
f 4905 4908 4907 4906
f 4909 4910 4911 4912
f 4905 4906 4910 4909
f 4906 4907 4911 4910
f 4907 4908 4912 4911
f 4908 4905 4909 4912
f 4913 4916 4915 4914
f 4917 4918 4919 4920
f 4913 4914 4918 4917
f 4914 4915 4919 4918
f 4915 4916 4920 4919
f 4916 4913 4917 4920
f 4921 4924 4923 4922
f 4925 4926 4927 4928
f 4921 4922 4926 4925
f 4922 4923 4927 4926
f 4923 4924 4928 4927
f 4924 4921 4925 4928
f 4929 4932 4931 4930
f 4933 4934 4935 4936
f 4929 4930 4934 4933
f 4930 4931 4935 4934
f 4931 4932 4936 4935
f 4932 4929 4933 4936
f 4937 4940 4939 4938
f 4941 4942 4943 4944
f 4937 4938 4942 4941
f 4938 4939 4943 4942
f 4939 4940 4944 4943
f 4940 4937 4941 4944
f 4945 4948 4947 4946
f 4949 4950 4951 4952
f 4945 4946 4950 4949
f 4946 4947 4951 4950
f 4947 4948 4952 4951
f 4948 4945 4949 4952
f 4953 4956 4955 4954
f 4957 4958 4959 4960
f 4953 4954 4958 4957
f 4954 4955 4959 4958
f 4955 4956 4960 4959
f 4956 4953 4957 4960
f 4961 4964 4963 4962
f 4965 4966 4967 4968
f 4961 4962 4966 4965
f 4962 4963 4967 4966
f 4963 4964 4968 4967
f 4964 4961 4965 4968
f 4969 4972 4971 4970
f 4973 4974 4975 4976
f 4969 4970 4974 4973
f 4970 4971 4975 4974
f 4971 4972 4976 4975
f 4972 4969 4973 4976
f 4977 4980 4979 4978
f 4981 4982 4983 4984
f 4977 4978 4982 4981
f 4978 4979 4983 4982
f 4979 4980 4984 4983
f 4980 4977 4981 4984
f 4985 4988 4987 4986
f 4989 4990 4991 4992
f 4985 4986 4990 4989
f 4986 4987 4991 4990
f 4987 4988 4992 4991
f 4988 4985 4989 4992
f 4993 4996 4995 4994
f 4997 4998 4999 5000
f 4993 4994 4998 4997
f 4994 4995 4999 4998
f 4995 4996 5000 4999
f 4996 4993 4997 5000
f 5001 5004 5003 5002
f 5005 5006 5007 5008
f 5001 5002 5006 5005
f 5002 5003 5007 5006
f 5003 5004 5008 5007
f 5004 5001 5005 5008
f 5009 5012 5011 5010
f 5013 5014 5015 5016
f 5009 5010 5014 5013
f 5010 5011 5015 5014
f 5011 5012 5016 5015
f 5012 5009 5013 5016
f 5017 5020 5019 5018
f 5021 5022 5023 5024
f 5017 5018 5022 5021
f 5018 5019 5023 5022
f 5019 5020 5024 5023
f 5020 5017 5021 5024
f 5025 5028 5027 5026
f 5029 5030 5031 5032
f 5025 5026 5030 5029
f 5026 5027 5031 5030
f 5027 5028 5032 5031
f 5028 5025 5029 5032
f 5033 5036 5035 5034
f 5037 5038 5039 5040
f 5033 5034 5038 5037
f 5034 5035 5039 5038
f 5035 5036 5040 5039
f 5036 5033 5037 5040
f 5041 5044 5043 5042
f 5045 5046 5047 5048
f 5041 5042 5046 5045
f 5042 5043 5047 5046
f 5043 5044 5048 5047
f 5044 5041 5045 5048
f 5049 5052 5051 5050
f 5053 5054 5055 5056
f 5049 5050 5054 5053
f 5050 5051 5055 5054
f 5051 5052 5056 5055
f 5052 5049 5053 5056
f 5057 5060 5059 5058
f 5061 5062 5063 5064
f 5057 5058 5062 5061
f 5058 5059 5063 5062
f 5059 5060 5064 5063
f 5060 5057 5061 5064
f 5065 5068 5067 5066
f 5069 5070 5071 5072
f 5065 5066 5070 5069
f 5066 5067 5071 5070
f 5067 5068 5072 5071
f 5068 5065 5069 5072
f 5073 5076 5075 5074
f 5077 5078 5079 5080
f 5073 5074 5078 5077
f 5074 5075 5079 5078
f 5075 5076 5080 5079
f 5076 5073 5077 5080
f 5081 5084 5083 5082
f 5085 5086 5087 5088
f 5081 5082 5086 5085
f 5082 5083 5087 5086
f 5083 5084 5088 5087
f 5084 5081 5085 5088
f 5089 5092 5091 5090
f 5093 5094 5095 5096
f 5089 5090 5094 5093
f 5090 5091 5095 5094
f 5091 5092 5096 5095
f 5092 5089 5093 5096
f 5097 5100 5099 5098
f 5101 5102 5103 5104
f 5097 5098 5102 5101
f 5098 5099 5103 5102
f 5099 5100 5104 5103
f 5100 5097 5101 5104
f 5105 5108 5107 5106
f 5109 5110 5111 5112
f 5105 5106 5110 5109
f 5106 5107 5111 5110
f 5107 5108 5112 5111
f 5108 5105 5109 5112
f 5113 5116 5115 5114
f 5117 5118 5119 5120
f 5113 5114 5118 5117
f 5114 5115 5119 5118
f 5115 5116 5120 5119
f 5116 5113 5117 5120
f 5121 5124 5123 5122
f 5125 5126 5127 5128
f 5121 5122 5126 5125
f 5122 5123 5127 5126
f 5123 5124 5128 5127
f 5124 5121 5125 5128
f 5129 5132 5131 5130
f 5133 5134 5135 5136
f 5129 5130 5134 5133
f 5130 5131 5135 5134
f 5131 5132 5136 5135
f 5132 5129 5133 5136
f 5137 5140 5139 5138
f 5141 5142 5143 5144
f 5137 5138 5142 5141
f 5138 5139 5143 5142
f 5139 5140 5144 5143
f 5140 5137 5141 5144
f 5145 5148 5147 5146
f 5149 5150 5151 5152
f 5145 5146 5150 5149
f 5146 5147 5151 5150
f 5147 5148 5152 5151
f 5148 5145 5149 5152
f 5153 5156 5155 5154
f 5157 5158 5159 5160
f 5153 5154 5158 5157
f 5154 5155 5159 5158
f 5155 5156 5160 5159
f 5156 5153 5157 5160
f 5161 5164 5163 5162
f 5165 5166 5167 5168
f 5161 5162 5166 5165
f 5162 5163 5167 5166
f 5163 5164 5168 5167
f 5164 5161 5165 5168
f 5169 5172 5171 5170
f 5173 5174 5175 5176
f 5169 5170 5174 5173
f 5170 5171 5175 5174
f 5171 5172 5176 5175
f 5172 5169 5173 5176
f 5177 5180 5179 5178
f 5181 5182 5183 5184
f 5177 5178 5182 5181
f 5178 5179 5183 5182
f 5179 5180 5184 5183
f 5180 5177 5181 5184
f 5185 5188 5187 5186
f 5189 5190 5191 5192
f 5185 5186 5190 5189
f 5186 5187 5191 5190
f 5187 5188 5192 5191
f 5188 5185 5189 5192
f 5193 5196 5195 5194
f 5197 5198 5199 5200
f 5193 5194 5198 5197
f 5194 5195 5199 5198
f 5195 5196 5200 5199
f 5196 5193 5197 5200
f 5201 5204 5203 5202
f 5205 5206 5207 5208
f 5201 5202 5206 5205
f 5202 5203 5207 5206
f 5203 5204 5208 5207
f 5204 5201 5205 5208
f 5209 5212 5211 5210
f 5213 5214 5215 5216
f 5209 5210 5214 5213
f 5210 5211 5215 5214
f 5211 5212 5216 5215
f 5212 5209 5213 5216
f 5217 5220 5219 5218
f 5221 5222 5223 5224
f 5217 5218 5222 5221
f 5218 5219 5223 5222
f 5219 5220 5224 5223
f 5220 5217 5221 5224
f 5225 5228 5227 5226
f 5229 5230 5231 5232
f 5225 5226 5230 5229
f 5226 5227 5231 5230
f 5227 5228 5232 5231
f 5228 5225 5229 5232
f 5233 5236 5235 5234
f 5237 5238 5239 5240
f 5233 5234 5238 5237
f 5234 5235 5239 5238
f 5235 5236 5240 5239
f 5236 5233 5237 5240
f 5241 5244 5243 5242
f 5245 5246 5247 5248
f 5241 5242 5246 5245
f 5242 5243 5247 5246
f 5243 5244 5248 5247
f 5244 5241 5245 5248
f 5249 5252 5251 5250
f 5253 5254 5255 5256
f 5249 5250 5254 5253
f 5250 5251 5255 5254
f 5251 5252 5256 5255
f 5252 5249 5253 5256
f 5257 5260 5259 5258
f 5261 5262 5263 5264
f 5257 5258 5262 5261
f 5258 5259 5263 5262
f 5259 5260 5264 5263
f 5260 5257 5261 5264
f 5265 5268 5267 5266
f 5269 5270 5271 5272
f 5265 5266 5270 5269
f 5266 5267 5271 5270
f 5267 5268 5272 5271
f 5268 5265 5269 5272
f 5273 5276 5275 5274
f 5277 5278 5279 5280
f 5273 5274 5278 5277
f 5274 5275 5279 5278
f 5275 5276 5280 5279
f 5276 5273 5277 5280
f 5281 5284 5283 5282
f 5285 5286 5287 5288
f 5281 5282 5286 5285
f 5282 5283 5287 5286
f 5283 5284 5288 5287
f 5284 5281 5285 5288
f 5289 5292 5291 5290
f 5293 5294 5295 5296
f 5289 5290 5294 5293
f 5290 5291 5295 5294
f 5291 5292 5296 5295
f 5292 5289 5293 5296
f 5297 5300 5299 5298
f 5301 5302 5303 5304
f 5297 5298 5302 5301
f 5298 5299 5303 5302
f 5299 5300 5304 5303
f 5300 5297 5301 5304
f 5305 5308 5307 5306
f 5309 5310 5311 5312
f 5305 5306 5310 5309
f 5306 5307 5311 5310
f 5307 5308 5312 5311
f 5308 5305 5309 5312
f 5313 5316 5315 5314
f 5317 5318 5319 5320
f 5313 5314 5318 5317
f 5314 5315 5319 5318
f 5315 5316 5320 5319
f 5316 5313 5317 5320
f 5321 5324 5323 5322
f 5325 5326 5327 5328
f 5321 5322 5326 5325
f 5322 5323 5327 5326
f 5323 5324 5328 5327
f 5324 5321 5325 5328
f 5329 5332 5331 5330
f 5333 5334 5335 5336
f 5329 5330 5334 5333
f 5330 5331 5335 5334
f 5331 5332 5336 5335
f 5332 5329 5333 5336
f 5337 5340 5339 5338
f 5341 5342 5343 5344
f 5337 5338 5342 5341
f 5338 5339 5343 5342
f 5339 5340 5344 5343
f 5340 5337 5341 5344
f 5345 5348 5347 5346
f 5349 5350 5351 5352
f 5345 5346 5350 5349
f 5346 5347 5351 5350
f 5347 5348 5352 5351
f 5348 5345 5349 5352
f 5353 5356 5355 5354
f 5357 5358 5359 5360
f 5353 5354 5358 5357
f 5354 5355 5359 5358
f 5355 5356 5360 5359
f 5356 5353 5357 5360
f 5361 5364 5363 5362
f 5365 5366 5367 5368
f 5361 5362 5366 5365
f 5362 5363 5367 5366
f 5363 5364 5368 5367
f 5364 5361 5365 5368
f 5369 5372 5371 5370
f 5373 5374 5375 5376
f 5369 5370 5374 5373
f 5370 5371 5375 5374
f 5371 5372 5376 5375
f 5372 5369 5373 5376
f 5377 5380 5379 5378
f 5381 5382 5383 5384
f 5377 5378 5382 5381
f 5378 5379 5383 5382
f 5379 5380 5384 5383
f 5380 5377 5381 5384
f 5385 5388 5387 5386
f 5389 5390 5391 5392
f 5385 5386 5390 5389
f 5386 5387 5391 5390
f 5387 5388 5392 5391
f 5388 5385 5389 5392
f 5393 5396 5395 5394
f 5397 5398 5399 5400
f 5393 5394 5398 5397
f 5394 5395 5399 5398
f 5395 5396 5400 5399
f 5396 5393 5397 5400
f 5401 5404 5403 5402
f 5405 5406 5407 5408
f 5401 5402 5406 5405
f 5402 5403 5407 5406
f 5403 5404 5408 5407
f 5404 5401 5405 5408
f 5409 5412 5411 5410
f 5413 5414 5415 5416
f 5409 5410 5414 5413
f 5410 5411 5415 5414
f 5411 5412 5416 5415
f 5412 5409 5413 5416
f 5417 5420 5419 5418
f 5421 5422 5423 5424
f 5417 5418 5422 5421
f 5418 5419 5423 5422
f 5419 5420 5424 5423
f 5420 5417 5421 5424
f 5425 5428 5427 5426
f 5429 5430 5431 5432
f 5425 5426 5430 5429
f 5426 5427 5431 5430
f 5427 5428 5432 5431
f 5428 5425 5429 5432
f 5433 5436 5435 5434
f 5437 5438 5439 5440
f 5433 5434 5438 5437
f 5434 5435 5439 5438
f 5435 5436 5440 5439
f 5436 5433 5437 5440
f 5441 5444 5443 5442
f 5445 5446 5447 5448
f 5441 5442 5446 5445
f 5442 5443 5447 5446
f 5443 5444 5448 5447
f 5444 5441 5445 5448
f 5449 5452 5451 5450
f 5453 5454 5455 5456
f 5449 5450 5454 5453
f 5450 5451 5455 5454
f 5451 5452 5456 5455
f 5452 5449 5453 5456
f 5457 5460 5459 5458
f 5461 5462 5463 5464
f 5457 5458 5462 5461
f 5458 5459 5463 5462
f 5459 5460 5464 5463
f 5460 5457 5461 5464
f 5465 5468 5467 5466
f 5469 5470 5471 5472
f 5465 5466 5470 5469
f 5466 5467 5471 5470
f 5467 5468 5472 5471
f 5468 5465 5469 5472
f 5473 5476 5475 5474
f 5477 5478 5479 5480
f 5473 5474 5478 5477
f 5474 5475 5479 5478
f 5475 5476 5480 5479
f 5476 5473 5477 5480
f 5481 5484 5483 5482
f 5485 5486 5487 5488
f 5481 5482 5486 5485
f 5482 5483 5487 5486
f 5483 5484 5488 5487
f 5484 5481 5485 5488
f 5489 5492 5491 5490
f 5493 5494 5495 5496
f 5489 5490 5494 5493
f 5490 5491 5495 5494
f 5491 5492 5496 5495
f 5492 5489 5493 5496
f 5497 5500 5499 5498
f 5501 5502 5503 5504
f 5497 5498 5502 5501
f 5498 5499 5503 5502
f 5499 5500 5504 5503
f 5500 5497 5501 5504
f 5505 5508 5507 5506
f 5509 5510 5511 5512
f 5505 5506 5510 5509
f 5506 5507 5511 5510
f 5507 5508 5512 5511
f 5508 5505 5509 5512
f 5513 5516 5515 5514
f 5517 5518 5519 5520
f 5513 5514 5518 5517
f 5514 5515 5519 5518
f 5515 5516 5520 5519
f 5516 5513 5517 5520
f 5521 5524 5523 5522
f 5525 5526 5527 5528
f 5521 5522 5526 5525
f 5522 5523 5527 5526
f 5523 5524 5528 5527
f 5524 5521 5525 5528
f 5529 5532 5531 5530
f 5533 5534 5535 5536
f 5529 5530 5534 5533
f 5530 5531 5535 5534
f 5531 5532 5536 5535
f 5532 5529 5533 5536
f 5537 5540 5539 5538
f 5541 5542 5543 5544
f 5537 5538 5542 5541
f 5538 5539 5543 5542
f 5539 5540 5544 5543
f 5540 5537 5541 5544
f 5545 5548 5547 5546
f 5549 5550 5551 5552
f 5545 5546 5550 5549
f 5546 5547 5551 5550
f 5547 5548 5552 5551
f 5548 5545 5549 5552
f 5553 5556 5555 5554
f 5557 5558 5559 5560
f 5553 5554 5558 5557
f 5554 5555 5559 5558
f 5555 5556 5560 5559
f 5556 5553 5557 5560
f 5561 5564 5563 5562
f 5565 5566 5567 5568
f 5561 5562 5566 5565
f 5562 5563 5567 5566
f 5563 5564 5568 5567
f 5564 5561 5565 5568
f 5569 5572 5571 5570
f 5573 5574 5575 5576
f 5569 5570 5574 5573
f 5570 5571 5575 5574
f 5571 5572 5576 5575
f 5572 5569 5573 5576
f 5577 5580 5579 5578
f 5581 5582 5583 5584
f 5577 5578 5582 5581
f 5578 5579 5583 5582
f 5579 5580 5584 5583
f 5580 5577 5581 5584
f 5585 5588 5587 5586
f 5589 5590 5591 5592
f 5585 5586 5590 5589
f 5586 5587 5591 5590
f 5587 5588 5592 5591
f 5588 5585 5589 5592
f 5593 5596 5595 5594
f 5597 5598 5599 5600
f 5593 5594 5598 5597
f 5594 5595 5599 5598
f 5595 5596 5600 5599
f 5596 5593 5597 5600
f 5601 5604 5603 5602
f 5605 5606 5607 5608
f 5601 5602 5606 5605
f 5602 5603 5607 5606
f 5603 5604 5608 5607
f 5604 5601 5605 5608
f 5609 5612 5611 5610
f 5613 5614 5615 5616
f 5609 5610 5614 5613
f 5610 5611 5615 5614
f 5611 5612 5616 5615
f 5612 5609 5613 5616
f 5617 5620 5619 5618
f 5621 5622 5623 5624
f 5617 5618 5622 5621
f 5618 5619 5623 5622
f 5619 5620 5624 5623
f 5620 5617 5621 5624
f 5625 5628 5627 5626
f 5629 5630 5631 5632
f 5625 5626 5630 5629
f 5626 5627 5631 5630
f 5627 5628 5632 5631
f 5628 5625 5629 5632
f 5633 5636 5635 5634
f 5637 5638 5639 5640
f 5633 5634 5638 5637
f 5634 5635 5639 5638
f 5635 5636 5640 5639
f 5636 5633 5637 5640
f 5641 5644 5643 5642
f 5645 5646 5647 5648
f 5641 5642 5646 5645
f 5642 5643 5647 5646
f 5643 5644 5648 5647
f 5644 5641 5645 5648
f 5649 5652 5651 5650
f 5653 5654 5655 5656
f 5649 5650 5654 5653
f 5650 5651 5655 5654
f 5651 5652 5656 5655
f 5652 5649 5653 5656
f 5657 5660 5659 5658
f 5661 5662 5663 5664
f 5657 5658 5662 5661
f 5658 5659 5663 5662
f 5659 5660 5664 5663
f 5660 5657 5661 5664
f 5665 5668 5667 5666
f 5669 5670 5671 5672
f 5665 5666 5670 5669
f 5666 5667 5671 5670
f 5667 5668 5672 5671
f 5668 5665 5669 5672
f 5673 5676 5675 5674
f 5677 5678 5679 5680
f 5673 5674 5678 5677
f 5674 5675 5679 5678
f 5675 5676 5680 5679
f 5676 5673 5677 5680
f 5681 5684 5683 5682
f 5685 5686 5687 5688
f 5681 5682 5686 5685
f 5682 5683 5687 5686
f 5683 5684 5688 5687
f 5684 5681 5685 5688
f 5689 5692 5691 5690
f 5693 5694 5695 5696
f 5689 5690 5694 5693
f 5690 5691 5695 5694
f 5691 5692 5696 5695
f 5692 5689 5693 5696
f 5697 5700 5699 5698
f 5701 5702 5703 5704
f 5697 5698 5702 5701
f 5698 5699 5703 5702
f 5699 5700 5704 5703
f 5700 5697 5701 5704
f 5705 5708 5707 5706
f 5709 5710 5711 5712
f 5705 5706 5710 5709
f 5706 5707 5711 5710
f 5707 5708 5712 5711
f 5708 5705 5709 5712
f 5713 5716 5715 5714
f 5717 5718 5719 5720
f 5713 5714 5718 5717
f 5714 5715 5719 5718
f 5715 5716 5720 5719
f 5716 5713 5717 5720
f 5721 5724 5723 5722
f 5725 5726 5727 5728
f 5721 5722 5726 5725
f 5722 5723 5727 5726
f 5723 5724 5728 5727
f 5724 5721 5725 5728
f 5729 5732 5731 5730
f 5733 5734 5735 5736
f 5729 5730 5734 5733
f 5730 5731 5735 5734
f 5731 5732 5736 5735
f 5732 5729 5733 5736
f 5737 5740 5739 5738
f 5741 5742 5743 5744
f 5737 5738 5742 5741
f 5738 5739 5743 5742
f 5739 5740 5744 5743
f 5740 5737 5741 5744
f 5745 5748 5747 5746
f 5749 5750 5751 5752
f 5745 5746 5750 5749
f 5746 5747 5751 5750
f 5747 5748 5752 5751
f 5748 5745 5749 5752
f 5753 5756 5755 5754
f 5757 5758 5759 5760
f 5753 5754 5758 5757
f 5754 5755 5759 5758
f 5755 5756 5760 5759
f 5756 5753 5757 5760
f 5761 5764 5763 5762
f 5765 5766 5767 5768
f 5761 5762 5766 5765
f 5762 5763 5767 5766
f 5763 5764 5768 5767
f 5764 5761 5765 5768
f 5769 5772 5771 5770
f 5773 5774 5775 5776
f 5769 5770 5774 5773
f 5770 5771 5775 5774
f 5771 5772 5776 5775
f 5772 5769 5773 5776
f 5777 5780 5779 5778
f 5781 5782 5783 5784
f 5777 5778 5782 5781
f 5778 5779 5783 5782
f 5779 5780 5784 5783
f 5780 5777 5781 5784
f 5785 5788 5787 5786
f 5789 5790 5791 5792
f 5785 5786 5790 5789
f 5786 5787 5791 5790
f 5787 5788 5792 5791
f 5788 5785 5789 5792
f 5793 5796 5795 5794
f 5797 5798 5799 5800
f 5793 5794 5798 5797
f 5794 5795 5799 5798
f 5795 5796 5800 5799
f 5796 5793 5797 5800
f 5801 5804 5803 5802
f 5805 5806 5807 5808
f 5801 5802 5806 5805
f 5802 5803 5807 5806
f 5803 5804 5808 5807
f 5804 5801 5805 5808
f 5809 5812 5811 5810
f 5813 5814 5815 5816
f 5809 5810 5814 5813
f 5810 5811 5815 5814
f 5811 5812 5816 5815
f 5812 5809 5813 5816
f 5817 5820 5819 5818
f 5821 5822 5823 5824
f 5817 5818 5822 5821
f 5818 5819 5823 5822
f 5819 5820 5824 5823
f 5820 5817 5821 5824
f 5825 5828 5827 5826
f 5829 5830 5831 5832
f 5825 5826 5830 5829
f 5826 5827 5831 5830
f 5827 5828 5832 5831
f 5828 5825 5829 5832
f 5833 5836 5835 5834
f 5837 5838 5839 5840
f 5833 5834 5838 5837
f 5834 5835 5839 5838
f 5835 5836 5840 5839
f 5836 5833 5837 5840
f 5841 5844 5843 5842
f 5845 5846 5847 5848
f 5841 5842 5846 5845
f 5842 5843 5847 5846
f 5843 5844 5848 5847
f 5844 5841 5845 5848
f 5849 5852 5851 5850
f 5853 5854 5855 5856
f 5849 5850 5854 5853
f 5850 5851 5855 5854
f 5851 5852 5856 5855
f 5852 5849 5853 5856
f 5857 5860 5859 5858
f 5861 5862 5863 5864
f 5857 5858 5862 5861
f 5858 5859 5863 5862
f 5859 5860 5864 5863
f 5860 5857 5861 5864
f 5865 5868 5867 5866
f 5869 5870 5871 5872
f 5865 5866 5870 5869
f 5866 5867 5871 5870
f 5867 5868 5872 5871
f 5868 5865 5869 5872
f 5873 5876 5875 5874
f 5877 5878 5879 5880
f 5873 5874 5878 5877
f 5874 5875 5879 5878
f 5875 5876 5880 5879
f 5876 5873 5877 5880
f 5881 5884 5883 5882
f 5885 5886 5887 5888
f 5881 5882 5886 5885
f 5882 5883 5887 5886
f 5883 5884 5888 5887
f 5884 5881 5885 5888
f 5889 5892 5891 5890
f 5893 5894 5895 5896
f 5889 5890 5894 5893
f 5890 5891 5895 5894
f 5891 5892 5896 5895
f 5892 5889 5893 5896
f 5897 5900 5899 5898
f 5901 5902 5903 5904
f 5897 5898 5902 5901
f 5898 5899 5903 5902
f 5899 5900 5904 5903
f 5900 5897 5901 5904
f 5905 5908 5907 5906
f 5909 5910 5911 5912
f 5905 5906 5910 5909
f 5906 5907 5911 5910
f 5907 5908 5912 5911
f 5908 5905 5909 5912
f 5913 5916 5915 5914
f 5917 5918 5919 5920
f 5913 5914 5918 5917
f 5914 5915 5919 5918
f 5915 5916 5920 5919
f 5916 5913 5917 5920
f 5921 5924 5923 5922
f 5925 5926 5927 5928
f 5921 5922 5926 5925
f 5922 5923 5927 5926
f 5923 5924 5928 5927
f 5924 5921 5925 5928
f 5929 5932 5931 5930
f 5933 5934 5935 5936
f 5929 5930 5934 5933
f 5930 5931 5935 5934
f 5931 5932 5936 5935
f 5932 5929 5933 5936
f 5937 5940 5939 5938
f 5941 5942 5943 5944
f 5937 5938 5942 5941
f 5938 5939 5943 5942
f 5939 5940 5944 5943
f 5940 5937 5941 5944
f 5945 5948 5947 5946
f 5949 5950 5951 5952
f 5945 5946 5950 5949
f 5946 5947 5951 5950
f 5947 5948 5952 5951
f 5948 5945 5949 5952
f 5953 5956 5955 5954
f 5957 5958 5959 5960
f 5953 5954 5958 5957
f 5954 5955 5959 5958
f 5955 5956 5960 5959
f 5956 5953 5957 5960
f 5961 5964 5963 5962
f 5965 5966 5967 5968
f 5961 5962 5966 5965
f 5962 5963 5967 5966
f 5963 5964 5968 5967
f 5964 5961 5965 5968
f 5969 5972 5971 5970
f 5973 5974 5975 5976
f 5969 5970 5974 5973
f 5970 5971 5975 5974
f 5971 5972 5976 5975
f 5972 5969 5973 5976
f 5977 5980 5979 5978
f 5981 5982 5983 5984
f 5977 5978 5982 5981
f 5978 5979 5983 5982
f 5979 5980 5984 5983
f 5980 5977 5981 5984
f 5985 5988 5987 5986
f 5989 5990 5991 5992
f 5985 5986 5990 5989
f 5986 5987 5991 5990
f 5987 5988 5992 5991
f 5988 5985 5989 5992
f 5993 5996 5995 5994
f 5997 5998 5999 6000
f 5993 5994 5998 5997
f 5994 5995 5999 5998
f 5995 5996 6000 5999
f 5996 5993 5997 6000
f 6001 6004 6003 6002
f 6005 6006 6007 6008
f 6001 6002 6006 6005
f 6002 6003 6007 6006
f 6003 6004 6008 6007
f 6004 6001 6005 6008
f 6009 6012 6011 6010
f 6013 6014 6015 6016
f 6009 6010 6014 6013
f 6010 6011 6015 6014
f 6011 6012 6016 6015
f 6012 6009 6013 6016
f 6017 6020 6019 6018
f 6021 6022 6023 6024
f 6017 6018 6022 6021
f 6018 6019 6023 6022
f 6019 6020 6024 6023
f 6020 6017 6021 6024
f 6025 6028 6027 6026
f 6029 6030 6031 6032
f 6025 6026 6030 6029
f 6026 6027 6031 6030
f 6027 6028 6032 6031
f 6028 6025 6029 6032
f 6033 6036 6035 6034
f 6037 6038 6039 6040
f 6033 6034 6038 6037
f 6034 6035 6039 6038
f 6035 6036 6040 6039
f 6036 6033 6037 6040
f 6041 6044 6043 6042
f 6045 6046 6047 6048
f 6041 6042 6046 6045
f 6042 6043 6047 6046
f 6043 6044 6048 6047
f 6044 6041 6045 6048
f 6049 6052 6051 6050
f 6053 6054 6055 6056
f 6049 6050 6054 6053
f 6050 6051 6055 6054
f 6051 6052 6056 6055
f 6052 6049 6053 6056
f 6057 6060 6059 6058
f 6061 6062 6063 6064
f 6057 6058 6062 6061
f 6058 6059 6063 6062
f 6059 6060 6064 6063
f 6060 6057 6061 6064
f 6065 6068 6067 6066
f 6069 6070 6071 6072
f 6065 6066 6070 6069
f 6066 6067 6071 6070
f 6067 6068 6072 6071
f 6068 6065 6069 6072
f 6073 6076 6075 6074
f 6077 6078 6079 6080
f 6073 6074 6078 6077
f 6074 6075 6079 6078
f 6075 6076 6080 6079
f 6076 6073 6077 6080
f 6081 6084 6083 6082
f 6085 6086 6087 6088
f 6081 6082 6086 6085
f 6082 6083 6087 6086
f 6083 6084 6088 6087
f 6084 6081 6085 6088
f 6089 6092 6091 6090
f 6093 6094 6095 6096
f 6089 6090 6094 6093
f 6090 6091 6095 6094
f 6091 6092 6096 6095
f 6092 6089 6093 6096
f 6097 6100 6099 6098
f 6101 6102 6103 6104
f 6097 6098 6102 6101
f 6098 6099 6103 6102
f 6099 6100 6104 6103
f 6100 6097 6101 6104
f 6105 6108 6107 6106
f 6109 6110 6111 6112
f 6105 6106 6110 6109
f 6106 6107 6111 6110
f 6107 6108 6112 6111
f 6108 6105 6109 6112
f 6113 6116 6115 6114
f 6117 6118 6119 6120
f 6113 6114 6118 6117
f 6114 6115 6119 6118
f 6115 6116 6120 6119
f 6116 6113 6117 6120
f 6121 6124 6123 6122
f 6125 6126 6127 6128
f 6121 6122 6126 6125
f 6122 6123 6127 6126
f 6123 6124 6128 6127
f 6124 6121 6125 6128
f 6129 6132 6131 6130
f 6133 6134 6135 6136
f 6129 6130 6134 6133
f 6130 6131 6135 6134
f 6131 6132 6136 6135
f 6132 6129 6133 6136
f 6137 6140 6139 6138
f 6141 6142 6143 6144
f 6137 6138 6142 6141
f 6138 6139 6143 6142
f 6139 6140 6144 6143
f 6140 6137 6141 6144
f 6145 6148 6147 6146
f 6149 6150 6151 6152
f 6145 6146 6150 6149
f 6146 6147 6151 6150
f 6147 6148 6152 6151
f 6148 6145 6149 6152
f 6153 6156 6155 6154
f 6157 6158 6159 6160
f 6153 6154 6158 6157
f 6154 6155 6159 6158
f 6155 6156 6160 6159
f 6156 6153 6157 6160
f 6161 6164 6163 6162
f 6165 6166 6167 6168
f 6161 6162 6166 6165
f 6162 6163 6167 6166
f 6163 6164 6168 6167
f 6164 6161 6165 6168
f 6169 6172 6171 6170
f 6173 6174 6175 6176
f 6169 6170 6174 6173
f 6170 6171 6175 6174
f 6171 6172 6176 6175
f 6172 6169 6173 6176
f 6177 6180 6179 6178
f 6181 6182 6183 6184
f 6177 6178 6182 6181
f 6178 6179 6183 6182
f 6179 6180 6184 6183
f 6180 6177 6181 6184
f 6185 6188 6187 6186
f 6189 6190 6191 6192
f 6185 6186 6190 6189
f 6186 6187 6191 6190
f 6187 6188 6192 6191
f 6188 6185 6189 6192
f 6193 6196 6195 6194
f 6197 6198 6199 6200
f 6193 6194 6198 6197
f 6194 6195 6199 6198
f 6195 6196 6200 6199
f 6196 6193 6197 6200
f 6201 6204 6203 6202
f 6205 6206 6207 6208
f 6201 6202 6206 6205
f 6202 6203 6207 6206
f 6203 6204 6208 6207
f 6204 6201 6205 6208
f 6209 6212 6211 6210
f 6213 6214 6215 6216
f 6209 6210 6214 6213
f 6210 6211 6215 6214
f 6211 6212 6216 6215
f 6212 6209 6213 6216
f 6217 6220 6219 6218
f 6221 6222 6223 6224
f 6217 6218 6222 6221
f 6218 6219 6223 6222
f 6219 6220 6224 6223
f 6220 6217 6221 6224
f 6225 6228 6227 6226
f 6229 6230 6231 6232
f 6225 6226 6230 6229
f 6226 6227 6231 6230
f 6227 6228 6232 6231
f 6228 6225 6229 6232
f 6233 6236 6235 6234
f 6237 6238 6239 6240
f 6233 6234 6238 6237
f 6234 6235 6239 6238
f 6235 6236 6240 6239
f 6236 6233 6237 6240
f 6241 6244 6243 6242
f 6245 6246 6247 6248
f 6241 6242 6246 6245
f 6242 6243 6247 6246
f 6243 6244 6248 6247
f 6244 6241 6245 6248
f 6249 6252 6251 6250
f 6253 6254 6255 6256
f 6249 6250 6254 6253
f 6250 6251 6255 6254
f 6251 6252 6256 6255
f 6252 6249 6253 6256
f 6257 6260 6259 6258
f 6261 6262 6263 6264
f 6257 6258 6262 6261
f 6258 6259 6263 6262
f 6259 6260 6264 6263
f 6260 6257 6261 6264
f 6265 6268 6267 6266
f 6269 6270 6271 6272
f 6265 6266 6270 6269
f 6266 6267 6271 6270
f 6267 6268 6272 6271
f 6268 6265 6269 6272
f 6273 6276 6275 6274
f 6277 6278 6279 6280
f 6273 6274 6278 6277
f 6274 6275 6279 6278
f 6275 6276 6280 6279
f 6276 6273 6277 6280
f 6281 6284 6283 6282
f 6285 6286 6287 6288
f 6281 6282 6286 6285
f 6282 6283 6287 6286
f 6283 6284 6288 6287
f 6284 6281 6285 6288
f 6289 6292 6291 6290
f 6293 6294 6295 6296
f 6289 6290 6294 6293
f 6290 6291 6295 6294
f 6291 6292 6296 6295
f 6292 6289 6293 6296
f 6297 6300 6299 6298
f 6301 6302 6303 6304
f 6297 6298 6302 6301
f 6298 6299 6303 6302
f 6299 6300 6304 6303
f 6300 6297 6301 6304
f 6305 6308 6307 6306
f 6309 6310 6311 6312
f 6305 6306 6310 6309
f 6306 6307 6311 6310
f 6307 6308 6312 6311
f 6308 6305 6309 6312
f 6313 6316 6315 6314
f 6317 6318 6319 6320
f 6313 6314 6318 6317
f 6314 6315 6319 6318
f 6315 6316 6320 6319
f 6316 6313 6317 6320
f 6321 6324 6323 6322
f 6325 6326 6327 6328
f 6321 6322 6326 6325
f 6322 6323 6327 6326
f 6323 6324 6328 6327
f 6324 6321 6325 6328
f 6329 6332 6331 6330
f 6333 6334 6335 6336
f 6329 6330 6334 6333
f 6330 6331 6335 6334
f 6331 6332 6336 6335
f 6332 6329 6333 6336
f 6337 6340 6339 6338
f 6341 6342 6343 6344
f 6337 6338 6342 6341
f 6338 6339 6343 6342
f 6339 6340 6344 6343
f 6340 6337 6341 6344
f 6345 6348 6347 6346
f 6349 6350 6351 6352
f 6345 6346 6350 6349
f 6346 6347 6351 6350
f 6347 6348 6352 6351
f 6348 6345 6349 6352
f 6353 6356 6355 6354
f 6357 6358 6359 6360
f 6353 6354 6358 6357
f 6354 6355 6359 6358
f 6355 6356 6360 6359
f 6356 6353 6357 6360
f 6361 6364 6363 6362
f 6365 6366 6367 6368
f 6361 6362 6366 6365
f 6362 6363 6367 6366
f 6363 6364 6368 6367
f 6364 6361 6365 6368
f 6369 6372 6371 6370
f 6373 6374 6375 6376
f 6369 6370 6374 6373
f 6370 6371 6375 6374
f 6371 6372 6376 6375
f 6372 6369 6373 6376
f 6377 6380 6379 6378
f 6381 6382 6383 6384
f 6377 6378 6382 6381
f 6378 6379 6383 6382
f 6379 6380 6384 6383
f 6380 6377 6381 6384
f 6385 6388 6387 6386
f 6389 6390 6391 6392
f 6385 6386 6390 6389
f 6386 6387 6391 6390
f 6387 6388 6392 6391
f 6388 6385 6389 6392
f 6393 6396 6395 6394
f 6397 6398 6399 6400
f 6393 6394 6398 6397
f 6394 6395 6399 6398
f 6395 6396 6400 6399
f 6396 6393 6397 6400
f 6401 6404 6403 6402
f 6405 6406 6407 6408
f 6401 6402 6406 6405
f 6402 6403 6407 6406
f 6403 6404 6408 6407
f 6404 6401 6405 6408
f 6409 6412 6411 6410
f 6413 6414 6415 6416
f 6409 6410 6414 6413
f 6410 6411 6415 6414
f 6411 6412 6416 6415
f 6412 6409 6413 6416
f 6417 6420 6419 6418
f 6421 6422 6423 6424
f 6417 6418 6422 6421
f 6418 6419 6423 6422
f 6419 6420 6424 6423
f 6420 6417 6421 6424
f 6425 6428 6427 6426
f 6429 6430 6431 6432
f 6425 6426 6430 6429
f 6426 6427 6431 6430
f 6427 6428 6432 6431
f 6428 6425 6429 6432
f 6433 6436 6435 6434
f 6437 6438 6439 6440
f 6433 6434 6438 6437
f 6434 6435 6439 6438
f 6435 6436 6440 6439
f 6436 6433 6437 6440
f 6441 6444 6443 6442
f 6445 6446 6447 6448
f 6441 6442 6446 6445
f 6442 6443 6447 6446
f 6443 6444 6448 6447
f 6444 6441 6445 6448
f 6449 6452 6451 6450
f 6453 6454 6455 6456
f 6449 6450 6454 6453
f 6450 6451 6455 6454
f 6451 6452 6456 6455
f 6452 6449 6453 6456
f 6457 6460 6459 6458
f 6461 6462 6463 6464
f 6457 6458 6462 6461
f 6458 6459 6463 6462
f 6459 6460 6464 6463
f 6460 6457 6461 6464
f 6465 6468 6467 6466
f 6469 6470 6471 6472
f 6465 6466 6470 6469
f 6466 6467 6471 6470
f 6467 6468 6472 6471
f 6468 6465 6469 6472
f 6473 6476 6475 6474
f 6477 6478 6479 6480
f 6473 6474 6478 6477
f 6474 6475 6479 6478
f 6475 6476 6480 6479
f 6476 6473 6477 6480
f 6481 6484 6483 6482
f 6485 6486 6487 6488
f 6481 6482 6486 6485
f 6482 6483 6487 6486
f 6483 6484 6488 6487
f 6484 6481 6485 6488
f 6489 6492 6491 6490
f 6493 6494 6495 6496
f 6489 6490 6494 6493
f 6490 6491 6495 6494
f 6491 6492 6496 6495
f 6492 6489 6493 6496
f 6497 6500 6499 6498
f 6501 6502 6503 6504
f 6497 6498 6502 6501
f 6498 6499 6503 6502
f 6499 6500 6504 6503
f 6500 6497 6501 6504
f 6505 6508 6507 6506
f 6509 6510 6511 6512
f 6505 6506 6510 6509
f 6506 6507 6511 6510
f 6507 6508 6512 6511
f 6508 6505 6509 6512
f 6513 6516 6515 6514
f 6517 6518 6519 6520
f 6513 6514 6518 6517
f 6514 6515 6519 6518
f 6515 6516 6520 6519
f 6516 6513 6517 6520
f 6521 6524 6523 6522
f 6525 6526 6527 6528
f 6521 6522 6526 6525
f 6522 6523 6527 6526
f 6523 6524 6528 6527
f 6524 6521 6525 6528
f 6529 6532 6531 6530
f 6533 6534 6535 6536
f 6529 6530 6534 6533
f 6530 6531 6535 6534
f 6531 6532 6536 6535
f 6532 6529 6533 6536
f 6537 6540 6539 6538
f 6541 6542 6543 6544
f 6537 6538 6542 6541
f 6538 6539 6543 6542
f 6539 6540 6544 6543
f 6540 6537 6541 6544
f 6545 6548 6547 6546
f 6549 6550 6551 6552
f 6545 6546 6550 6549
f 6546 6547 6551 6550
f 6547 6548 6552 6551
f 6548 6545 6549 6552
f 6553 6556 6555 6554
f 6557 6558 6559 6560
f 6553 6554 6558 6557
f 6554 6555 6559 6558
f 6555 6556 6560 6559
f 6556 6553 6557 6560
f 6561 6564 6563 6562
f 6565 6566 6567 6568
f 6561 6562 6566 6565
f 6562 6563 6567 6566
f 6563 6564 6568 6567
f 6564 6561 6565 6568
f 6569 6572 6571 6570
f 6573 6574 6575 6576
f 6569 6570 6574 6573
f 6570 6571 6575 6574
f 6571 6572 6576 6575
f 6572 6569 6573 6576
f 6577 6580 6579 6578
f 6581 6582 6583 6584
f 6577 6578 6582 6581
f 6578 6579 6583 6582
f 6579 6580 6584 6583
f 6580 6577 6581 6584
f 6585 6588 6587 6586
f 6589 6590 6591 6592
f 6585 6586 6590 6589
f 6586 6587 6591 6590
f 6587 6588 6592 6591
f 6588 6585 6589 6592
f 6593 6596 6595 6594
f 6597 6598 6599 6600
f 6593 6594 6598 6597
f 6594 6595 6599 6598
f 6595 6596 6600 6599
f 6596 6593 6597 6600
f 6601 6604 6603 6602
f 6605 6606 6607 6608
f 6601 6602 6606 6605
f 6602 6603 6607 6606
f 6603 6604 6608 6607
f 6604 6601 6605 6608
f 6609 6612 6611 6610
f 6613 6614 6615 6616
f 6609 6610 6614 6613
f 6610 6611 6615 6614
f 6611 6612 6616 6615
f 6612 6609 6613 6616
f 6617 6620 6619 6618
f 6621 6622 6623 6624
f 6617 6618 6622 6621
f 6618 6619 6623 6622
f 6619 6620 6624 6623
f 6620 6617 6621 6624
f 6625 6628 6627 6626
f 6629 6630 6631 6632
f 6625 6626 6630 6629
f 6626 6627 6631 6630
f 6627 6628 6632 6631
f 6628 6625 6629 6632
f 6633 6636 6635 6634
f 6637 6638 6639 6640
f 6633 6634 6638 6637
f 6634 6635 6639 6638
f 6635 6636 6640 6639
f 6636 6633 6637 6640
f 6641 6644 6643 6642
f 6645 6646 6647 6648
f 6641 6642 6646 6645
f 6642 6643 6647 6646
f 6643 6644 6648 6647
f 6644 6641 6645 6648
f 6649 6652 6651 6650
f 6653 6654 6655 6656
f 6649 6650 6654 6653
f 6650 6651 6655 6654
f 6651 6652 6656 6655
f 6652 6649 6653 6656
f 6657 6660 6659 6658
f 6661 6662 6663 6664
f 6657 6658 6662 6661
f 6658 6659 6663 6662
f 6659 6660 6664 6663
f 6660 6657 6661 6664
f 6665 6668 6667 6666
f 6669 6670 6671 6672
f 6665 6666 6670 6669
f 6666 6667 6671 6670
f 6667 6668 6672 6671
f 6668 6665 6669 6672
f 6673 6676 6675 6674
f 6677 6678 6679 6680
f 6673 6674 6678 6677
f 6674 6675 6679 6678
f 6675 6676 6680 6679
f 6676 6673 6677 6680
f 6681 6684 6683 6682
f 6685 6686 6687 6688
f 6681 6682 6686 6685
f 6682 6683 6687 6686
f 6683 6684 6688 6687
f 6684 6681 6685 6688
f 6689 6692 6691 6690
f 6693 6694 6695 6696
f 6689 6690 6694 6693
f 6690 6691 6695 6694
f 6691 6692 6696 6695
f 6692 6689 6693 6696
f 6697 6700 6699 6698
f 6701 6702 6703 6704
f 6697 6698 6702 6701
f 6698 6699 6703 6702
f 6699 6700 6704 6703
f 6700 6697 6701 6704
f 6705 6708 6707 6706
f 6709 6710 6711 6712
f 6705 6706 6710 6709
f 6706 6707 6711 6710
f 6707 6708 6712 6711
f 6708 6705 6709 6712
f 6713 6716 6715 6714
f 6717 6718 6719 6720
f 6713 6714 6718 6717
f 6714 6715 6719 6718
f 6715 6716 6720 6719
f 6716 6713 6717 6720
f 6721 6724 6723 6722
f 6725 6726 6727 6728
f 6721 6722 6726 6725
f 6722 6723 6727 6726
f 6723 6724 6728 6727
f 6724 6721 6725 6728
f 6729 6732 6731 6730
f 6733 6734 6735 6736
f 6729 6730 6734 6733
f 6730 6731 6735 6734
f 6731 6732 6736 6735
f 6732 6729 6733 6736
f 6737 6740 6739 6738
f 6741 6742 6743 6744
f 6737 6738 6742 6741
f 6738 6739 6743 6742
f 6739 6740 6744 6743
f 6740 6737 6741 6744
f 6745 6748 6747 6746
f 6749 6750 6751 6752
f 6745 6746 6750 6749
f 6746 6747 6751 6750
f 6747 6748 6752 6751
f 6748 6745 6749 6752
f 6753 6756 6755 6754
f 6757 6758 6759 6760
f 6753 6754 6758 6757
f 6754 6755 6759 6758
f 6755 6756 6760 6759
f 6756 6753 6757 6760
f 6761 6764 6763 6762
f 6765 6766 6767 6768
f 6761 6762 6766 6765
f 6762 6763 6767 6766
f 6763 6764 6768 6767
f 6764 6761 6765 6768
f 6769 6772 6771 6770
f 6773 6774 6775 6776
f 6769 6770 6774 6773
f 6770 6771 6775 6774
f 6771 6772 6776 6775
f 6772 6769 6773 6776
f 6777 6780 6779 6778
f 6781 6782 6783 6784
f 6777 6778 6782 6781
f 6778 6779 6783 6782
f 6779 6780 6784 6783
f 6780 6777 6781 6784
f 6785 6788 6787 6786
f 6789 6790 6791 6792
f 6785 6786 6790 6789
f 6786 6787 6791 6790
f 6787 6788 6792 6791
f 6788 6785 6789 6792
f 6793 6796 6795 6794
f 6797 6798 6799 6800
f 6793 6794 6798 6797
f 6794 6795 6799 6798
f 6795 6796 6800 6799
f 6796 6793 6797 6800
f 6801 6804 6803 6802
f 6805 6806 6807 6808
f 6801 6802 6806 6805
f 6802 6803 6807 6806
f 6803 6804 6808 6807
f 6804 6801 6805 6808
f 6809 6812 6811 6810
f 6813 6814 6815 6816
f 6809 6810 6814 6813
f 6810 6811 6815 6814
f 6811 6812 6816 6815
f 6812 6809 6813 6816
f 6817 6820 6819 6818
f 6821 6822 6823 6824
f 6817 6818 6822 6821
f 6818 6819 6823 6822
f 6819 6820 6824 6823
f 6820 6817 6821 6824
f 6825 6828 6827 6826
f 6829 6830 6831 6832
f 6825 6826 6830 6829
f 6826 6827 6831 6830
f 6827 6828 6832 6831
f 6828 6825 6829 6832
f 6833 6836 6835 6834
f 6837 6838 6839 6840
f 6833 6834 6838 6837
f 6834 6835 6839 6838
f 6835 6836 6840 6839
f 6836 6833 6837 6840
f 6841 6844 6843 6842
f 6845 6846 6847 6848
f 6841 6842 6846 6845
f 6842 6843 6847 6846
f 6843 6844 6848 6847
f 6844 6841 6845 6848
f 6849 6852 6851 6850
f 6853 6854 6855 6856
f 6849 6850 6854 6853
f 6850 6851 6855 6854
f 6851 6852 6856 6855
f 6852 6849 6853 6856
f 6857 6860 6859 6858
f 6861 6862 6863 6864
f 6857 6858 6862 6861
f 6858 6859 6863 6862
f 6859 6860 6864 6863
f 6860 6857 6861 6864
f 6865 6868 6867 6866
f 6869 6870 6871 6872
f 6865 6866 6870 6869
f 6866 6867 6871 6870
f 6867 6868 6872 6871
f 6868 6865 6869 6872
f 6873 6876 6875 6874
f 6877 6878 6879 6880
f 6873 6874 6878 6877
f 6874 6875 6879 6878
f 6875 6876 6880 6879
f 6876 6873 6877 6880
f 6881 6884 6883 6882
f 6885 6886 6887 6888
f 6881 6882 6886 6885
f 6882 6883 6887 6886
f 6883 6884 6888 6887
f 6884 6881 6885 6888
f 6889 6892 6891 6890
f 6893 6894 6895 6896
f 6889 6890 6894 6893
f 6890 6891 6895 6894
f 6891 6892 6896 6895
f 6892 6889 6893 6896
f 6897 6900 6899 6898
f 6901 6902 6903 6904
f 6897 6898 6902 6901
f 6898 6899 6903 6902
f 6899 6900 6904 6903
f 6900 6897 6901 6904
f 6905 6908 6907 6906
f 6909 6910 6911 6912
f 6905 6906 6910 6909
f 6906 6907 6911 6910
f 6907 6908 6912 6911
f 6908 6905 6909 6912
f 6913 6916 6915 6914
f 6917 6918 6919 6920
f 6913 6914 6918 6917
f 6914 6915 6919 6918
f 6915 6916 6920 6919
f 6916 6913 6917 6920
f 6921 6924 6923 6922
f 6925 6926 6927 6928
f 6921 6922 6926 6925
f 6922 6923 6927 6926
f 6923 6924 6928 6927
f 6924 6921 6925 6928
f 6929 6932 6931 6930
f 6933 6934 6935 6936
f 6929 6930 6934 6933
f 6930 6931 6935 6934
f 6931 6932 6936 6935
f 6932 6929 6933 6936
f 6937 6940 6939 6938
f 6941 6942 6943 6944
f 6937 6938 6942 6941
f 6938 6939 6943 6942
f 6939 6940 6944 6943
f 6940 6937 6941 6944
f 6945 6948 6947 6946
f 6949 6950 6951 6952
f 6945 6946 6950 6949
f 6946 6947 6951 6950
f 6947 6948 6952 6951
f 6948 6945 6949 6952
f 6953 6956 6955 6954
f 6957 6958 6959 6960
f 6953 6954 6958 6957
f 6954 6955 6959 6958
f 6955 6956 6960 6959
f 6956 6953 6957 6960
f 6961 6964 6963 6962
f 6965 6966 6967 6968
f 6961 6962 6966 6965
f 6962 6963 6967 6966
f 6963 6964 6968 6967
f 6964 6961 6965 6968
f 6969 6972 6971 6970
f 6973 6974 6975 6976
f 6969 6970 6974 6973
f 6970 6971 6975 6974
f 6971 6972 6976 6975
f 6972 6969 6973 6976
f 6977 6980 6979 6978
f 6981 6982 6983 6984
f 6977 6978 6982 6981
f 6978 6979 6983 6982
f 6979 6980 6984 6983
f 6980 6977 6981 6984
f 6985 6988 6987 6986
f 6989 6990 6991 6992
f 6985 6986 6990 6989
f 6986 6987 6991 6990
f 6987 6988 6992 6991
f 6988 6985 6989 6992
f 6993 6996 6995 6994
f 6997 6998 6999 7000
f 6993 6994 6998 6997
f 6994 6995 6999 6998
f 6995 6996 7000 6999
f 6996 6993 6997 7000
f 7001 7004 7003 7002
f 7005 7006 7007 7008
f 7001 7002 7006 7005
f 7002 7003 7007 7006
f 7003 7004 7008 7007
f 7004 7001 7005 7008
f 7009 7012 7011 7010
f 7013 7014 7015 7016
f 7009 7010 7014 7013
f 7010 7011 7015 7014
f 7011 7012 7016 7015
f 7012 7009 7013 7016
f 7017 7020 7019 7018
f 7021 7022 7023 7024
f 7017 7018 7022 7021
f 7018 7019 7023 7022
f 7019 7020 7024 7023
f 7020 7017 7021 7024
f 7025 7028 7027 7026
f 7029 7030 7031 7032
f 7025 7026 7030 7029
f 7026 7027 7031 7030
f 7027 7028 7032 7031
f 7028 7025 7029 7032
f 7033 7036 7035 7034
f 7037 7038 7039 7040
f 7033 7034 7038 7037
f 7034 7035 7039 7038
f 7035 7036 7040 7039
f 7036 7033 7037 7040
f 7041 7044 7043 7042
f 7045 7046 7047 7048
f 7041 7042 7046 7045
f 7042 7043 7047 7046
f 7043 7044 7048 7047
f 7044 7041 7045 7048
f 7049 7052 7051 7050
f 7053 7054 7055 7056
f 7049 7050 7054 7053
f 7050 7051 7055 7054
f 7051 7052 7056 7055
f 7052 7049 7053 7056
f 7057 7060 7059 7058
f 7061 7062 7063 7064
f 7057 7058 7062 7061
f 7058 7059 7063 7062
f 7059 7060 7064 7063
f 7060 7057 7061 7064
f 7065 7068 7067 7066
f 7069 7070 7071 7072
f 7065 7066 7070 7069
f 7066 7067 7071 7070
f 7067 7068 7072 7071
f 7068 7065 7069 7072
f 7073 7076 7075 7074
f 7077 7078 7079 7080
f 7073 7074 7078 7077
f 7074 7075 7079 7078
f 7075 7076 7080 7079
f 7076 7073 7077 7080
f 7081 7084 7083 7082
f 7085 7086 7087 7088
f 7081 7082 7086 7085
f 7082 7083 7087 7086
f 7083 7084 7088 7087
f 7084 7081 7085 7088
f 7089 7092 7091 7090
f 7093 7094 7095 7096
f 7089 7090 7094 7093
f 7090 7091 7095 7094
f 7091 7092 7096 7095
f 7092 7089 7093 7096
f 7097 7100 7099 7098
f 7101 7102 7103 7104
f 7097 7098 7102 7101
f 7098 7099 7103 7102
f 7099 7100 7104 7103
f 7100 7097 7101 7104
f 7105 7108 7107 7106
f 7109 7110 7111 7112
f 7105 7106 7110 7109
f 7106 7107 7111 7110
f 7107 7108 7112 7111
f 7108 7105 7109 7112
f 7113 7116 7115 7114
f 7117 7118 7119 7120
f 7113 7114 7118 7117
f 7114 7115 7119 7118
f 7115 7116 7120 7119
f 7116 7113 7117 7120
f 7121 7124 7123 7122
f 7125 7126 7127 7128
f 7121 7122 7126 7125
f 7122 7123 7127 7126
f 7123 7124 7128 7127
f 7124 7121 7125 7128
f 7129 7132 7131 7130
f 7133 7134 7135 7136
f 7129 7130 7134 7133
f 7130 7131 7135 7134
f 7131 7132 7136 7135
f 7132 7129 7133 7136
f 7137 7140 7139 7138
f 7141 7142 7143 7144
f 7137 7138 7142 7141
f 7138 7139 7143 7142
f 7139 7140 7144 7143
f 7140 7137 7141 7144
f 7145 7148 7147 7146
f 7149 7150 7151 7152
f 7145 7146 7150 7149
f 7146 7147 7151 7150
f 7147 7148 7152 7151
f 7148 7145 7149 7152
f 7153 7156 7155 7154
f 7157 7158 7159 7160
f 7153 7154 7158 7157
f 7154 7155 7159 7158
f 7155 7156 7160 7159
f 7156 7153 7157 7160
f 7161 7164 7163 7162
f 7165 7166 7167 7168
f 7161 7162 7166 7165
f 7162 7163 7167 7166
f 7163 7164 7168 7167
f 7164 7161 7165 7168
f 7169 7172 7171 7170
f 7173 7174 7175 7176
f 7169 7170 7174 7173
f 7170 7171 7175 7174
f 7171 7172 7176 7175
f 7172 7169 7173 7176
f 7177 7180 7179 7178
f 7181 7182 7183 7184
f 7177 7178 7182 7181
f 7178 7179 7183 7182
f 7179 7180 7184 7183
f 7180 7177 7181 7184
f 7185 7188 7187 7186
f 7189 7190 7191 7192
f 7185 7186 7190 7189
f 7186 7187 7191 7190
f 7187 7188 7192 7191
f 7188 7185 7189 7192
f 7193 7196 7195 7194
f 7197 7198 7199 7200
f 7193 7194 7198 7197
f 7194 7195 7199 7198
f 7195 7196 7200 7199
f 7196 7193 7197 7200
f 7201 7204 7203 7202
f 7205 7206 7207 7208
f 7201 7202 7206 7205
f 7202 7203 7207 7206
f 7203 7204 7208 7207
f 7204 7201 7205 7208
f 7209 7212 7211 7210
f 7213 7214 7215 7216
f 7209 7210 7214 7213
f 7210 7211 7215 7214
f 7211 7212 7216 7215
f 7212 7209 7213 7216
f 7217 7220 7219 7218
f 7221 7222 7223 7224
f 7217 7218 7222 7221
f 7218 7219 7223 7222
f 7219 7220 7224 7223
f 7220 7217 7221 7224
f 7225 7228 7227 7226
f 7229 7230 7231 7232
f 7225 7226 7230 7229
f 7226 7227 7231 7230
f 7227 7228 7232 7231
f 7228 7225 7229 7232
f 7233 7236 7235 7234
f 7237 7238 7239 7240
f 7233 7234 7238 7237
f 7234 7235 7239 7238
f 7235 7236 7240 7239
f 7236 7233 7237 7240
f 7241 7244 7243 7242
f 7245 7246 7247 7248
f 7241 7242 7246 7245
f 7242 7243 7247 7246
f 7243 7244 7248 7247
f 7244 7241 7245 7248
f 7249 7252 7251 7250
f 7253 7254 7255 7256
f 7249 7250 7254 7253
f 7250 7251 7255 7254
f 7251 7252 7256 7255
f 7252 7249 7253 7256
f 7257 7260 7259 7258
f 7261 7262 7263 7264
f 7257 7258 7262 7261
f 7258 7259 7263 7262
f 7259 7260 7264 7263
f 7260 7257 7261 7264
f 7265 7268 7267 7266
f 7269 7270 7271 7272
f 7265 7266 7270 7269
f 7266 7267 7271 7270
f 7267 7268 7272 7271
f 7268 7265 7269 7272
f 7273 7276 7275 7274
f 7277 7278 7279 7280
f 7273 7274 7278 7277
f 7274 7275 7279 7278
f 7275 7276 7280 7279
f 7276 7273 7277 7280
f 7281 7284 7283 7282
f 7285 7286 7287 7288
f 7281 7282 7286 7285
f 7282 7283 7287 7286
f 7283 7284 7288 7287
f 7284 7281 7285 7288
f 7289 7292 7291 7290
f 7293 7294 7295 7296
f 7289 7290 7294 7293
f 7290 7291 7295 7294
f 7291 7292 7296 7295
f 7292 7289 7293 7296
