# covered stalls: 8 stalls + alfalfa bay, 16 x 20 ft, 4 a side, 12 ft corridor, roof 36 ft wide (12 ft over each stall front), butterfly: valley over the corridor 10.7 ft at the NE end falling 0.5 % to 10.2 ft at the SW end, outer eaves 1.5 ft higher; the valley pours down an open chute into a low round rock trough 8 ft across, 1.75 ft tall, 1.1 ft stone wall with 5 iron tie rings, 6 ft from the SW end, 10 ft clear on its open sides, chute cantilevered 8 ft, no post; 4 waterers (one per pair) on a 6 ft level strip at the stall fronts; alfalfa bay 24 ft long at the NE end, the corridor running through it, hay stored either side
# geo 31.9998023 -116.7635765
# unit ft
# name covered stalls
v -33.538 -29.287 0.000
v -33.420 -29.151 0.000
v -33.284 -29.269 0.000
v -33.402 -29.405 0.000
v -33.538 -29.287 5.000
v -33.420 -29.151 5.000
v -33.284 -29.269 5.000
v -33.402 -29.405 5.000
v -28.306 -23.236 0.000
v -28.188 -23.100 0.000
v -28.052 -23.217 0.000
v -28.170 -23.353 0.000
v -28.306 -23.236 5.000
v -28.188 -23.100 5.000
v -28.052 -23.217 5.000
v -28.170 -23.353 5.000
v -23.073 -17.184 0.000
v -22.956 -17.048 0.000
v -22.820 -17.166 0.000
v -22.937 -17.302 0.000
v -23.073 -17.184 5.000
v -22.956 -17.048 5.000
v -22.820 -17.166 5.000
v -22.937 -17.302 5.000
v -17.841 -11.132 0.000
v -17.723 -10.996 0.000
v -17.587 -11.114 0.000
v -17.705 -11.250 0.000
v -17.841 -11.132 5.000
v -17.723 -10.996 5.000
v -17.587 -11.114 5.000
v -17.705 -11.250 5.000
v -12.609 -5.081 0.000
v -12.491 -4.945 0.000
v -12.355 -5.062 0.000
v -12.473 -5.198 0.000
v -12.609 -5.081 5.000
v -12.491 -4.945 5.000
v -12.355 -5.062 5.000
v -12.473 -5.198 5.000
v -7.376 0.971 0.000
v -7.259 1.107 0.000
v -7.123 0.989 0.000
v -7.240 0.853 0.000
v -7.376 0.971 5.000
v -7.259 1.107 5.000
v -7.123 0.989 5.000
v -7.240 0.853 5.000
v -2.144 7.023 0.000
v -2.026 7.159 0.000
v -1.890 7.041 0.000
v -2.008 6.905 0.000
v -2.144 7.023 5.000
v -2.026 7.159 5.000
v -1.890 7.041 5.000
v -2.008 6.905 5.000
v 3.088 13.074 0.000
v 3.206 13.210 0.000
v 3.342 13.093 0.000
v 3.224 12.957 0.000
v 3.088 13.074 5.000
v 3.206 13.210 5.000
v 3.342 13.093 5.000
v 3.224 12.957 5.000
v 8.321 19.126 0.000
v 8.438 19.262 0.000
v 8.574 19.144 0.000
v 8.457 19.008 0.000
v 8.321 19.126 5.000
v 8.438 19.262 5.000
v 8.574 19.144 5.000
v 8.457 19.008 5.000
v -33.464 -29.232 1.200
v 8.395 19.181 1.200
v 8.500 19.089 1.200
v -33.358 -29.324 1.200
v -33.464 -29.232 1.340
v 8.395 19.181 1.340
v 8.500 19.089 1.340
v -33.358 -29.324 1.340
v -33.464 -29.232 2.400
v 8.395 19.181 2.400
v 8.500 19.089 2.400
v -33.358 -29.324 2.400
v -33.464 -29.232 2.540
v 8.395 19.181 2.540
v 8.500 19.089 2.540
v -33.358 -29.324 2.540
v -33.464 -29.232 3.600
v 8.395 19.181 3.600
v 8.500 19.089 3.600
v -33.358 -29.324 3.600
v -33.464 -29.232 3.740
v 8.395 19.181 3.740
v 8.500 19.089 3.740
v -33.358 -29.324 3.740
v -33.464 -29.232 4.850
v 8.395 19.181 4.850
v 8.500 19.089 4.850
v -33.358 -29.324 4.850
v -33.464 -29.232 4.990
v 8.395 19.181 4.990
v 8.500 19.089 4.990
v -33.358 -29.324 4.990
v -48.478 -16.370 0.000
v -48.360 -16.234 0.000
v -48.224 -16.352 0.000
v -48.342 -16.488 0.000
v -48.478 -16.370 5.000
v -48.360 -16.234 5.000
v -48.224 -16.352 5.000
v -48.342 -16.488 5.000
v -43.246 -10.318 0.000
v -43.128 -10.182 0.000
v -42.992 -10.300 0.000
v -43.110 -10.436 0.000
v -43.246 -10.318 5.000
v -43.128 -10.182 5.000
v -42.992 -10.300 5.000
v -43.110 -10.436 5.000
v -38.013 -4.267 0.000
v -37.896 -4.131 0.000
v -37.760 -4.248 0.000
v -37.877 -4.384 0.000
v -38.013 -4.267 5.000
v -37.896 -4.131 5.000
v -37.760 -4.248 5.000
v -37.877 -4.384 5.000
v -32.781 1.785 0.000
v -32.663 1.921 0.000
v -32.527 1.803 0.000
v -32.645 1.667 0.000
v -32.781 1.785 5.000
v -32.663 1.921 5.000
v -32.527 1.803 5.000
v -32.645 1.667 5.000
v -27.549 7.837 0.000
v -27.431 7.973 0.000
v -27.295 7.855 0.000
v -27.413 7.719 0.000
v -27.549 7.837 5.000
v -27.431 7.973 5.000
v -27.295 7.855 5.000
v -27.413 7.719 5.000
v -22.316 13.888 0.000
v -22.199 14.024 0.000
v -22.063 13.907 0.000
v -22.180 13.771 0.000
v -22.316 13.888 5.000
v -22.199 14.024 5.000
v -22.063 13.907 5.000
v -22.180 13.771 5.000
v -17.084 19.940 0.000
v -16.966 20.076 0.000
v -16.830 19.958 0.000
v -16.948 19.822 0.000
v -17.084 19.940 5.000
v -16.966 20.076 5.000
v -16.830 19.958 5.000
v -16.948 19.822 5.000
v -11.852 25.992 0.000
v -11.734 26.128 0.000
v -11.598 26.010 0.000
v -11.716 25.874 0.000
v -11.852 25.992 5.000
v -11.734 26.128 5.000
v -11.598 26.010 5.000
v -11.716 25.874 5.000
v -6.619 32.043 0.000
v -6.502 32.179 0.000
v -6.366 32.062 0.000
v -6.483 31.926 0.000
v -6.619 32.043 5.000
v -6.502 32.179 5.000
v -6.366 32.062 5.000
v -6.483 31.926 5.000
v -48.404 -16.315 1.200
v -6.546 32.098 1.200
v -6.440 32.007 1.200
v -48.298 -16.407 1.200
v -48.404 -16.315 1.340
v -6.546 32.098 1.340
v -6.440 32.007 1.340
v -48.298 -16.407 1.340
v -48.404 -16.315 2.400
v -6.546 32.098 2.400
v -6.440 32.007 2.400
v -48.298 -16.407 2.400
v -48.404 -16.315 2.540
v -6.546 32.098 2.540
v -6.440 32.007 2.540
v -48.298 -16.407 2.540
v -48.404 -16.315 3.600
v -6.546 32.098 3.600
v -6.440 32.007 3.600
v -48.298 -16.407 3.600
v -48.404 -16.315 3.740
v -6.546 32.098 3.740
v -6.440 32.007 3.740
v -48.298 -16.407 3.740
v -48.404 -16.315 4.850
v -6.546 32.098 4.850
v -6.440 32.007 4.850
v -48.298 -16.407 4.850
v -48.404 -16.315 4.990
v -6.546 32.098 4.990
v -6.440 32.007 4.990
v -48.298 -16.407 4.990
v -48.573 -16.288 0.000
v -48.455 -16.152 0.000
v -48.319 -16.270 0.000
v -48.437 -16.406 0.000
v -48.573 -16.288 5.000
v -48.455 -16.152 5.000
v -48.319 -16.270 5.000
v -48.437 -16.406 5.000
v -41.008 -22.829 0.000
v -40.890 -22.693 0.000
v -40.754 -22.810 0.000
v -40.872 -22.946 0.000
v -41.008 -22.829 5.000
v -40.890 -22.693 5.000
v -40.754 -22.810 5.000
v -40.872 -22.946 5.000
v -33.444 -29.369 0.000
v -33.326 -29.233 0.000
v -33.190 -29.351 0.000
v -33.307 -29.487 0.000
v -33.444 -29.369 5.000
v -33.326 -29.233 5.000
v -33.190 -29.351 5.000
v -33.307 -29.487 5.000
v -48.492 -16.332 1.200
v -48.400 -16.226 1.200
v -33.271 -29.307 1.200
v -33.362 -29.413 1.200
v -48.492 -16.332 1.340
v -48.400 -16.226 1.340
v -33.271 -29.307 1.340
v -33.362 -29.413 1.340
v -48.492 -16.332 2.400
v -48.400 -16.226 2.400
v -33.271 -29.307 2.400
v -33.362 -29.413 2.400
v -48.492 -16.332 2.540
v -48.400 -16.226 2.540
v -33.271 -29.307 2.540
v -33.362 -29.413 2.540
v -48.492 -16.332 3.600
v -48.400 -16.226 3.600
v -33.271 -29.307 3.600
v -33.362 -29.413 3.600
v -48.492 -16.332 3.740
v -48.400 -16.226 3.740
v -33.271 -29.307 3.740
v -33.362 -29.413 3.740
v -48.492 -16.332 4.850
v -48.400 -16.226 4.850
v -33.271 -29.307 4.850
v -33.362 -29.413 4.850
v -48.492 -16.332 4.990
v -48.400 -16.226 4.990
v -33.271 -29.307 4.990
v -33.362 -29.413 4.990
v -38.108 -4.185 0.000
v -37.990 -4.049 0.000
v -37.854 -4.167 0.000
v -37.972 -4.303 0.000
v -38.108 -4.185 5.000
v -37.990 -4.049 5.000
v -37.854 -4.167 5.000
v -37.972 -4.303 5.000
v -30.543 -10.725 0.000
v -30.426 -10.589 0.000
v -30.290 -10.707 0.000
v -30.407 -10.843 0.000
v -30.543 -10.725 5.000
v -30.426 -10.589 5.000
v -30.290 -10.707 5.000
v -30.407 -10.843 5.000
v -22.979 -17.266 0.000
v -22.861 -17.130 0.000
v -22.725 -17.247 0.000
v -22.843 -17.384 0.000
v -22.979 -17.266 5.000
v -22.861 -17.130 5.000
v -22.725 -17.247 5.000
v -22.843 -17.384 5.000
v -38.027 -4.229 1.200
v -37.935 -4.123 1.200
v -22.806 -17.204 1.200
v -22.898 -17.310 1.200
v -38.027 -4.229 1.340
v -37.935 -4.123 1.340
v -22.806 -17.204 1.340
v -22.898 -17.310 1.340
v -38.027 -4.229 2.400
v -37.935 -4.123 2.400
v -22.806 -17.204 2.400
v -22.898 -17.310 2.400
v -38.027 -4.229 2.540
v -37.935 -4.123 2.540
v -22.806 -17.204 2.540
v -22.898 -17.310 2.540
v -38.027 -4.229 3.600
v -37.935 -4.123 3.600
v -22.806 -17.204 3.600
v -22.898 -17.310 3.600
v -38.027 -4.229 3.740
v -37.935 -4.123 3.740
v -22.806 -17.204 3.740
v -22.898 -17.310 3.740
v -38.027 -4.229 4.850
v -37.935 -4.123 4.850
v -22.806 -17.204 4.850
v -22.898 -17.310 4.850
v -38.027 -4.229 4.990
v -37.935 -4.123 4.990
v -22.806 -17.204 4.990
v -22.898 -17.310 4.990
v -27.643 7.918 0.000
v -27.526 8.055 0.000
v -27.389 7.937 0.000
v -27.507 7.801 0.000
v -27.643 7.918 5.000
v -27.526 8.055 5.000
v -27.389 7.937 5.000
v -27.507 7.801 5.000
v -20.079 1.378 0.000
v -19.961 1.514 0.000
v -19.825 1.396 0.000
v -19.943 1.260 0.000
v -20.079 1.378 5.000
v -19.961 1.514 5.000
v -19.825 1.396 5.000
v -19.943 1.260 5.000
v -12.514 -5.162 0.000
v -12.396 -5.026 0.000
v -12.260 -5.144 0.000
v -12.378 -5.280 0.000
v -12.514 -5.162 5.000
v -12.396 -5.026 5.000
v -12.260 -5.144 5.000
v -12.378 -5.280 5.000
v -27.562 7.875 1.200
v -27.471 7.981 1.200
v -12.341 -5.100 1.200
v -12.433 -5.206 1.200
v -27.562 7.875 1.340
v -27.471 7.981 1.340
v -12.341 -5.100 1.340
v -12.433 -5.206 1.340
v -27.562 7.875 2.400
v -27.471 7.981 2.400
v -12.341 -5.100 2.400
v -12.433 -5.206 2.400
v -27.562 7.875 2.540
v -27.471 7.981 2.540
v -12.341 -5.100 2.540
v -12.433 -5.206 2.540
v -27.562 7.875 3.600
v -27.471 7.981 3.600
v -12.341 -5.100 3.600
v -12.433 -5.206 3.600
v -27.562 7.875 3.740
v -27.471 7.981 3.740
v -12.341 -5.100 3.740
v -12.433 -5.206 3.740
v -27.562 7.875 4.850
v -27.471 7.981 4.850
v -12.341 -5.100 4.850
v -12.433 -5.206 4.850
v -27.562 7.875 4.990
v -27.471 7.981 4.990
v -12.341 -5.100 4.990
v -12.433 -5.206 4.990
v -17.179 20.022 0.000
v -17.061 20.158 0.000
v -16.925 20.040 0.000
v -17.043 19.904 0.000
v -17.179 20.022 5.000
v -17.061 20.158 5.000
v -16.925 20.040 5.000
v -17.043 19.904 5.000
v -9.614 13.481 0.000
v -9.496 13.617 0.000
v -9.360 13.500 0.000
v -9.478 13.364 0.000
v -9.614 13.481 5.000
v -9.496 13.617 5.000
v -9.360 13.500 5.000
v -9.478 13.364 5.000
v -2.050 6.941 0.000
v -1.932 7.077 0.000
v -1.796 6.959 0.000
v -1.913 6.823 0.000
v -2.050 6.941 5.000
v -1.932 7.077 5.000
v -1.796 6.959 5.000
v -1.913 6.823 5.000
v -17.098 19.978 1.200
v -17.006 20.084 1.200
v -1.877 7.003 1.200
v -1.968 6.897 1.200
v -17.098 19.978 1.340
v -17.006 20.084 1.340
v -1.877 7.003 1.340
v -1.968 6.897 1.340
v -17.098 19.978 2.400
v -17.006 20.084 2.400
v -1.877 7.003 2.400
v -1.968 6.897 2.400
v -17.098 19.978 2.540
v -17.006 20.084 2.540
v -1.877 7.003 2.540
v -1.968 6.897 2.540
v -17.098 19.978 3.600
v -17.006 20.084 3.600
v -1.877 7.003 3.600
v -1.968 6.897 3.600
v -17.098 19.978 3.740
v -17.006 20.084 3.740
v -1.877 7.003 3.740
v -1.968 6.897 3.740
v -17.098 19.978 4.850
v -17.006 20.084 4.850
v -1.877 7.003 4.850
v -1.968 6.897 4.850
v -17.098 19.978 4.990
v -17.006 20.084 4.990
v -1.877 7.003 4.990
v -1.968 6.897 4.990
v -6.714 32.125 0.000
v -6.596 32.261 0.000
v -6.460 32.143 0.000
v -6.578 32.007 0.000
v -6.714 32.125 5.000
v -6.596 32.261 5.000
v -6.460 32.143 5.000
v -6.578 32.007 5.000
v 0.851 25.585 0.000
v 0.968 25.721 0.000
v 1.104 25.603 0.000
v 0.987 25.467 0.000
v 0.851 25.585 5.000
v 0.968 25.721 5.000
v 1.104 25.603 5.000
v 0.987 25.467 5.000
v 8.415 19.044 0.000
v 8.533 19.180 0.000
v 8.669 19.063 0.000
v 8.551 18.926 0.000
v 8.415 19.044 5.000
v 8.533 19.180 5.000
v 8.669 19.063 5.000
v 8.551 18.926 5.000
v -6.633 32.081 1.200
v -6.541 32.187 1.200
v 8.588 19.106 1.200
v 8.496 19.000 1.200
v -6.633 32.081 1.340
v -6.541 32.187 1.340
v 8.588 19.106 1.340
v 8.496 19.000 1.340
v -6.633 32.081 2.400
v -6.541 32.187 2.400
v 8.588 19.106 2.400
v 8.496 19.000 2.400
v -6.633 32.081 2.540
v -6.541 32.187 2.540
v 8.588 19.106 2.540
v 8.496 19.000 2.540
v -6.633 32.081 3.600
v -6.541 32.187 3.600
v 8.588 19.106 3.600
v 8.496 19.000 3.600
v -6.633 32.081 3.740
v -6.541 32.187 3.740
v 8.588 19.106 3.740
v 8.496 19.000 3.740
v -6.633 32.081 4.850
v -6.541 32.187 4.850
v 8.588 19.106 4.850
v 8.496 19.000 4.850
v -6.633 32.081 4.990
v -6.541 32.187 4.990
v 8.588 19.106 4.990
v 8.496 19.000 4.990
v -33.506 -29.196 0.000
v -33.179 -28.818 0.000
v -32.800 -29.145 0.000
v -33.127 -29.523 0.000
v -33.506 -29.196 10.751
v -33.179 -28.818 10.751
v -32.800 -29.145 10.751
v -33.127 -29.523 10.751
v -42.583 -21.348 0.000
v -42.256 -20.970 0.000
v -41.878 -21.297 0.000
v -42.205 -21.675 0.000
v -42.583 -21.348 11.751
v -42.256 -20.970 11.751
v -41.878 -21.297 11.751
v -42.205 -21.675 11.751
v -23.205 -17.282 0.000
v -22.878 -16.904 0.000
v -22.499 -17.231 0.000
v -22.826 -17.609 0.000
v -23.205 -17.282 10.830
v -22.878 -16.904 10.830
v -22.499 -17.231 10.830
v -22.826 -17.609 10.830
v -32.282 -9.434 0.000
v -31.955 -9.055 0.000
v -31.577 -9.383 0.000
v -31.904 -9.761 0.000
v -32.282 -9.434 11.830
v -31.955 -9.055 11.830
v -31.577 -9.383 11.830
v -31.904 -9.761 11.830
v -12.740 -5.179 0.000
v -12.413 -4.801 0.000
v -12.035 -5.128 0.000
v -12.362 -5.506 0.000
v -12.740 -5.179 10.910
v -12.413 -4.801 10.910
v -12.035 -5.128 10.910
v -12.362 -5.506 10.910
v -21.817 2.670 0.000
v -21.490 3.048 0.000
v -21.112 2.721 0.000
v -21.439 2.343 0.000
v -21.817 2.670 11.910
v -21.490 3.048 11.910
v -21.112 2.721 11.910
v -21.439 2.343 11.910
v -2.275 6.924 0.000
v -1.948 7.303 0.000
v -1.570 6.976 0.000
v -1.897 6.597 0.000
v -2.275 6.924 10.990
v -1.948 7.303 10.990
v -1.570 6.976 10.990
v -1.897 6.597 10.990
v -11.353 14.773 0.000
v -11.026 15.151 0.000
v -10.647 14.824 0.000
v -10.974 14.446 0.000
v -11.353 14.773 11.990
v -11.026 15.151 11.990
v -10.647 14.824 11.990
v -10.974 14.446 11.990
v 8.189 19.028 0.000
v 8.516 19.406 0.000
v 8.895 19.079 0.000
v 8.568 18.701 0.000
v 8.189 19.028 11.070
v 8.516 19.406 11.070
v 8.895 19.079 11.070
v 8.568 18.701 11.070
v -0.888 26.876 0.000
v -0.561 27.255 0.000
v -0.183 26.928 0.000
v -0.510 26.549 0.000
v -0.888 26.876 12.070
v -0.561 27.255 12.070
v -0.183 26.928 12.070
v -0.510 26.549 12.070
v 16.038 28.105 0.000
v 16.365 28.484 0.000
v 16.743 28.157 0.000
v 16.416 27.778 0.000
v 16.038 28.105 11.130
v 16.365 28.484 11.130
v 16.743 28.157 11.130
v 16.416 27.778 11.130
v 6.960 35.954 0.000
v 7.287 36.332 0.000
v 7.666 36.005 0.000
v 7.339 35.627 0.000
v 6.960 35.954 12.130
v 7.287 36.332 12.130
v 7.666 36.005 12.130
v 7.339 35.627 12.130
v 23.723 36.994 0.000
v 24.050 37.372 0.000
v 24.428 37.045 0.000
v 24.101 36.667 0.000
v 23.723 36.994 11.189
v 24.050 37.372 11.189
v 24.428 37.045 11.189
v 24.101 36.667 11.189
v 14.645 44.842 0.000
v 14.972 45.220 0.000
v 15.351 44.893 0.000
v 15.024 44.515 0.000
v 14.645 44.842 12.189
v 14.972 45.220 12.189
v 15.351 44.893 12.189
v 15.024 44.515 12.189
v -24.271 -37.299 0.000
v -24.154 -37.163 0.000
v -24.018 -37.281 0.000
v -24.135 -37.417 0.000
v -24.271 -37.299 5.000
v -24.154 -37.163 5.000
v -24.018 -37.281 5.000
v -24.135 -37.417 5.000
v -19.039 -31.248 0.000
v -18.921 -31.112 0.000
v -18.785 -31.229 0.000
v -18.903 -31.365 0.000
v -19.039 -31.248 5.000
v -18.921 -31.112 5.000
v -18.785 -31.229 5.000
v -18.903 -31.365 5.000
v -13.807 -25.196 0.000
v -13.689 -25.060 0.000
v -13.553 -25.178 0.000
v -13.671 -25.314 0.000
v -13.807 -25.196 5.000
v -13.689 -25.060 5.000
v -13.553 -25.178 5.000
v -13.671 -25.314 5.000
v -8.574 -19.144 0.000
v -8.457 -19.008 0.000
v -8.321 -19.126 0.000
v -8.438 -19.262 0.000
v -8.574 -19.144 5.000
v -8.457 -19.008 5.000
v -8.321 -19.126 5.000
v -8.438 -19.262 5.000
v -3.342 -13.093 0.000
v -3.224 -12.957 0.000
v -3.088 -13.074 0.000
v -3.206 -13.210 0.000
v -3.342 -13.093 5.000
v -3.224 -12.957 5.000
v -3.088 -13.074 5.000
v -3.206 -13.210 5.000
v 1.890 -7.041 0.000
v 2.008 -6.905 0.000
v 2.144 -7.023 0.000
v 2.026 -7.159 0.000
v 1.890 -7.041 5.000
v 2.008 -6.905 5.000
v 2.144 -7.023 5.000
v 2.026 -7.159 5.000
v 7.123 -0.989 0.000
v 7.240 -0.853 0.000
v 7.376 -0.971 0.000
v 7.259 -1.107 0.000
v 7.123 -0.989 5.000
v 7.240 -0.853 5.000
v 7.376 -0.971 5.000
v 7.259 -1.107 5.000
v 12.355 5.062 0.000
v 12.473 5.198 0.000
v 12.609 5.081 0.000
v 12.491 4.945 0.000
v 12.355 5.062 5.000
v 12.473 5.198 5.000
v 12.609 5.081 5.000
v 12.491 4.945 5.000
v 17.587 11.114 0.000
v 17.705 11.250 0.000
v 17.841 11.132 0.000
v 17.723 10.996 0.000
v 17.587 11.114 5.000
v 17.705 11.250 5.000
v 17.841 11.132 5.000
v 17.723 10.996 5.000
v -24.197 -37.244 1.200
v 17.661 11.169 1.200
v 17.767 11.077 1.200
v -24.092 -37.336 1.200
v -24.197 -37.244 1.340
v 17.661 11.169 1.340
v 17.767 11.077 1.340
v -24.092 -37.336 1.340
v -24.197 -37.244 2.400
v 17.661 11.169 2.400
v 17.767 11.077 2.400
v -24.092 -37.336 2.400
v -24.197 -37.244 2.540
v 17.661 11.169 2.540
v 17.767 11.077 2.540
v -24.092 -37.336 2.540
v -24.197 -37.244 3.600
v 17.661 11.169 3.600
v 17.767 11.077 3.600
v -24.092 -37.336 3.600
v -24.197 -37.244 3.740
v 17.661 11.169 3.740
v 17.767 11.077 3.740
v -24.092 -37.336 3.740
v -24.197 -37.244 4.850
v 17.661 11.169 4.850
v 17.767 11.077 4.850
v -24.092 -37.336 4.850
v -24.197 -37.244 4.990
v 17.661 11.169 4.990
v 17.767 11.077 4.990
v -24.092 -37.336 4.990
v -9.331 -50.217 0.000
v -9.214 -50.081 0.000
v -9.077 -50.198 0.000
v -9.195 -50.334 0.000
v -9.331 -50.217 5.000
v -9.214 -50.081 5.000
v -9.077 -50.198 5.000
v -9.195 -50.334 5.000
v -4.099 -44.165 0.000
v -3.981 -44.029 0.000
v -3.845 -44.147 0.000
v -3.963 -44.283 0.000
v -4.099 -44.165 5.000
v -3.981 -44.029 5.000
v -3.845 -44.147 5.000
v -3.963 -44.283 5.000
v 1.133 -38.113 0.000
v 1.251 -37.977 0.000
v 1.387 -38.095 0.000
v 1.269 -38.231 0.000
v 1.133 -38.113 5.000
v 1.251 -37.977 5.000
v 1.387 -38.095 5.000
v 1.269 -38.231 5.000
v 6.366 -32.062 0.000
v 6.483 -31.926 0.000
v 6.619 -32.043 0.000
v 6.502 -32.179 0.000
v 6.366 -32.062 5.000
v 6.483 -31.926 5.000
v 6.619 -32.043 5.000
v 6.502 -32.179 5.000
v 11.598 -26.010 0.000
v 11.716 -25.874 0.000
v 11.852 -25.992 0.000
v 11.734 -26.128 0.000
v 11.598 -26.010 5.000
v 11.716 -25.874 5.000
v 11.852 -25.992 5.000
v 11.734 -26.128 5.000
v 16.830 -19.958 0.000
v 16.948 -19.822 0.000
v 17.084 -19.940 0.000
v 16.966 -20.076 0.000
v 16.830 -19.958 5.000
v 16.948 -19.822 5.000
v 17.084 -19.940 5.000
v 16.966 -20.076 5.000
v 22.063 -13.907 0.000
v 22.180 -13.771 0.000
v 22.316 -13.888 0.000
v 22.199 -14.024 0.000
v 22.063 -13.907 5.000
v 22.180 -13.771 5.000
v 22.316 -13.888 5.000
v 22.199 -14.024 5.000
v 27.295 -7.855 0.000
v 27.413 -7.719 0.000
v 27.549 -7.837 0.000
v 27.431 -7.973 0.000
v 27.295 -7.855 5.000
v 27.413 -7.719 5.000
v 27.549 -7.837 5.000
v 27.431 -7.973 5.000
v 32.527 -1.803 0.000
v 32.645 -1.667 0.000
v 32.781 -1.785 0.000
v 32.663 -1.921 0.000
v 32.527 -1.803 5.000
v 32.645 -1.667 5.000
v 32.781 -1.785 5.000
v 32.663 -1.921 5.000
v -9.257 -50.162 1.200
v 32.601 -1.748 1.200
v 32.707 -1.840 1.200
v -9.151 -50.253 1.200
v -9.257 -50.162 1.340
v 32.601 -1.748 1.340
v 32.707 -1.840 1.340
v -9.151 -50.253 1.340
v -9.257 -50.162 2.400
v 32.601 -1.748 2.400
v 32.707 -1.840 2.400
v -9.151 -50.253 2.400
v -9.257 -50.162 2.540
v 32.601 -1.748 2.540
v 32.707 -1.840 2.540
v -9.151 -50.253 2.540
v -9.257 -50.162 3.600
v 32.601 -1.748 3.600
v 32.707 -1.840 3.600
v -9.151 -50.253 3.600
v -9.257 -50.162 3.740
v 32.601 -1.748 3.740
v 32.707 -1.840 3.740
v -9.151 -50.253 3.740
v -9.257 -50.162 4.850
v 32.601 -1.748 4.850
v 32.707 -1.840 4.850
v -9.151 -50.253 4.850
v -9.257 -50.162 4.990
v 32.601 -1.748 4.990
v 32.707 -1.840 4.990
v -9.151 -50.253 4.990
v -24.366 -37.218 0.000
v -24.248 -37.081 0.000
v -24.112 -37.199 0.000
v -24.230 -37.335 0.000
v -24.366 -37.218 5.000
v -24.248 -37.081 5.000
v -24.112 -37.199 5.000
v -24.230 -37.335 5.000
v -16.801 -43.758 0.000
v -16.684 -43.622 0.000
v -16.548 -43.740 0.000
v -16.665 -43.876 0.000
v -16.801 -43.758 5.000
v -16.684 -43.622 5.000
v -16.548 -43.740 5.000
v -16.665 -43.876 5.000
v -9.237 -50.298 0.000
v -9.119 -50.162 0.000
v -8.983 -50.280 0.000
v -9.101 -50.416 0.000
v -9.237 -50.298 5.000
v -9.119 -50.162 5.000
v -8.983 -50.280 5.000
v -9.101 -50.416 5.000
v -24.285 -37.261 1.200
v -24.193 -37.155 1.200
v -9.064 -50.236 1.200
v -9.156 -50.342 1.200
v -24.285 -37.261 1.340
v -24.193 -37.155 1.340
v -9.064 -50.236 1.340
v -9.156 -50.342 1.340
v -24.285 -37.261 2.400
v -24.193 -37.155 2.400
v -9.064 -50.236 2.400
v -9.156 -50.342 2.400
v -24.285 -37.261 2.540
v -24.193 -37.155 2.540
v -9.064 -50.236 2.540
v -9.156 -50.342 2.540
v -24.285 -37.261 3.600
v -24.193 -37.155 3.600
v -9.064 -50.236 3.600
v -9.156 -50.342 3.600
v -24.285 -37.261 3.740
v -24.193 -37.155 3.740
v -9.064 -50.236 3.740
v -9.156 -50.342 3.740
v -24.285 -37.261 4.850
v -24.193 -37.155 4.850
v -9.064 -50.236 4.850
v -9.156 -50.342 4.850
v -24.285 -37.261 4.990
v -24.193 -37.155 4.990
v -9.064 -50.236 4.990
v -9.156 -50.342 4.990
v -13.901 -25.114 0.000
v -13.784 -24.978 0.000
v -13.647 -25.096 0.000
v -13.765 -25.232 0.000
v -13.901 -25.114 5.000
v -13.784 -24.978 5.000
v -13.647 -25.096 5.000
v -13.765 -25.232 5.000
v -6.337 -31.655 0.000
v -6.219 -31.519 0.000
v -6.083 -31.636 0.000
v -6.201 -31.772 0.000
v -6.337 -31.655 5.000
v -6.219 -31.519 5.000
v -6.083 -31.636 5.000
v -6.201 -31.772 5.000
v 1.228 -38.195 0.000
v 1.346 -38.059 0.000
v 1.482 -38.177 0.000
v 1.364 -38.313 0.000
v 1.228 -38.195 5.000
v 1.346 -38.059 5.000
v 1.482 -38.177 5.000
v 1.364 -38.313 5.000
v -13.820 -25.158 1.200
v -13.729 -25.052 1.200
v 1.401 -38.133 1.200
v 1.309 -38.239 1.200
v -13.820 -25.158 1.340
v -13.729 -25.052 1.340
v 1.401 -38.133 1.340
v 1.309 -38.239 1.340
v -13.820 -25.158 2.400
v -13.729 -25.052 2.400
v 1.401 -38.133 2.400
v 1.309 -38.239 2.400
v -13.820 -25.158 2.540
v -13.729 -25.052 2.540
v 1.401 -38.133 2.540
v 1.309 -38.239 2.540
v -13.820 -25.158 3.600
v -13.729 -25.052 3.600
v 1.401 -38.133 3.600
v 1.309 -38.239 3.600
v -13.820 -25.158 3.740
v -13.729 -25.052 3.740
v 1.401 -38.133 3.740
v 1.309 -38.239 3.740
v -13.820 -25.158 4.850
v -13.729 -25.052 4.850
v 1.401 -38.133 4.850
v 1.309 -38.239 4.850
v -13.820 -25.158 4.990
v -13.729 -25.052 4.990
v 1.401 -38.133 4.990
v 1.309 -38.239 4.990
v -3.437 -13.011 0.000
v -3.319 -12.875 0.000
v -3.183 -12.993 0.000
v -3.301 -13.129 0.000
v -3.437 -13.011 5.000
v -3.319 -12.875 5.000
v -3.183 -12.993 5.000
v -3.301 -13.129 5.000
v 4.128 -19.551 0.000
v 4.246 -19.415 0.000
v 4.382 -19.533 0.000
v 4.264 -19.669 0.000
v 4.128 -19.551 5.000
v 4.246 -19.415 5.000
v 4.382 -19.533 5.000
v 4.264 -19.669 5.000
v 11.692 -26.092 0.000
v 11.810 -25.956 0.000
v 11.946 -26.073 0.000
v 11.829 -26.210 0.000
v 11.692 -26.092 5.000
v 11.810 -25.956 5.000
v 11.946 -26.073 5.000
v 11.829 -26.210 5.000
v -3.356 -13.055 1.200
v -3.264 -12.949 1.200
v 11.865 -26.030 1.200
v 11.774 -26.136 1.200
v -3.356 -13.055 1.340
v -3.264 -12.949 1.340
v 11.865 -26.030 1.340
v 11.774 -26.136 1.340
v -3.356 -13.055 2.400
v -3.264 -12.949 2.400
v 11.865 -26.030 2.400
v 11.774 -26.136 2.400
v -3.356 -13.055 2.540
v -3.264 -12.949 2.540
v 11.865 -26.030 2.540
v 11.774 -26.136 2.540
v -3.356 -13.055 3.600
v -3.264 -12.949 3.600
v 11.865 -26.030 3.600
v 11.774 -26.136 3.600
v -3.356 -13.055 3.740
v -3.264 -12.949 3.740
v 11.865 -26.030 3.740
v 11.774 -26.136 3.740
v -3.356 -13.055 4.850
v -3.264 -12.949 4.850
v 11.865 -26.030 4.850
v 11.774 -26.136 4.850
v -3.356 -13.055 4.990
v -3.264 -12.949 4.990
v 11.865 -26.030 4.990
v 11.774 -26.136 4.990
v 7.028 -0.908 0.000
v 7.146 -0.771 0.000
v 7.282 -0.889 0.000
v 7.164 -1.025 0.000
v 7.028 -0.908 5.000
v 7.146 -0.771 5.000
v 7.282 -0.889 5.000
v 7.164 -1.025 5.000
v 14.593 -7.448 0.000
v 14.710 -7.312 0.000
v 14.846 -7.430 0.000
v 14.729 -7.566 0.000
v 14.593 -7.448 5.000
v 14.710 -7.312 5.000
v 14.846 -7.430 5.000
v 14.729 -7.566 5.000
v 22.157 -13.988 0.000
v 22.275 -13.852 0.000
v 22.411 -13.970 0.000
v 22.293 -14.106 0.000
v 22.157 -13.988 5.000
v 22.275 -13.852 5.000
v 22.411 -13.970 5.000
v 22.293 -14.106 5.000
v 7.109 -0.951 1.200
v 7.201 -0.845 1.200
v 22.330 -13.926 1.200
v 22.238 -14.032 1.200
v 7.109 -0.951 1.340
v 7.201 -0.845 1.340
v 22.330 -13.926 1.340
v 22.238 -14.032 1.340
v 7.109 -0.951 2.400
v 7.201 -0.845 2.400
v 22.330 -13.926 2.400
v 22.238 -14.032 2.400
v 7.109 -0.951 2.540
v 7.201 -0.845 2.540
v 22.330 -13.926 2.540
v 22.238 -14.032 2.540
v 7.109 -0.951 3.600
v 7.201 -0.845 3.600
v 22.330 -13.926 3.600
v 22.238 -14.032 3.600
v 7.109 -0.951 3.740
v 7.201 -0.845 3.740
v 22.330 -13.926 3.740
v 22.238 -14.032 3.740
v 7.109 -0.951 4.850
v 7.201 -0.845 4.850
v 22.330 -13.926 4.850
v 22.238 -14.032 4.850
v 7.109 -0.951 4.990
v 7.201 -0.845 4.990
v 22.330 -13.926 4.990
v 22.238 -14.032 4.990
v 17.493 11.196 0.000
v 17.610 11.332 0.000
v 17.747 11.214 0.000
v 17.629 11.078 0.000
v 17.493 11.196 5.000
v 17.610 11.332 5.000
v 17.747 11.214 5.000
v 17.629 11.078 5.000
v 25.057 4.655 0.000
v 25.175 4.791 0.000
v 25.311 4.674 0.000
v 25.193 4.538 0.000
v 25.057 4.655 5.000
v 25.175 4.791 5.000
v 25.311 4.674 5.000
v 25.193 4.538 5.000
v 32.622 -1.885 0.000
v 32.740 -1.749 0.000
v 32.876 -1.867 0.000
v 32.758 -2.003 0.000
v 32.622 -1.885 5.000
v 32.740 -1.749 5.000
v 32.876 -1.867 5.000
v 32.758 -2.003 5.000
v 17.574 11.152 1.200
v 17.665 11.258 1.200
v 32.795 -1.823 1.200
v 32.703 -1.929 1.200
v 17.574 11.152 1.340
v 17.665 11.258 1.340
v 32.795 -1.823 1.340
v 32.703 -1.929 1.340
v 17.574 11.152 2.400
v 17.665 11.258 2.400
v 32.795 -1.823 2.400
v 32.703 -1.929 2.400
v 17.574 11.152 2.540
v 17.665 11.258 2.540
v 32.795 -1.823 2.540
v 32.703 -1.929 2.540
v 17.574 11.152 3.600
v 17.665 11.258 3.600
v 32.795 -1.823 3.600
v 32.703 -1.929 3.600
v 17.574 11.152 3.740
v 17.665 11.258 3.740
v 32.795 -1.823 3.740
v 32.703 -1.929 3.740
v 17.574 11.152 4.850
v 17.665 11.258 4.850
v 32.795 -1.823 4.850
v 32.703 -1.929 4.850
v 17.574 11.152 4.990
v 17.665 11.258 4.990
v 32.795 -1.823 4.990
v 32.703 -1.929 4.990
v -24.428 -37.045 0.000
v -24.101 -36.667 0.000
v -23.723 -36.994 0.000
v -24.050 -37.372 0.000
v -24.428 -37.045 10.751
v -24.101 -36.667 10.751
v -23.723 -36.994 10.751
v -24.050 -37.372 10.751
v -15.351 -44.893 0.000
v -15.024 -44.515 0.000
v -14.645 -44.842 0.000
v -14.972 -45.220 0.000
v -15.351 -44.893 11.751
v -15.024 -44.515 11.751
v -14.645 -44.842 11.751
v -14.972 -45.220 11.751
v -14.127 -25.131 0.000
v -13.800 -24.752 0.000
v -13.422 -25.079 0.000
v -13.749 -25.458 0.000
v -14.127 -25.131 10.830
v -13.800 -24.752 10.830
v -13.422 -25.079 10.830
v -13.749 -25.458 10.830
v -5.050 -32.979 0.000
v -4.722 -32.601 0.000
v -4.344 -32.928 0.000
v -4.671 -33.306 0.000
v -5.050 -32.979 11.830
v -4.722 -32.601 11.830
v -4.344 -32.928 11.830
v -4.671 -33.306 11.830
v -3.662 -13.027 0.000
v -3.335 -12.649 0.000
v -2.957 -12.976 0.000
v -3.284 -13.354 0.000
v -3.662 -13.027 10.910
v -3.335 -12.649 10.910
v -2.957 -12.976 10.910
v -3.284 -13.354 10.910
v 5.415 -20.876 0.000
v 5.742 -20.498 0.000
v 6.120 -20.825 0.000
v 5.793 -21.203 0.000
v 5.415 -20.876 11.910
v 5.742 -20.498 11.910
v 6.120 -20.825 11.910
v 5.793 -21.203 11.910
v 6.802 -0.924 0.000
v 7.129 -0.546 0.000
v 7.508 -0.873 0.000
v 7.181 -1.251 0.000
v 6.802 -0.924 10.990
v 7.129 -0.546 10.990
v 7.508 -0.873 10.990
v 7.181 -1.251 10.990
v 15.880 -8.773 0.000
v 16.207 -8.394 0.000
v 16.585 -8.721 0.000
v 16.258 -9.100 0.000
v 15.880 -8.773 11.990
v 16.207 -8.394 11.990
v 16.585 -8.721 11.990
v 16.258 -9.100 11.990
v 17.267 11.179 0.000
v 17.594 11.558 0.000
v 17.972 11.231 0.000
v 17.645 10.852 0.000
v 17.267 11.179 11.070
v 17.594 11.558 11.070
v 17.972 11.231 11.070
v 17.645 10.852 11.070
v 26.344 3.331 0.000
v 26.671 3.709 0.000
v 27.050 3.382 0.000
v 26.723 3.004 0.000
v 26.344 3.331 12.070
v 26.671 3.709 12.070
v 27.050 3.382 12.070
v 26.723 3.004 12.070
v 25.115 20.257 0.000
v 25.442 20.635 0.000
v 25.821 20.308 0.000
v 25.494 19.930 0.000
v 25.115 20.257 11.130
v 25.442 20.635 11.130
v 25.821 20.308 11.130
v 25.494 19.930 11.130
v 34.193 12.408 0.000
v 34.520 12.787 0.000
v 34.898 12.460 0.000
v 34.571 12.081 0.000
v 34.193 12.408 12.130
v 34.520 12.787 12.130
v 34.898 12.460 12.130
v 34.571 12.081 12.130
v 32.800 29.145 0.000
v 33.127 29.523 0.000
v 33.506 29.196 0.000
v 33.179 28.818 0.000
v 32.800 29.145 11.189
v 33.127 29.523 11.189
v 33.506 29.196 11.189
v 33.179 28.818 11.189
v 41.878 21.297 0.000
v 42.205 21.675 0.000
v 42.583 21.348 0.000
v 42.256 20.970 0.000
v 41.878 21.297 12.189
v 42.205 21.675 12.189
v 42.583 21.348 12.189
v 42.256 20.970 12.189
v -24.704 -16.647 0.000
v -23.723 -15.512 0.000
v -22.588 -16.493 0.000
v -23.569 -17.628 0.000
v -24.704 -16.647 3.000
v -23.723 -15.512 3.000
v -22.588 -16.493 3.000
v -23.569 -17.628 3.000
v -14.038 -25.869 0.000
v -13.057 -24.734 0.000
v -11.922 -25.715 0.000
v -12.903 -26.850 0.000
v -14.038 -25.869 3.000
v -13.057 -24.734 3.000
v -11.922 -25.715 3.000
v -12.903 -26.850 3.000
v -3.775 7.560 0.000
v -2.794 8.695 0.000
v -1.659 7.714 0.000
v -2.640 6.579 0.000
v -3.775 7.560 3.000
v -2.794 8.695 3.000
v -1.659 7.714 3.000
v -2.640 6.579 3.000
v 6.891 -1.662 0.000
v 7.872 -0.527 0.000
v 9.007 -1.508 0.000
v 8.026 -2.643 0.000
v 6.891 -1.662 3.000
v 7.872 -0.527 3.000
v 9.007 -1.508 3.000
v 8.026 -2.643 3.000
v -43.702 -23.024 11.740
v 16.470 46.570 12.200
v 30.086 34.797 10.700
v -30.086 -34.797 10.240
v -30.086 -34.797 10.240
v 30.086 34.797 10.700
v 43.702 23.024 12.200
v -16.470 -46.570 11.740
v -43.702 -23.024 11.990
v 16.470 46.570 12.450
v 30.086 34.797 10.950
v -30.086 -34.797 10.490
v -30.086 -34.797 10.490
v 30.086 34.797 10.950
v 43.702 23.024 12.450
v -16.470 -46.570 11.990
v -0.662 26.893 0.000
v -0.545 27.029 0.000
v -0.408 26.911 0.000
v -0.526 26.775 0.000
v -0.662 26.893 5.000
v -0.545 27.029 5.000
v -0.408 26.911 5.000
v -0.526 26.775 5.000
v 3.876 22.968 0.000
v 3.994 23.105 0.000
v 4.130 22.987 0.000
v 4.013 22.851 0.000
v 3.876 22.968 5.000
v 3.994 23.105 5.000
v 4.130 22.987 5.000
v 4.013 22.851 5.000
v 8.415 19.044 0.000
v 8.533 19.180 0.000
v 8.669 19.063 0.000
v 8.551 18.926 0.000
v 8.415 19.044 5.000
v 8.533 19.180 5.000
v 8.669 19.063 5.000
v 8.551 18.926 5.000
v -0.581 26.849 1.200
v -0.490 26.955 1.200
v 8.588 19.106 1.200
v 8.496 19.000 1.200
v -0.581 26.849 1.340
v -0.490 26.955 1.340
v 8.588 19.106 1.340
v 8.496 19.000 1.340
v -0.581 26.849 2.400
v -0.490 26.955 2.400
v 8.588 19.106 2.400
v 8.496 19.000 2.400
v -0.581 26.849 2.540
v -0.490 26.955 2.540
v 8.588 19.106 2.540
v 8.496 19.000 2.540
v -0.581 26.849 3.600
v -0.490 26.955 3.600
v 8.588 19.106 3.600
v 8.496 19.000 3.600
v -0.581 26.849 3.740
v -0.490 26.955 3.740
v 8.588 19.106 3.740
v 8.496 19.000 3.740
v -0.581 26.849 4.850
v -0.490 26.955 4.850
v 8.588 19.106 4.850
v 8.496 19.000 4.850
v -0.581 26.849 4.990
v -0.490 26.955 4.990
v 8.588 19.106 4.990
v 8.496 19.000 4.990
v 8.321 19.126 0.000
v 8.438 19.262 0.000
v 8.574 19.144 0.000
v 8.457 19.008 0.000
v 8.321 19.126 5.000
v 8.438 19.262 5.000
v 8.574 19.144 5.000
v 8.457 19.008 5.000
v 13.553 25.178 0.000
v 13.671 25.314 0.000
v 13.807 25.196 0.000
v 13.689 25.060 0.000
v 13.553 25.178 5.000
v 13.671 25.314 5.000
v 13.807 25.196 5.000
v 13.689 25.060 5.000
v 18.785 31.229 0.000
v 18.903 31.365 0.000
v 19.039 31.248 0.000
v 18.921 31.112 0.000
v 18.785 31.229 5.000
v 18.903 31.365 5.000
v 19.039 31.248 5.000
v 18.921 31.112 5.000
v 24.018 37.281 0.000
v 24.135 37.417 0.000
v 24.271 37.299 0.000
v 24.154 37.163 0.000
v 24.018 37.281 5.000
v 24.135 37.417 5.000
v 24.271 37.299 5.000
v 24.154 37.163 5.000
v 8.395 19.181 1.200
v 24.092 37.336 1.200
v 24.197 37.244 1.200
v 8.500 19.089 1.200
v 8.395 19.181 1.340
v 24.092 37.336 1.340
v 24.197 37.244 1.340
v 8.500 19.089 1.340
v 8.395 19.181 2.400
v 24.092 37.336 2.400
v 24.197 37.244 2.400
v 8.500 19.089 2.400
v 8.395 19.181 2.540
v 24.092 37.336 2.540
v 24.197 37.244 2.540
v 8.500 19.089 2.540
v 8.395 19.181 3.600
v 24.092 37.336 3.600
v 24.197 37.244 3.600
v 8.500 19.089 3.600
v 8.395 19.181 3.740
v 24.092 37.336 3.740
v 24.197 37.244 3.740
v 8.500 19.089 3.740
v 8.395 19.181 4.850
v 24.092 37.336 4.850
v 24.197 37.244 4.850
v 8.500 19.089 4.850
v 8.395 19.181 4.990
v 24.092 37.336 4.990
v 24.197 37.244 4.990
v 8.500 19.089 4.990
v -0.568 26.811 0.000
v -0.450 26.947 0.000
v -0.314 26.829 0.000
v -0.432 26.693 0.000
v -0.568 26.811 5.000
v -0.450 26.947 5.000
v -0.314 26.829 5.000
v -0.432 26.693 5.000
v 4.665 32.863 0.000
v 4.782 32.999 0.000
v 4.918 32.881 0.000
v 4.801 32.745 0.000
v 4.665 32.863 5.000
v 4.782 32.999 5.000
v 4.918 32.881 5.000
v 4.801 32.745 5.000
v 9.897 38.914 0.000
v 10.015 39.050 0.000
v 10.151 38.933 0.000
v 10.033 38.797 0.000
v 9.897 38.914 5.000
v 10.015 39.050 5.000
v 10.151 38.933 5.000
v 10.033 38.797 5.000
v 15.129 44.966 0.000
v 15.247 45.102 0.000
v 15.383 44.984 0.000
v 15.265 44.848 0.000
v 15.129 44.966 5.000
v 15.247 45.102 5.000
v 15.383 44.984 5.000
v 15.265 44.848 5.000
v -0.494 26.866 1.200
v 15.203 45.021 1.200
v 15.309 44.929 1.200
v -0.388 26.774 1.200
v -0.494 26.866 1.340
v 15.203 45.021 1.340
v 15.309 44.929 1.340
v -0.388 26.774 1.340
v -0.494 26.866 2.400
v 15.203 45.021 2.400
v 15.309 44.929 2.400
v -0.388 26.774 2.400
v -0.494 26.866 2.540
v 15.203 45.021 2.540
v 15.309 44.929 2.540
v -0.388 26.774 2.540
v -0.494 26.866 3.600
v 15.203 45.021 3.600
v 15.309 44.929 3.600
v -0.388 26.774 3.600
v -0.494 26.866 3.740
v 15.203 45.021 3.740
v 15.309 44.929 3.740
v -0.388 26.774 3.740
v -0.494 26.866 4.850
v 15.203 45.021 4.850
v 15.309 44.929 4.850
v -0.388 26.774 4.850
v -0.494 26.866 4.990
v 15.203 45.021 4.990
v 15.309 44.929 4.990
v -0.388 26.774 4.990
v 14.953 44.953 0.000
v 15.071 45.089 0.000
v 15.207 44.972 0.000
v 15.089 44.835 0.000
v 14.953 44.953 5.000
v 15.071 45.089 5.000
v 15.207 44.972 5.000
v 15.089 44.835 5.000
v 21.005 39.721 0.000
v 21.122 39.857 0.000
v 21.258 39.739 0.000
v 21.141 39.603 0.000
v 21.005 39.721 5.000
v 21.122 39.857 5.000
v 21.258 39.739 5.000
v 21.141 39.603 5.000
v 15.034 44.909 1.200
v 15.126 45.015 1.200
v 21.177 39.783 1.200
v 21.086 39.677 1.200
v 15.034 44.909 1.340
v 15.126 45.015 1.340
v 21.177 39.783 1.340
v 21.086 39.677 1.340
v 15.034 44.909 2.400
v 15.126 45.015 2.400
v 21.177 39.783 2.400
v 21.086 39.677 2.400
v 15.034 44.909 2.540
v 15.126 45.015 2.540
v 21.177 39.783 2.540
v 21.086 39.677 2.540
v 15.034 44.909 3.600
v 15.126 45.015 3.600
v 21.177 39.783 3.600
v 21.086 39.677 3.600
v 15.034 44.909 3.740
v 15.126 45.015 3.740
v 21.177 39.783 3.740
v 21.086 39.677 3.740
v 15.034 44.909 4.850
v 15.126 45.015 4.850
v 21.177 39.783 4.850
v 21.086 39.677 4.850
v 15.034 44.909 4.990
v 15.126 45.015 4.990
v 21.177 39.783 4.990
v 21.086 39.677 4.990
v 1.253 26.677 0.400
v 15.642 43.319 0.400
v 22.829 37.106 0.400
v 8.440 20.464 0.400
v 1.253 26.677 7.500
v 15.642 43.319 7.500
v 22.829 37.106 7.500
v 8.440 20.464 7.500
v 17.493 11.196 0.000
v 17.610 11.332 0.000
v 17.747 11.214 0.000
v 17.629 11.078 0.000
v 17.493 11.196 5.000
v 17.610 11.332 5.000
v 17.747 11.214 5.000
v 17.629 11.078 5.000
v 22.031 7.271 0.000
v 22.149 7.408 0.000
v 22.285 7.290 0.000
v 22.168 7.154 0.000
v 22.031 7.271 5.000
v 22.149 7.408 5.000
v 22.285 7.290 5.000
v 22.168 7.154 5.000
v 26.570 3.347 0.000
v 26.688 3.483 0.000
v 26.824 3.366 0.000
v 26.706 3.229 0.000
v 26.570 3.347 5.000
v 26.688 3.483 5.000
v 26.824 3.366 5.000
v 26.706 3.229 5.000
v 17.574 11.152 1.200
v 17.665 11.258 1.200
v 26.743 3.409 1.200
v 26.651 3.303 1.200
v 17.574 11.152 1.340
v 17.665 11.258 1.340
v 26.743 3.409 1.340
v 26.651 3.303 1.340
v 17.574 11.152 2.400
v 17.665 11.258 2.400
v 26.743 3.409 2.400
v 26.651 3.303 2.400
v 17.574 11.152 2.540
v 17.665 11.258 2.540
v 26.743 3.409 2.540
v 26.651 3.303 2.540
v 17.574 11.152 3.600
v 17.665 11.258 3.600
v 26.743 3.409 3.600
v 26.651 3.303 3.600
v 17.574 11.152 3.740
v 17.665 11.258 3.740
v 26.743 3.409 3.740
v 26.651 3.303 3.740
v 17.574 11.152 4.850
v 17.665 11.258 4.850
v 26.743 3.409 4.850
v 26.651 3.303 4.850
v 17.574 11.152 4.990
v 17.665 11.258 4.990
v 26.743 3.409 4.990
v 26.651 3.303 4.990
v 17.587 11.114 0.000
v 17.705 11.250 0.000
v 17.841 11.132 0.000
v 17.723 10.996 0.000
v 17.587 11.114 5.000
v 17.705 11.250 5.000
v 17.841 11.132 5.000
v 17.723 10.996 5.000
v 22.820 17.166 0.000
v 22.937 17.302 0.000
v 23.073 17.184 0.000
v 22.956 17.048 0.000
v 22.820 17.166 5.000
v 22.937 17.302 5.000
v 23.073 17.184 5.000
v 22.956 17.048 5.000
v 28.052 23.217 0.000
v 28.170 23.353 0.000
v 28.306 23.236 0.000
v 28.188 23.100 0.000
v 28.052 23.217 5.000
v 28.170 23.353 5.000
v 28.306 23.236 5.000
v 28.188 23.100 5.000
v 33.284 29.269 0.000
v 33.402 29.405 0.000
v 33.538 29.287 0.000
v 33.420 29.151 0.000
v 33.284 29.269 5.000
v 33.402 29.405 5.000
v 33.538 29.287 5.000
v 33.420 29.151 5.000
v 17.661 11.169 1.200
v 33.358 29.324 1.200
v 33.464 29.232 1.200
v 17.767 11.077 1.200
v 17.661 11.169 1.340
v 33.358 29.324 1.340
v 33.464 29.232 1.340
v 17.767 11.077 1.340
v 17.661 11.169 2.400
v 33.358 29.324 2.400
v 33.464 29.232 2.400
v 17.767 11.077 2.400
v 17.661 11.169 2.540
v 33.358 29.324 2.540
v 33.464 29.232 2.540
v 17.767 11.077 2.540
v 17.661 11.169 3.600
v 33.358 29.324 3.600
v 33.464 29.232 3.600
v 17.767 11.077 3.600
v 17.661 11.169 3.740
v 33.358 29.324 3.740
v 33.464 29.232 3.740
v 17.767 11.077 3.740
v 17.661 11.169 4.850
v 33.358 29.324 4.850
v 33.464 29.232 4.850
v 17.767 11.077 4.850
v 17.661 11.169 4.990
v 33.358 29.324 4.990
v 33.464 29.232 4.990
v 17.767 11.077 4.990
v 26.476 3.429 0.000
v 26.593 3.565 0.000
v 26.729 3.447 0.000
v 26.612 3.311 0.000
v 26.476 3.429 5.000
v 26.593 3.565 5.000
v 26.729 3.447 5.000
v 26.612 3.311 5.000
v 31.708 9.481 0.000
v 31.826 9.617 0.000
v 31.962 9.499 0.000
v 31.844 9.363 0.000
v 31.708 9.481 5.000
v 31.826 9.617 5.000
v 31.962 9.499 5.000
v 31.844 9.363 5.000
v 36.940 15.532 0.000
v 37.058 15.668 0.000
v 37.194 15.551 0.000
v 37.076 15.415 0.000
v 36.940 15.532 5.000
v 37.058 15.668 5.000
v 37.194 15.551 5.000
v 37.076 15.415 5.000
v 42.173 21.584 0.000
v 42.290 21.720 0.000
v 42.426 21.602 0.000
v 42.309 21.466 0.000
v 42.173 21.584 5.000
v 42.290 21.720 5.000
v 42.426 21.602 5.000
v 42.309 21.466 5.000
v 26.550 3.484 1.200
v 42.247 21.639 1.200
v 42.352 21.547 1.200
v 26.655 3.392 1.200
v 26.550 3.484 1.340
v 42.247 21.639 1.340
v 42.352 21.547 1.340
v 26.655 3.392 1.340
v 26.550 3.484 2.400
v 42.247 21.639 2.400
v 42.352 21.547 2.400
v 26.655 3.392 2.400
v 26.550 3.484 2.540
v 42.247 21.639 2.540
v 42.352 21.547 2.540
v 26.655 3.392 2.540
v 26.550 3.484 3.600
v 42.247 21.639 3.600
v 42.352 21.547 3.600
v 26.655 3.392 3.600
v 26.550 3.484 3.740
v 42.247 21.639 3.740
v 42.352 21.547 3.740
v 26.655 3.392 3.740
v 26.550 3.484 4.850
v 42.247 21.639 4.850
v 42.352 21.547 4.850
v 26.655 3.392 4.850
v 26.550 3.484 4.990
v 42.247 21.639 4.990
v 42.352 21.547 4.990
v 26.655 3.392 4.990
v 36.134 26.640 0.000
v 36.251 26.776 0.000
v 36.388 26.658 0.000
v 36.270 26.522 0.000
v 36.134 26.640 5.000
v 36.251 26.776 5.000
v 36.388 26.658 5.000
v 36.270 26.522 5.000
v 42.185 21.408 0.000
v 42.303 21.544 0.000
v 42.439 21.426 0.000
v 42.322 21.290 0.000
v 42.185 21.408 5.000
v 42.303 21.544 5.000
v 42.439 21.426 5.000
v 42.322 21.290 5.000
v 36.215 26.596 1.200
v 36.306 26.702 1.200
v 42.358 21.470 1.200
v 42.267 21.364 1.200
v 36.215 26.596 1.340
v 36.306 26.702 1.340
v 42.358 21.470 1.340
v 42.267 21.364 1.340
v 36.215 26.596 2.400
v 36.306 26.702 2.400
v 42.358 21.470 2.400
v 42.267 21.364 2.400
v 36.215 26.596 2.540
v 36.306 26.702 2.540
v 42.358 21.470 2.540
v 42.267 21.364 2.540
v 36.215 26.596 3.600
v 36.306 26.702 3.600
v 42.358 21.470 3.600
v 42.267 21.364 3.600
v 36.215 26.596 3.740
v 36.306 26.702 3.740
v 42.358 21.470 3.740
v 42.267 21.364 3.740
v 36.215 26.596 4.850
v 36.306 26.702 4.850
v 42.358 21.470 4.850
v 42.267 21.364 4.850
v 36.215 26.596 4.990
v 36.306 26.702 4.990
v 42.358 21.470 4.990
v 42.267 21.364 4.990
v 19.030 11.307 0.400
v 33.419 27.949 0.400
v 40.605 21.736 0.400
v 26.216 5.094 0.400
v 19.030 11.307 7.500
v 33.419 27.949 7.500
v 40.605 21.736 7.500
v 26.216 5.094 7.500
v -30.540 -34.405 9.640
v 29.632 35.190 9.640
v 30.540 34.405 9.640
v -29.632 -35.190 9.640
v -30.540 -34.405 10.240
v 29.632 35.190 10.240
v 30.540 34.405 10.240
v -29.632 -35.190 10.240
v -32.702 -37.823 0.000
v -32.008 -38.603 0.000
v -32.008 -38.603 1.750
v -32.702 -37.823 1.750
v -32.918 -39.221 0.000
v -33.422 -38.655 0.000
v -33.422 -38.655 1.750
v -32.918 -39.221 1.750
v -33.422 -38.655 1.750
v -32.702 -37.823 1.750
v -32.008 -38.603 1.750
v -32.918 -39.221 1.750
v -32.008 -38.603 0.000
v -31.540 -39.536 0.000
v -31.540 -39.536 1.750
v -32.008 -38.603 1.750
v -32.579 -39.897 0.000
v -32.918 -39.221 0.000
v -32.918 -39.221 1.750
v -32.579 -39.897 1.750
v -32.918 -39.221 1.750
v -32.008 -38.603 1.750
v -31.540 -39.536 1.750
v -32.579 -39.897 1.750
v -31.540 -39.536 0.000
v -31.329 -40.559 0.000
v -31.329 -40.559 1.750
v -31.540 -39.536 1.750
v -32.426 -40.639 0.000
v -32.579 -39.897 0.000
v -32.579 -39.897 1.750
v -32.426 -40.639 1.750
v -32.579 -39.897 1.750
v -31.540 -39.536 1.750
v -31.329 -40.559 1.750
v -32.426 -40.639 1.750
v -31.329 -40.559 0.000
v -31.390 -41.602 0.000
v -31.390 -41.602 1.750
v -31.329 -40.559 1.750
v -32.470 -41.395 0.000
v -32.426 -40.639 0.000
v -32.426 -40.639 1.750
v -32.470 -41.395 1.750
v -32.426 -40.639 1.750
v -31.329 -40.559 1.750
v -31.390 -41.602 1.750
v -32.470 -41.395 1.750
v -31.390 -41.602 0.000
v -31.718 -42.593 0.000
v -31.718 -42.593 1.750
v -31.390 -41.602 1.750
v -32.708 -42.113 0.000
v -32.470 -41.395 0.000
v -32.470 -41.395 1.750
v -32.708 -42.113 1.750
v -32.470 -41.395 1.750
v -31.390 -41.602 1.750
v -31.718 -42.593 1.750
v -32.708 -42.113 1.750
v -31.718 -42.593 0.000
v -32.292 -43.465 0.000
v -32.292 -43.465 1.750
v -31.718 -42.593 1.750
v -33.124 -42.746 0.000
v -32.708 -42.113 0.000
v -32.708 -42.113 1.750
v -33.124 -42.746 1.750
v -32.708 -42.113 1.750
v -31.718 -42.593 1.750
v -32.292 -43.465 1.750
v -33.124 -42.746 1.750
v -32.292 -43.465 0.000
v -33.073 -44.159 0.000
v -33.073 -44.159 1.750
v -32.292 -43.465 1.750
v -33.690 -43.249 0.000
v -33.124 -42.746 0.000
v -33.124 -42.746 1.750
v -33.690 -43.249 1.750
v -33.124 -42.746 1.750
v -32.292 -43.465 1.750
v -33.073 -44.159 1.750
v -33.690 -43.249 1.750
v -33.073 -44.159 0.000
v -34.006 -44.627 0.000
v -34.006 -44.627 1.750
v -33.073 -44.159 1.750
v -34.367 -43.588 0.000
v -33.690 -43.249 0.000
v -33.690 -43.249 1.750
v -34.367 -43.588 1.750
v -33.690 -43.249 1.750
v -33.073 -44.159 1.750
v -34.006 -44.627 1.750
v -34.367 -43.588 1.750
v -34.006 -44.627 0.000
v -35.029 -44.838 0.000
v -35.029 -44.838 1.750
v -34.006 -44.627 1.750
v -35.108 -43.741 0.000
v -34.367 -43.588 0.000
v -34.367 -43.588 1.750
v -35.108 -43.741 1.750
v -34.367 -43.588 1.750
v -34.006 -44.627 1.750
v -35.029 -44.838 1.750
v -35.108 -43.741 1.750
v -35.029 -44.838 0.000
v -36.071 -44.777 0.000
v -36.071 -44.777 1.750
v -35.029 -44.838 1.750
v -35.864 -43.697 0.000
v -35.108 -43.741 0.000
v -35.108 -43.741 1.750
v -35.864 -43.697 1.750
v -35.108 -43.741 1.750
v -35.029 -44.838 1.750
v -36.071 -44.777 1.750
v -35.864 -43.697 1.750
v -36.071 -44.777 0.000
v -37.062 -44.449 0.000
v -37.062 -44.449 1.750
v -36.071 -44.777 1.750
v -36.583 -43.459 0.000
v -35.864 -43.697 0.000
v -35.864 -43.697 1.750
v -36.583 -43.459 1.750
v -35.864 -43.697 1.750
v -36.071 -44.777 1.750
v -37.062 -44.449 1.750
v -36.583 -43.459 1.750
v -37.062 -44.449 0.000
v -37.934 -43.875 0.000
v -37.934 -43.875 1.750
v -37.062 -44.449 1.750
v -37.215 -43.043 0.000
v -36.583 -43.459 0.000
v -36.583 -43.459 1.750
v -37.215 -43.043 1.750
v -36.583 -43.459 1.750
v -37.062 -44.449 1.750
v -37.934 -43.875 1.750
v -37.215 -43.043 1.750
v -37.934 -43.875 0.000
v -38.628 -43.094 0.000
v -38.628 -43.094 1.750
v -37.934 -43.875 1.750
v -37.718 -42.477 0.000
v -37.215 -43.043 0.000
v -37.215 -43.043 1.750
v -37.718 -42.477 1.750
v -37.215 -43.043 1.750
v -37.934 -43.875 1.750
v -38.628 -43.094 1.750
v -37.718 -42.477 1.750
v -38.628 -43.094 0.000
v -39.097 -42.161 0.000
v -39.097 -42.161 1.750
v -38.628 -43.094 1.750
v -38.058 -41.800 0.000
v -37.718 -42.477 0.000
v -37.718 -42.477 1.750
v -38.058 -41.800 1.750
v -37.718 -42.477 1.750
v -38.628 -43.094 1.750
v -39.097 -42.161 1.750
v -38.058 -41.800 1.750
v -39.097 -42.161 0.000
v -39.308 -41.138 0.000
v -39.308 -41.138 1.750
v -39.097 -42.161 1.750
v -38.211 -41.059 0.000
v -38.058 -41.800 0.000
v -38.058 -41.800 1.750
v -38.211 -41.059 1.750
v -38.058 -41.800 1.750
v -39.097 -42.161 1.750
v -39.308 -41.138 1.750
v -38.211 -41.059 1.750
v -39.308 -41.138 0.000
v -39.247 -40.096 0.000
v -39.247 -40.096 1.750
v -39.308 -41.138 1.750
v -38.166 -40.303 0.000
v -38.211 -41.059 0.000
v -38.211 -41.059 1.750
v -38.166 -40.303 1.750
v -38.211 -41.059 1.750
v -39.308 -41.138 1.750
v -39.247 -40.096 1.750
v -38.166 -40.303 1.750
v -39.247 -40.096 0.000
v -38.918 -39.105 0.000
v -38.918 -39.105 1.750
v -39.247 -40.096 1.750
v -37.928 -39.584 0.000
v -38.166 -40.303 0.000
v -38.166 -40.303 1.750
v -37.928 -39.584 1.750
v -38.166 -40.303 1.750
v -39.247 -40.096 1.750
v -38.918 -39.105 1.750
v -37.928 -39.584 1.750
v -38.918 -39.105 0.000
v -38.344 -38.233 0.000
v -38.344 -38.233 1.750
v -38.918 -39.105 1.750
v -37.512 -38.952 0.000
v -37.928 -39.584 0.000
v -37.928 -39.584 1.750
v -37.512 -38.952 1.750
v -37.928 -39.584 1.750
v -38.918 -39.105 1.750
v -38.344 -38.233 1.750
v -37.512 -38.952 1.750
v -38.344 -38.233 0.000
v -37.564 -37.539 0.000
v -37.564 -37.539 1.750
v -38.344 -38.233 1.750
v -36.946 -38.449 0.000
v -37.512 -38.952 0.000
v -37.512 -38.952 1.750
v -36.946 -38.449 1.750
v -37.512 -38.952 1.750
v -38.344 -38.233 1.750
v -37.564 -37.539 1.750
v -36.946 -38.449 1.750
v -37.564 -37.539 0.000
v -36.631 -37.070 0.000
v -36.631 -37.070 1.750
v -37.564 -37.539 1.750
v -36.270 -38.109 0.000
v -36.946 -38.449 0.000
v -36.946 -38.449 1.750
v -36.270 -38.109 1.750
v -36.946 -38.449 1.750
v -37.564 -37.539 1.750
v -36.631 -37.070 1.750
v -36.270 -38.109 1.750
v -36.631 -37.070 0.000
v -35.608 -36.859 0.000
v -35.608 -36.859 1.750
v -36.631 -37.070 1.750
v -35.528 -37.956 0.000
v -36.270 -38.109 0.000
v -36.270 -38.109 1.750
v -35.528 -37.956 1.750
v -36.270 -38.109 1.750
v -36.631 -37.070 1.750
v -35.608 -36.859 1.750
v -35.528 -37.956 1.750
v -35.608 -36.859 0.000
v -34.565 -36.920 0.000
v -34.565 -36.920 1.750
v -35.608 -36.859 1.750
v -34.772 -38.001 0.000
v -35.528 -37.956 0.000
v -35.528 -37.956 1.750
v -34.772 -38.001 1.750
v -35.528 -37.956 1.750
v -35.608 -36.859 1.750
v -34.565 -36.920 1.750
v -34.772 -38.001 1.750
v -34.565 -36.920 0.000
v -33.574 -37.249 0.000
v -33.574 -37.249 1.750
v -34.565 -36.920 1.750
v -34.054 -38.239 0.000
v -34.772 -38.001 0.000
v -34.772 -38.001 1.750
v -34.054 -38.239 1.750
v -34.772 -38.001 1.750
v -34.565 -36.920 1.750
v -33.574 -37.249 1.750
v -34.054 -38.239 1.750
v -33.574 -37.249 0.000
v -32.702 -37.823 0.000
v -32.702 -37.823 1.750
v -33.574 -37.249 1.750
v -33.422 -38.655 0.000
v -34.054 -38.239 0.000
v -34.054 -38.239 1.750
v -33.422 -38.655 1.750
v -34.054 -38.239 1.750
v -33.574 -37.249 1.750
v -32.702 -37.823 1.750
v -33.422 -38.655 1.750
v -33.422 -38.655 1.312
v -32.918 -39.221 1.312
v -32.579 -39.897 1.312
v -32.426 -40.639 1.312
v -32.470 -41.395 1.312
v -32.708 -42.113 1.312
v -33.124 -42.746 1.312
v -33.690 -43.249 1.312
v -34.367 -43.588 1.312
v -35.108 -43.741 1.312
v -35.864 -43.697 1.312
v -36.583 -43.459 1.312
v -37.215 -43.043 1.312
v -37.718 -42.477 1.312
v -38.058 -41.800 1.312
v -38.211 -41.059 1.312
v -38.166 -40.303 1.312
v -37.928 -39.584 1.312
v -37.512 -38.952 1.312
v -36.946 -38.449 1.312
v -36.270 -38.109 1.312
v -35.528 -37.956 1.312
v -34.772 -38.001 1.312
v -34.054 -38.239 1.312
v -31.382 -41.827 1.300
v -31.370 -41.764 1.456
v -31.362 -41.722 1.413
v -31.371 -41.768 1.300
v -31.370 -41.764 1.456
v -31.341 -41.611 1.520
v -31.341 -41.611 1.460
v -31.362 -41.722 1.413
v -31.341 -41.611 1.520
v -31.311 -41.458 1.456
v -31.319 -41.500 1.413
v -31.341 -41.611 1.460
v -31.311 -41.458 1.456
v -31.299 -41.395 1.300
v -31.310 -41.454 1.300
v -31.319 -41.500 1.413
v -31.299 -41.395 1.300
v -31.311 -41.458 1.144
v -31.319 -41.500 1.187
v -31.310 -41.454 1.300
v -31.311 -41.458 1.144
v -31.341 -41.611 1.080
v -31.341 -41.611 1.140
v -31.319 -41.500 1.187
v -31.341 -41.611 1.080
v -31.370 -41.764 1.144
v -31.362 -41.722 1.187
v -31.341 -41.611 1.140
v -31.370 -41.764 1.144
v -31.382 -41.827 1.300
v -31.371 -41.768 1.300
v -31.362 -41.722 1.187
v -34.197 -44.747 1.300
v -34.136 -44.726 1.456
v -34.096 -44.712 1.413
v -34.141 -44.727 1.300
v -34.136 -44.726 1.456
v -33.989 -44.675 1.520
v -33.989 -44.675 1.460
v -34.096 -44.712 1.413
v -33.989 -44.675 1.520
v -33.843 -44.624 1.456
v -33.883 -44.637 1.413
v -33.989 -44.675 1.460
v -33.843 -44.624 1.456
v -33.782 -44.602 1.300
v -33.838 -44.622 1.300
v -33.883 -44.637 1.413
v -33.782 -44.602 1.300
v -33.843 -44.624 1.144
v -33.883 -44.637 1.187
v -33.838 -44.622 1.300
v -33.843 -44.624 1.144
v -33.989 -44.675 1.080
v -33.989 -44.675 1.140
v -33.883 -44.637 1.187
v -33.989 -44.675 1.080
v -34.136 -44.726 1.144
v -34.096 -44.712 1.187
v -33.989 -44.675 1.140
v -34.136 -44.726 1.144
v -34.197 -44.747 1.300
v -34.141 -44.727 1.300
v -34.096 -44.712 1.187
v -38.134 -43.769 1.300
v -38.085 -43.811 1.456
v -38.053 -43.838 1.413
v -38.088 -43.808 1.300
v -38.085 -43.811 1.456
v -37.967 -43.912 1.520
v -37.967 -43.912 1.460
v -38.053 -43.838 1.413
v -37.967 -43.912 1.520
v -37.849 -44.014 1.456
v -37.882 -43.986 1.413
v -37.967 -43.912 1.460
v -37.849 -44.014 1.456
v -37.801 -44.056 1.300
v -37.846 -44.017 1.300
v -37.882 -43.986 1.413
v -37.801 -44.056 1.300
v -37.849 -44.014 1.144
v -37.882 -43.986 1.187
v -37.846 -44.017 1.300
v -37.849 -44.014 1.144
v -37.967 -43.912 1.080
v -37.967 -43.912 1.140
v -37.882 -43.986 1.187
v -37.967 -43.912 1.080
v -38.085 -43.811 1.144
v -38.053 -43.838 1.187
v -37.967 -43.912 1.140
v -38.085 -43.811 1.144
v -38.134 -43.769 1.300
v -38.088 -43.808 1.300
v -38.053 -43.838 1.187
v -39.254 -39.871 1.300
v -39.267 -39.934 1.456
v -39.275 -39.976 1.413
v -39.266 -39.929 1.300
v -39.267 -39.934 1.456
v -39.296 -40.087 1.520
v -39.296 -40.087 1.460
v -39.275 -39.976 1.413
v -39.296 -40.087 1.520
v -39.325 -40.239 1.456
v -39.317 -40.198 1.413
v -39.296 -40.087 1.460
v -39.325 -40.239 1.456
v -39.337 -40.303 1.300
v -39.326 -40.244 1.300
v -39.317 -40.198 1.413
v -39.337 -40.303 1.300
v -39.325 -40.239 1.144
v -39.317 -40.198 1.187
v -39.326 -40.244 1.300
v -39.325 -40.239 1.144
v -39.296 -40.087 1.080
v -39.296 -40.087 1.140
v -39.317 -40.198 1.187
v -39.296 -40.087 1.080
v -39.267 -39.934 1.144
v -39.275 -39.976 1.187
v -39.296 -40.087 1.140
v -39.267 -39.934 1.144
v -39.254 -39.871 1.300
v -39.266 -39.929 1.300
v -39.275 -39.976 1.187
v -36.439 -36.951 1.300
v -36.500 -36.972 1.456
v -36.540 -36.986 1.413
v -36.496 -36.970 1.300
v -36.500 -36.972 1.456
v -36.647 -37.023 1.520
v -36.647 -37.023 1.460
v -36.540 -36.986 1.413
v -36.647 -37.023 1.520
v -36.794 -37.074 1.456
v -36.754 -37.060 1.413
v -36.647 -37.023 1.460
v -36.794 -37.074 1.456
v -36.855 -37.095 1.300
v -36.798 -37.075 1.300
v -36.754 -37.060 1.413
v -36.855 -37.095 1.300
v -36.794 -37.074 1.144
v -36.754 -37.060 1.187
v -36.798 -37.075 1.300
v -36.794 -37.074 1.144
v -36.647 -37.023 1.080
v -36.647 -37.023 1.140
v -36.754 -37.060 1.187
v -36.647 -37.023 1.080
v -36.500 -36.972 1.144
v -36.540 -36.986 1.187
v -36.647 -37.023 1.140
v -36.500 -36.972 1.144
v -36.439 -36.951 1.300
v -36.496 -36.970 1.300
v -36.540 -36.986 1.187
v -35.772 -40.456 9.580
v -30.540 -34.405 9.580
v -29.632 -35.190 9.580
v -34.864 -41.241 9.580
v -35.772 -40.456 10.140
v -30.540 -34.405 10.140
v -29.632 -35.190 10.140
v -34.864 -41.241 10.140
usemtl panel
f 1 4 3 2
f 5 6 7 8
f 1 2 6 5
f 2 3 7 6
f 3 4 8 7
f 4 1 5 8
f 9 12 11 10
f 13 14 15 16
f 9 10 14 13
f 10 11 15 14
f 11 12 16 15
f 12 9 13 16
f 17 20 19 18
f 21 22 23 24
f 17 18 22 21
f 18 19 23 22
f 19 20 24 23
f 20 17 21 24
f 25 28 27 26
f 29 30 31 32
f 25 26 30 29
f 26 27 31 30
f 27 28 32 31
f 28 25 29 32
f 33 36 35 34
f 37 38 39 40
f 33 34 38 37
f 34 35 39 38
f 35 36 40 39
f 36 33 37 40
f 41 44 43 42
f 45 46 47 48
f 41 42 46 45
f 42 43 47 46
f 43 44 48 47
f 44 41 45 48
f 49 52 51 50
f 53 54 55 56
f 49 50 54 53
f 50 51 55 54
f 51 52 56 55
f 52 49 53 56
f 57 60 59 58
f 61 62 63 64
f 57 58 62 61
f 58 59 63 62
f 59 60 64 63
f 60 57 61 64
f 65 68 67 66
f 69 70 71 72
f 65 66 70 69
f 66 67 71 70
f 67 68 72 71
f 68 65 69 72
f 73 76 75 74
f 77 78 79 80
f 73 74 78 77
f 74 75 79 78
f 75 76 80 79
f 76 73 77 80
f 81 84 83 82
f 85 86 87 88
f 81 82 86 85
f 82 83 87 86
f 83 84 88 87
f 84 81 85 88
f 89 92 91 90
f 93 94 95 96
f 89 90 94 93
f 90 91 95 94
f 91 92 96 95
f 92 89 93 96
f 97 100 99 98
f 101 102 103 104
f 97 98 102 101
f 98 99 103 102
f 99 100 104 103
f 100 97 101 104
f 105 108 107 106
f 109 110 111 112
f 105 106 110 109
f 106 107 111 110
f 107 108 112 111
f 108 105 109 112
f 113 116 115 114
f 117 118 119 120
f 113 114 118 117
f 114 115 119 118
f 115 116 120 119
f 116 113 117 120
f 121 124 123 122
f 125 126 127 128
f 121 122 126 125
f 122 123 127 126
f 123 124 128 127
f 124 121 125 128
f 129 132 131 130
f 133 134 135 136
f 129 130 134 133
f 130 131 135 134
f 131 132 136 135
f 132 129 133 136
f 137 140 139 138
f 141 142 143 144
f 137 138 142 141
f 138 139 143 142
f 139 140 144 143
f 140 137 141 144
f 145 148 147 146
f 149 150 151 152
f 145 146 150 149
f 146 147 151 150
f 147 148 152 151
f 148 145 149 152
f 153 156 155 154
f 157 158 159 160
f 153 154 158 157
f 154 155 159 158
f 155 156 160 159
f 156 153 157 160
f 161 164 163 162
f 165 166 167 168
f 161 162 166 165
f 162 163 167 166
f 163 164 168 167
f 164 161 165 168
f 169 172 171 170
f 173 174 175 176
f 169 170 174 173
f 170 171 175 174
f 171 172 176 175
f 172 169 173 176
f 177 180 179 178
f 181 182 183 184
f 177 178 182 181
f 178 179 183 182
f 179 180 184 183
f 180 177 181 184
f 185 188 187 186
f 189 190 191 192
f 185 186 190 189
f 186 187 191 190
f 187 188 192 191
f 188 185 189 192
f 193 196 195 194
f 197 198 199 200
f 193 194 198 197
f 194 195 199 198
f 195 196 200 199
f 196 193 197 200
f 201 204 203 202
f 205 206 207 208
f 201 202 206 205
f 202 203 207 206
f 203 204 208 207
f 204 201 205 208
f 209 212 211 210
f 213 214 215 216
f 209 210 214 213
f 210 211 215 214
f 211 212 216 215
f 212 209 213 216
f 217 220 219 218
f 221 222 223 224
f 217 218 222 221
f 218 219 223 222
f 219 220 224 223
f 220 217 221 224
f 225 228 227 226
f 229 230 231 232
f 225 226 230 229
f 226 227 231 230
f 227 228 232 231
f 228 225 229 232
f 233 236 235 234
f 237 238 239 240
f 233 234 238 237
f 234 235 239 238
f 235 236 240 239
f 236 233 237 240
f 241 244 243 242
f 245 246 247 248
f 241 242 246 245
f 242 243 247 246
f 243 244 248 247
f 244 241 245 248
f 249 252 251 250
f 253 254 255 256
f 249 250 254 253
f 250 251 255 254
f 251 252 256 255
f 252 249 253 256
f 257 260 259 258
f 261 262 263 264
f 257 258 262 261
f 258 259 263 262
f 259 260 264 263
f 260 257 261 264
f 265 268 267 266
f 269 270 271 272
f 265 266 270 269
f 266 267 271 270
f 267 268 272 271
f 268 265 269 272
f 273 276 275 274
f 277 278 279 280
f 273 274 278 277
f 274 275 279 278
f 275 276 280 279
f 276 273 277 280
f 281 284 283 282
f 285 286 287 288
f 281 282 286 285
f 282 283 287 286
f 283 284 288 287
f 284 281 285 288
f 289 292 291 290
f 293 294 295 296
f 289 290 294 293
f 290 291 295 294
f 291 292 296 295
f 292 289 293 296
f 297 300 299 298
f 301 302 303 304
f 297 298 302 301
f 298 299 303 302
f 299 300 304 303
f 300 297 301 304
f 305 308 307 306
f 309 310 311 312
f 305 306 310 309
f 306 307 311 310
f 307 308 312 311
f 308 305 309 312
f 313 316 315 314
f 317 318 319 320
f 313 314 318 317
f 314 315 319 318
f 315 316 320 319
f 316 313 317 320
f 321 324 323 322
f 325 326 327 328
f 321 322 326 325
f 322 323 327 326
f 323 324 328 327
f 324 321 325 328
f 329 332 331 330
f 333 334 335 336
f 329 330 334 333
f 330 331 335 334
f 331 332 336 335
f 332 329 333 336
f 337 340 339 338
f 341 342 343 344
f 337 338 342 341
f 338 339 343 342
f 339 340 344 343
f 340 337 341 344
f 345 348 347 346
f 349 350 351 352
f 345 346 350 349
f 346 347 351 350
f 347 348 352 351
f 348 345 349 352
f 353 356 355 354
f 357 358 359 360
f 353 354 358 357
f 354 355 359 358
f 355 356 360 359
f 356 353 357 360
f 361 364 363 362
f 365 366 367 368
f 361 362 366 365
f 362 363 367 366
f 363 364 368 367
f 364 361 365 368
f 369 372 371 370
f 373 374 375 376
f 369 370 374 373
f 370 371 375 374
f 371 372 376 375
f 372 369 373 376
f 377 380 379 378
f 381 382 383 384
f 377 378 382 381
f 378 379 383 382
f 379 380 384 383
f 380 377 381 384
f 385 388 387 386
f 389 390 391 392
f 385 386 390 389
f 386 387 391 390
f 387 388 392 391
f 388 385 389 392
f 393 396 395 394
f 397 398 399 400
f 393 394 398 397
f 394 395 399 398
f 395 396 400 399
f 396 393 397 400
f 401 404 403 402
f 405 406 407 408
f 401 402 406 405
f 402 403 407 406
f 403 404 408 407
f 404 401 405 408
f 409 412 411 410
f 413 414 415 416
f 409 410 414 413
f 410 411 415 414
f 411 412 416 415
f 412 409 413 416
f 417 420 419 418
f 421 422 423 424
f 417 418 422 421
f 418 419 423 422
f 419 420 424 423
f 420 417 421 424
f 425 428 427 426
f 429 430 431 432
f 425 426 430 429
f 426 427 431 430
f 427 428 432 431
f 428 425 429 432
f 433 436 435 434
f 437 438 439 440
f 433 434 438 437
f 434 435 439 438
f 435 436 440 439
f 436 433 437 440
f 441 444 443 442
f 445 446 447 448
f 441 442 446 445
f 442 443 447 446
f 443 444 448 447
f 444 441 445 448
f 449 452 451 450
f 453 454 455 456
f 449 450 454 453
f 450 451 455 454
f 451 452 456 455
f 452 449 453 456
f 457 460 459 458
f 461 462 463 464
f 457 458 462 461
f 458 459 463 462
f 459 460 464 463
f 460 457 461 464
f 465 468 467 466
f 469 470 471 472
f 465 466 470 469
f 466 467 471 470
f 467 468 472 471
f 468 465 469 472
f 473 476 475 474
f 477 478 479 480
f 473 474 478 477
f 474 475 479 478
f 475 476 480 479
f 476 473 477 480
f 481 484 483 482
f 485 486 487 488
f 481 482 486 485
f 482 483 487 486
f 483 484 488 487
f 484 481 485 488
usemtl steel
f 489 492 491 490
f 493 494 495 496
f 489 490 494 493
f 490 491 495 494
f 491 492 496 495
f 492 489 493 496
f 497 500 499 498
f 501 502 503 504
f 497 498 502 501
f 498 499 503 502
f 499 500 504 503
f 500 497 501 504
f 505 508 507 506
f 509 510 511 512
f 505 506 510 509
f 506 507 511 510
f 507 508 512 511
f 508 505 509 512
f 513 516 515 514
f 517 518 519 520
f 513 514 518 517
f 514 515 519 518
f 515 516 520 519
f 516 513 517 520
f 521 524 523 522
f 525 526 527 528
f 521 522 526 525
f 522 523 527 526
f 523 524 528 527
f 524 521 525 528
f 529 532 531 530
f 533 534 535 536
f 529 530 534 533
f 530 531 535 534
f 531 532 536 535
f 532 529 533 536
f 537 540 539 538
f 541 542 543 544
f 537 538 542 541
f 538 539 543 542
f 539 540 544 543
f 540 537 541 544
f 545 548 547 546
f 549 550 551 552
f 545 546 550 549
f 546 547 551 550
f 547 548 552 551
f 548 545 549 552
f 553 556 555 554
f 557 558 559 560
f 553 554 558 557
f 554 555 559 558
f 555 556 560 559
f 556 553 557 560
f 561 564 563 562
f 565 566 567 568
f 561 562 566 565
f 562 563 567 566
f 563 564 568 567
f 564 561 565 568
f 569 572 571 570
f 573 574 575 576
f 569 570 574 573
f 570 571 575 574
f 571 572 576 575
f 572 569 573 576
f 577 580 579 578
f 581 582 583 584
f 577 578 582 581
f 578 579 583 582
f 579 580 584 583
f 580 577 581 584
f 585 588 587 586
f 589 590 591 592
f 585 586 590 589
f 586 587 591 590
f 587 588 592 591
f 588 585 589 592
f 593 596 595 594
f 597 598 599 600
f 593 594 598 597
f 594 595 599 598
f 595 596 600 599
f 596 593 597 600
usemtl panel
f 601 604 603 602
f 605 606 607 608
f 601 602 606 605
f 602 603 607 606
f 603 604 608 607
f 604 601 605 608
f 609 612 611 610
f 613 614 615 616
f 609 610 614 613
f 610 611 615 614
f 611 612 616 615
f 612 609 613 616
f 617 620 619 618
f 621 622 623 624
f 617 618 622 621
f 618 619 623 622
f 619 620 624 623
f 620 617 621 624
f 625 628 627 626
f 629 630 631 632
f 625 626 630 629
f 626 627 631 630
f 627 628 632 631
f 628 625 629 632
f 633 636 635 634
f 637 638 639 640
f 633 634 638 637
f 634 635 639 638
f 635 636 640 639
f 636 633 637 640
f 641 644 643 642
f 645 646 647 648
f 641 642 646 645
f 642 643 647 646
f 643 644 648 647
f 644 641 645 648
f 649 652 651 650
f 653 654 655 656
f 649 650 654 653
f 650 651 655 654
f 651 652 656 655
f 652 649 653 656
f 657 660 659 658
f 661 662 663 664
f 657 658 662 661
f 658 659 663 662
f 659 660 664 663
f 660 657 661 664
f 665 668 667 666
f 669 670 671 672
f 665 666 670 669
f 666 667 671 670
f 667 668 672 671
f 668 665 669 672
f 673 676 675 674
f 677 678 679 680
f 673 674 678 677
f 674 675 679 678
f 675 676 680 679
f 676 673 677 680
f 681 684 683 682
f 685 686 687 688
f 681 682 686 685
f 682 683 687 686
f 683 684 688 687
f 684 681 685 688
f 689 692 691 690
f 693 694 695 696
f 689 690 694 693
f 690 691 695 694
f 691 692 696 695
f 692 689 693 696
f 697 700 699 698
f 701 702 703 704
f 697 698 702 701
f 698 699 703 702
f 699 700 704 703
f 700 697 701 704
f 705 708 707 706
f 709 710 711 712
f 705 706 710 709
f 706 707 711 710
f 707 708 712 711
f 708 705 709 712
f 713 716 715 714
f 717 718 719 720
f 713 714 718 717
f 714 715 719 718
f 715 716 720 719
f 716 713 717 720
f 721 724 723 722
f 725 726 727 728
f 721 722 726 725
f 722 723 727 726
f 723 724 728 727
f 724 721 725 728
f 729 732 731 730
f 733 734 735 736
f 729 730 734 733
f 730 731 735 734
f 731 732 736 735
f 732 729 733 736
f 737 740 739 738
f 741 742 743 744
f 737 738 742 741
f 738 739 743 742
f 739 740 744 743
f 740 737 741 744
f 745 748 747 746
f 749 750 751 752
f 745 746 750 749
f 746 747 751 750
f 747 748 752 751
f 748 745 749 752
f 753 756 755 754
f 757 758 759 760
f 753 754 758 757
f 754 755 759 758
f 755 756 760 759
f 756 753 757 760
f 761 764 763 762
f 765 766 767 768
f 761 762 766 765
f 762 763 767 766
f 763 764 768 767
f 764 761 765 768
f 769 772 771 770
f 773 774 775 776
f 769 770 774 773
f 770 771 775 774
f 771 772 776 775
f 772 769 773 776
f 777 780 779 778
f 781 782 783 784
f 777 778 782 781
f 778 779 783 782
f 779 780 784 783
f 780 777 781 784
f 785 788 787 786
f 789 790 791 792
f 785 786 790 789
f 786 787 791 790
f 787 788 792 791
f 788 785 789 792
f 793 796 795 794
f 797 798 799 800
f 793 794 798 797
f 794 795 799 798
f 795 796 800 799
f 796 793 797 800
f 801 804 803 802
f 805 806 807 808
f 801 802 806 805
f 802 803 807 806
f 803 804 808 807
f 804 801 805 808
f 809 812 811 810
f 813 814 815 816
f 809 810 814 813
f 810 811 815 814
f 811 812 816 815
f 812 809 813 816
f 817 820 819 818
f 821 822 823 824
f 817 818 822 821
f 818 819 823 822
f 819 820 824 823
f 820 817 821 824
f 825 828 827 826
f 829 830 831 832
f 825 826 830 829
f 826 827 831 830
f 827 828 832 831
f 828 825 829 832
f 833 836 835 834
f 837 838 839 840
f 833 834 838 837
f 834 835 839 838
f 835 836 840 839
f 836 833 837 840
f 841 844 843 842
f 845 846 847 848
f 841 842 846 845
f 842 843 847 846
f 843 844 848 847
f 844 841 845 848
f 849 852 851 850
f 853 854 855 856
f 849 850 854 853
f 850 851 855 854
f 851 852 856 855
f 852 849 853 856
f 857 860 859 858
f 861 862 863 864
f 857 858 862 861
f 858 859 863 862
f 859 860 864 863
f 860 857 861 864
f 865 868 867 866
f 869 870 871 872
f 865 866 870 869
f 866 867 871 870
f 867 868 872 871
f 868 865 869 872
f 873 876 875 874
f 877 878 879 880
f 873 874 878 877
f 874 875 879 878
f 875 876 880 879
f 876 873 877 880
f 881 884 883 882
f 885 886 887 888
f 881 882 886 885
f 882 883 887 886
f 883 884 888 887
f 884 881 885 888
f 889 892 891 890
f 893 894 895 896
f 889 890 894 893
f 890 891 895 894
f 891 892 896 895
f 892 889 893 896
f 897 900 899 898
f 901 902 903 904
f 897 898 902 901
f 898 899 903 902
f 899 900 904 903
f 900 897 901 904
f 905 908 907 906
f 909 910 911 912
f 905 906 910 909
f 906 907 911 910
f 907 908 912 911
f 908 905 909 912
f 913 916 915 914
f 917 918 919 920
f 913 914 918 917
f 914 915 919 918
f 915 916 920 919
f 916 913 917 920
f 921 924 923 922
f 925 926 927 928
f 921 922 926 925
f 922 923 927 926
f 923 924 928 927
f 924 921 925 928
f 929 932 931 930
f 933 934 935 936
f 929 930 934 933
f 930 931 935 934
f 931 932 936 935
f 932 929 933 936
f 937 940 939 938
f 941 942 943 944
f 937 938 942 941
f 938 939 943 942
f 939 940 944 943
f 940 937 941 944
f 945 948 947 946
f 949 950 951 952
f 945 946 950 949
f 946 947 951 950
f 947 948 952 951
f 948 945 949 952
f 953 956 955 954
f 957 958 959 960
f 953 954 958 957
f 954 955 959 958
f 955 956 960 959
f 956 953 957 960
f 961 964 963 962
f 965 966 967 968
f 961 962 966 965
f 962 963 967 966
f 963 964 968 967
f 964 961 965 968
f 969 972 971 970
f 973 974 975 976
f 969 970 974 973
f 970 971 975 974
f 971 972 976 975
f 972 969 973 976
f 977 980 979 978
f 981 982 983 984
f 977 978 982 981
f 978 979 983 982
f 979 980 984 983
f 980 977 981 984
f 985 988 987 986
f 989 990 991 992
f 985 986 990 989
f 986 987 991 990
f 987 988 992 991
f 988 985 989 992
f 993 996 995 994
f 997 998 999 1000
f 993 994 998 997
f 994 995 999 998
f 995 996 1000 999
f 996 993 997 1000
f 1001 1004 1003 1002
f 1005 1006 1007 1008
f 1001 1002 1006 1005
f 1002 1003 1007 1006
f 1003 1004 1008 1007
f 1004 1001 1005 1008
f 1009 1012 1011 1010
f 1013 1014 1015 1016
f 1009 1010 1014 1013
f 1010 1011 1015 1014
f 1011 1012 1016 1015
f 1012 1009 1013 1016
f 1017 1020 1019 1018
f 1021 1022 1023 1024
f 1017 1018 1022 1021
f 1018 1019 1023 1022
f 1019 1020 1024 1023
f 1020 1017 1021 1024
f 1025 1028 1027 1026
f 1029 1030 1031 1032
f 1025 1026 1030 1029
f 1026 1027 1031 1030
f 1027 1028 1032 1031
f 1028 1025 1029 1032
f 1033 1036 1035 1034
f 1037 1038 1039 1040
f 1033 1034 1038 1037
f 1034 1035 1039 1038
f 1035 1036 1040 1039
f 1036 1033 1037 1040
f 1041 1044 1043 1042
f 1045 1046 1047 1048
f 1041 1042 1046 1045
f 1042 1043 1047 1046
f 1043 1044 1048 1047
f 1044 1041 1045 1048
f 1049 1052 1051 1050
f 1053 1054 1055 1056
f 1049 1050 1054 1053
f 1050 1051 1055 1054
f 1051 1052 1056 1055
f 1052 1049 1053 1056
f 1057 1060 1059 1058
f 1061 1062 1063 1064
f 1057 1058 1062 1061
f 1058 1059 1063 1062
f 1059 1060 1064 1063
f 1060 1057 1061 1064
f 1065 1068 1067 1066
f 1069 1070 1071 1072
f 1065 1066 1070 1069
f 1066 1067 1071 1070
f 1067 1068 1072 1071
f 1068 1065 1069 1072
f 1073 1076 1075 1074
f 1077 1078 1079 1080
f 1073 1074 1078 1077
f 1074 1075 1079 1078
f 1075 1076 1080 1079
f 1076 1073 1077 1080
f 1081 1084 1083 1082
f 1085 1086 1087 1088
f 1081 1082 1086 1085
f 1082 1083 1087 1086
f 1083 1084 1088 1087
f 1084 1081 1085 1088
usemtl steel
f 1089 1092 1091 1090
f 1093 1094 1095 1096
f 1089 1090 1094 1093
f 1090 1091 1095 1094
f 1091 1092 1096 1095
f 1092 1089 1093 1096
f 1097 1100 1099 1098
f 1101 1102 1103 1104
f 1097 1098 1102 1101
f 1098 1099 1103 1102
f 1099 1100 1104 1103
f 1100 1097 1101 1104
f 1105 1108 1107 1106
f 1109 1110 1111 1112
f 1105 1106 1110 1109
f 1106 1107 1111 1110
f 1107 1108 1112 1111
f 1108 1105 1109 1112
f 1113 1116 1115 1114
f 1117 1118 1119 1120
f 1113 1114 1118 1117
f 1114 1115 1119 1118
f 1115 1116 1120 1119
f 1116 1113 1117 1120
f 1121 1124 1123 1122
f 1125 1126 1127 1128
f 1121 1122 1126 1125
f 1122 1123 1127 1126
f 1123 1124 1128 1127
f 1124 1121 1125 1128
f 1129 1132 1131 1130
f 1133 1134 1135 1136
f 1129 1130 1134 1133
f 1130 1131 1135 1134
f 1131 1132 1136 1135
f 1132 1129 1133 1136
f 1137 1140 1139 1138
f 1141 1142 1143 1144
f 1137 1138 1142 1141
f 1138 1139 1143 1142
f 1139 1140 1144 1143
f 1140 1137 1141 1144
f 1145 1148 1147 1146
f 1149 1150 1151 1152
f 1145 1146 1150 1149
f 1146 1147 1151 1150
f 1147 1148 1152 1151
f 1148 1145 1149 1152
f 1153 1156 1155 1154
f 1157 1158 1159 1160
f 1153 1154 1158 1157
f 1154 1155 1159 1158
f 1155 1156 1160 1159
f 1156 1153 1157 1160
f 1161 1164 1163 1162
f 1165 1166 1167 1168
f 1161 1162 1166 1165
f 1162 1163 1167 1166
f 1163 1164 1168 1167
f 1164 1161 1165 1168
f 1169 1172 1171 1170
f 1173 1174 1175 1176
f 1169 1170 1174 1173
f 1170 1171 1175 1174
f 1171 1172 1176 1175
f 1172 1169 1173 1176
f 1177 1180 1179 1178
f 1181 1182 1183 1184
f 1177 1178 1182 1181
f 1178 1179 1183 1182
f 1179 1180 1184 1183
f 1180 1177 1181 1184
f 1185 1188 1187 1186
f 1189 1190 1191 1192
f 1185 1186 1190 1189
f 1186 1187 1191 1190
f 1187 1188 1192 1191
f 1188 1185 1189 1192
f 1193 1196 1195 1194
f 1197 1198 1199 1200
f 1193 1194 1198 1197
f 1194 1195 1199 1198
f 1195 1196 1200 1199
f 1196 1193 1197 1200
usemtl galv
f 1201 1204 1203 1202
f 1205 1206 1207 1208
f 1201 1202 1206 1205
f 1202 1203 1207 1206
f 1203 1204 1208 1207
f 1204 1201 1205 1208
f 1209 1212 1211 1210
f 1213 1214 1215 1216
f 1209 1210 1214 1213
f 1210 1211 1215 1214
f 1211 1212 1216 1215
f 1212 1209 1213 1216
f 1217 1220 1219 1218
f 1221 1222 1223 1224
f 1217 1218 1222 1221
f 1218 1219 1223 1222
f 1219 1220 1224 1223
f 1220 1217 1221 1224
f 1225 1228 1227 1226
f 1229 1230 1231 1232
f 1225 1226 1230 1229
f 1226 1227 1231 1230
f 1227 1228 1232 1231
f 1228 1225 1229 1232
usemtl roof
f 1233 1234 1235 1236
f 1237 1238 1239 1240
f 1241 1242 1243 1244
f 1245 1246 1247 1248
usemtl panel
f 1249 1252 1251 1250
f 1253 1254 1255 1256
f 1249 1250 1254 1253
f 1250 1251 1255 1254
f 1251 1252 1256 1255
f 1252 1249 1253 1256
f 1257 1260 1259 1258
f 1261 1262 1263 1264
f 1257 1258 1262 1261
f 1258 1259 1263 1262
f 1259 1260 1264 1263
f 1260 1257 1261 1264
f 1265 1268 1267 1266
f 1269 1270 1271 1272
f 1265 1266 1270 1269
f 1266 1267 1271 1270
f 1267 1268 1272 1271
f 1268 1265 1269 1272
f 1273 1276 1275 1274
f 1277 1278 1279 1280
f 1273 1274 1278 1277
f 1274 1275 1279 1278
f 1275 1276 1280 1279
f 1276 1273 1277 1280
f 1281 1284 1283 1282
f 1285 1286 1287 1288
f 1281 1282 1286 1285
f 1282 1283 1287 1286
f 1283 1284 1288 1287
f 1284 1281 1285 1288
f 1289 1292 1291 1290
f 1293 1294 1295 1296
f 1289 1290 1294 1293
f 1290 1291 1295 1294
f 1291 1292 1296 1295
f 1292 1289 1293 1296
f 1297 1300 1299 1298
f 1301 1302 1303 1304
f 1297 1298 1302 1301
f 1298 1299 1303 1302
f 1299 1300 1304 1303
f 1300 1297 1301 1304
f 1305 1308 1307 1306
f 1309 1310 1311 1312
f 1305 1306 1310 1309
f 1306 1307 1311 1310
f 1307 1308 1312 1311
f 1308 1305 1309 1312
f 1313 1316 1315 1314
f 1317 1318 1319 1320
f 1313 1314 1318 1317
f 1314 1315 1319 1318
f 1315 1316 1320 1319
f 1316 1313 1317 1320
f 1321 1324 1323 1322
f 1325 1326 1327 1328
f 1321 1322 1326 1325
f 1322 1323 1327 1326
f 1323 1324 1328 1327
f 1324 1321 1325 1328
f 1329 1332 1331 1330
f 1333 1334 1335 1336
f 1329 1330 1334 1333
f 1330 1331 1335 1334
f 1331 1332 1336 1335
f 1332 1329 1333 1336
f 1337 1340 1339 1338
f 1341 1342 1343 1344
f 1337 1338 1342 1341
f 1338 1339 1343 1342
f 1339 1340 1344 1343
f 1340 1337 1341 1344
f 1345 1348 1347 1346
f 1349 1350 1351 1352
f 1345 1346 1350 1349
f 1346 1347 1351 1350
f 1347 1348 1352 1351
f 1348 1345 1349 1352
f 1353 1356 1355 1354
f 1357 1358 1359 1360
f 1353 1354 1358 1357
f 1354 1355 1359 1358
f 1355 1356 1360 1359
f 1356 1353 1357 1360
f 1361 1364 1363 1362
f 1365 1366 1367 1368
f 1361 1362 1366 1365
f 1362 1363 1367 1366
f 1363 1364 1368 1367
f 1364 1361 1365 1368
f 1369 1372 1371 1370
f 1373 1374 1375 1376
f 1369 1370 1374 1373
f 1370 1371 1375 1374
f 1371 1372 1376 1375
f 1372 1369 1373 1376
f 1377 1380 1379 1378
f 1381 1382 1383 1384
f 1377 1378 1382 1381
f 1378 1379 1383 1382
f 1379 1380 1384 1383
f 1380 1377 1381 1384
f 1385 1388 1387 1386
f 1389 1390 1391 1392
f 1385 1386 1390 1389
f 1386 1387 1391 1390
f 1387 1388 1392 1391
f 1388 1385 1389 1392
f 1393 1396 1395 1394
f 1397 1398 1399 1400
f 1393 1394 1398 1397
f 1394 1395 1399 1398
f 1395 1396 1400 1399
f 1396 1393 1397 1400
f 1401 1404 1403 1402
f 1405 1406 1407 1408
f 1401 1402 1406 1405
f 1402 1403 1407 1406
f 1403 1404 1408 1407
f 1404 1401 1405 1408
f 1409 1412 1411 1410
f 1413 1414 1415 1416
f 1409 1410 1414 1413
f 1410 1411 1415 1414
f 1411 1412 1416 1415
f 1412 1409 1413 1416
f 1417 1420 1419 1418
f 1421 1422 1423 1424
f 1417 1418 1422 1421
f 1418 1419 1423 1422
f 1419 1420 1424 1423
f 1420 1417 1421 1424
f 1425 1428 1427 1426
f 1429 1430 1431 1432
f 1425 1426 1430 1429
f 1426 1427 1431 1430
f 1427 1428 1432 1431
f 1428 1425 1429 1432
f 1433 1436 1435 1434
f 1437 1438 1439 1440
f 1433 1434 1438 1437
f 1434 1435 1439 1438
f 1435 1436 1440 1439
f 1436 1433 1437 1440
f 1441 1444 1443 1442
f 1445 1446 1447 1448
f 1441 1442 1446 1445
f 1442 1443 1447 1446
f 1443 1444 1448 1447
f 1444 1441 1445 1448
f 1449 1452 1451 1450
f 1453 1454 1455 1456
f 1449 1450 1454 1453
f 1450 1451 1455 1454
f 1451 1452 1456 1455
f 1452 1449 1453 1456
f 1457 1460 1459 1458
f 1461 1462 1463 1464
f 1457 1458 1462 1461
f 1458 1459 1463 1462
f 1459 1460 1464 1463
f 1460 1457 1461 1464
f 1465 1468 1467 1466
f 1469 1470 1471 1472
f 1465 1466 1470 1469
f 1466 1467 1471 1470
f 1467 1468 1472 1471
f 1468 1465 1469 1472
f 1473 1476 1475 1474
f 1477 1478 1479 1480
f 1473 1474 1478 1477
f 1474 1475 1479 1478
f 1475 1476 1480 1479
f 1476 1473 1477 1480
usemtl hay
f 1481 1484 1483 1482
f 1485 1486 1487 1488
f 1481 1482 1486 1485
f 1482 1483 1487 1486
f 1483 1484 1488 1487
f 1484 1481 1485 1488
usemtl panel
f 1489 1492 1491 1490
f 1493 1494 1495 1496
f 1489 1490 1494 1493
f 1490 1491 1495 1494
f 1491 1492 1496 1495
f 1492 1489 1493 1496
f 1497 1500 1499 1498
f 1501 1502 1503 1504
f 1497 1498 1502 1501
f 1498 1499 1503 1502
f 1499 1500 1504 1503
f 1500 1497 1501 1504
f 1505 1508 1507 1506
f 1509 1510 1511 1512
f 1505 1506 1510 1509
f 1506 1507 1511 1510
f 1507 1508 1512 1511
f 1508 1505 1509 1512
f 1513 1516 1515 1514
f 1517 1518 1519 1520
f 1513 1514 1518 1517
f 1514 1515 1519 1518
f 1515 1516 1520 1519
f 1516 1513 1517 1520
f 1521 1524 1523 1522
f 1525 1526 1527 1528
f 1521 1522 1526 1525
f 1522 1523 1527 1526
f 1523 1524 1528 1527
f 1524 1521 1525 1528
f 1529 1532 1531 1530
f 1533 1534 1535 1536
f 1529 1530 1534 1533
f 1530 1531 1535 1534
f 1531 1532 1536 1535
f 1532 1529 1533 1536
f 1537 1540 1539 1538
f 1541 1542 1543 1544
f 1537 1538 1542 1541
f 1538 1539 1543 1542
f 1539 1540 1544 1543
f 1540 1537 1541 1544
f 1545 1548 1547 1546
f 1549 1550 1551 1552
f 1545 1546 1550 1549
f 1546 1547 1551 1550
f 1547 1548 1552 1551
f 1548 1545 1549 1552
f 1553 1556 1555 1554
f 1557 1558 1559 1560
f 1553 1554 1558 1557
f 1554 1555 1559 1558
f 1555 1556 1560 1559
f 1556 1553 1557 1560
f 1561 1564 1563 1562
f 1565 1566 1567 1568
f 1561 1562 1566 1565
f 1562 1563 1567 1566
f 1563 1564 1568 1567
f 1564 1561 1565 1568
f 1569 1572 1571 1570
f 1573 1574 1575 1576
f 1569 1570 1574 1573
f 1570 1571 1575 1574
f 1571 1572 1576 1575
f 1572 1569 1573 1576
f 1577 1580 1579 1578
f 1581 1582 1583 1584
f 1577 1578 1582 1581
f 1578 1579 1583 1582
f 1579 1580 1584 1583
f 1580 1577 1581 1584
f 1585 1588 1587 1586
f 1589 1590 1591 1592
f 1585 1586 1590 1589
f 1586 1587 1591 1590
f 1587 1588 1592 1591
f 1588 1585 1589 1592
f 1593 1596 1595 1594
f 1597 1598 1599 1600
f 1593 1594 1598 1597
f 1594 1595 1599 1598
f 1595 1596 1600 1599
f 1596 1593 1597 1600
f 1601 1604 1603 1602
f 1605 1606 1607 1608
f 1601 1602 1606 1605
f 1602 1603 1607 1606
f 1603 1604 1608 1607
f 1604 1601 1605 1608
f 1609 1612 1611 1610
f 1613 1614 1615 1616
f 1609 1610 1614 1613
f 1610 1611 1615 1614
f 1611 1612 1616 1615
f 1612 1609 1613 1616
f 1617 1620 1619 1618
f 1621 1622 1623 1624
f 1617 1618 1622 1621
f 1618 1619 1623 1622
f 1619 1620 1624 1623
f 1620 1617 1621 1624
f 1625 1628 1627 1626
f 1629 1630 1631 1632
f 1625 1626 1630 1629
f 1626 1627 1631 1630
f 1627 1628 1632 1631
f 1628 1625 1629 1632
f 1633 1636 1635 1634
f 1637 1638 1639 1640
f 1633 1634 1638 1637
f 1634 1635 1639 1638
f 1635 1636 1640 1639
f 1636 1633 1637 1640
f 1641 1644 1643 1642
f 1645 1646 1647 1648
f 1641 1642 1646 1645
f 1642 1643 1647 1646
f 1643 1644 1648 1647
f 1644 1641 1645 1648
f 1649 1652 1651 1650
f 1653 1654 1655 1656
f 1649 1650 1654 1653
f 1650 1651 1655 1654
f 1651 1652 1656 1655
f 1652 1649 1653 1656
f 1657 1660 1659 1658
f 1661 1662 1663 1664
f 1657 1658 1662 1661
f 1658 1659 1663 1662
f 1659 1660 1664 1663
f 1660 1657 1661 1664
f 1665 1668 1667 1666
f 1669 1670 1671 1672
f 1665 1666 1670 1669
f 1666 1667 1671 1670
f 1667 1668 1672 1671
f 1668 1665 1669 1672
f 1673 1676 1675 1674
f 1677 1678 1679 1680
f 1673 1674 1678 1677
f 1674 1675 1679 1678
f 1675 1676 1680 1679
f 1676 1673 1677 1680
f 1681 1684 1683 1682
f 1685 1686 1687 1688
f 1681 1682 1686 1685
f 1682 1683 1687 1686
f 1683 1684 1688 1687
f 1684 1681 1685 1688
f 1689 1692 1691 1690
f 1693 1694 1695 1696
f 1689 1690 1694 1693
f 1690 1691 1695 1694
f 1691 1692 1696 1695
f 1692 1689 1693 1696
f 1697 1700 1699 1698
f 1701 1702 1703 1704
f 1697 1698 1702 1701
f 1698 1699 1703 1702
f 1699 1700 1704 1703
f 1700 1697 1701 1704
f 1705 1708 1707 1706
f 1709 1710 1711 1712
f 1705 1706 1710 1709
f 1706 1707 1711 1710
f 1707 1708 1712 1711
f 1708 1705 1709 1712
f 1713 1716 1715 1714
f 1717 1718 1719 1720
f 1713 1714 1718 1717
f 1714 1715 1719 1718
f 1715 1716 1720 1719
f 1716 1713 1717 1720
usemtl hay
f 1721 1724 1723 1722
f 1725 1726 1727 1728
f 1721 1722 1726 1725
f 1722 1723 1727 1726
f 1723 1724 1728 1727
f 1724 1721 1725 1728
usemtl steel
f 1729 1732 1731 1730
f 1733 1734 1735 1736
f 1729 1730 1734 1733
f 1730 1731 1735 1734
f 1731 1732 1736 1735
f 1732 1729 1733 1736
usemtl rock
f 1737 1738 1739 1740
f 1741 1742 1743 1744
f 1745 1746 1747 1748
f 1749 1750 1751 1752
f 1753 1754 1755 1756
f 1757 1758 1759 1760
f 1761 1762 1763 1764
f 1765 1766 1767 1768
f 1769 1770 1771 1772
f 1773 1774 1775 1776
f 1777 1778 1779 1780
f 1781 1782 1783 1784
f 1785 1786 1787 1788
f 1789 1790 1791 1792
f 1793 1794 1795 1796
f 1797 1798 1799 1800
f 1801 1802 1803 1804
f 1805 1806 1807 1808
f 1809 1810 1811 1812
f 1813 1814 1815 1816
f 1817 1818 1819 1820
f 1821 1822 1823 1824
f 1825 1826 1827 1828
f 1829 1830 1831 1832
f 1833 1834 1835 1836
f 1837 1838 1839 1840
f 1841 1842 1843 1844
f 1845 1846 1847 1848
f 1849 1850 1851 1852
f 1853 1854 1855 1856
f 1857 1858 1859 1860
f 1861 1862 1863 1864
f 1865 1866 1867 1868
f 1869 1870 1871 1872
f 1873 1874 1875 1876
f 1877 1878 1879 1880
f 1881 1882 1883 1884
f 1885 1886 1887 1888
f 1889 1890 1891 1892
f 1893 1894 1895 1896
f 1897 1898 1899 1900
f 1901 1902 1903 1904
f 1905 1906 1907 1908
f 1909 1910 1911 1912
f 1913 1914 1915 1916
f 1917 1918 1919 1920
f 1921 1922 1923 1924
f 1925 1926 1927 1928
f 1929 1930 1931 1932
f 1933 1934 1935 1936
f 1937 1938 1939 1940
f 1941 1942 1943 1944
f 1945 1946 1947 1948
f 1949 1950 1951 1952
f 1953 1954 1955 1956
f 1957 1958 1959 1960
f 1961 1962 1963 1964
f 1965 1966 1967 1968
f 1969 1970 1971 1972
f 1973 1974 1975 1976
f 1977 1978 1979 1980
f 1981 1982 1983 1984
f 1985 1986 1987 1988
f 1989 1990 1991 1992
f 1993 1994 1995 1996
f 1997 1998 1999 2000
f 2001 2002 2003 2004
f 2005 2006 2007 2008
f 2009 2010 2011 2012
f 2013 2014 2015 2016
f 2017 2018 2019 2020
f 2021 2022 2023 2024
usemtl water
f 2025 2026 2027 2028 2029 2030 2031 2032 2033 2034 2035 2036 2037 2038 2039 2040 2041 2042 2043 2044 2045 2046 2047 2048
usemtl steel
f 2049 2050 2051 2052
f 2053 2054 2055 2056
f 2057 2058 2059 2060
f 2061 2062 2063 2064
f 2065 2066 2067 2068
f 2069 2070 2071 2072
f 2073 2074 2075 2076
f 2077 2078 2079 2080
f 2081 2082 2083 2084
f 2085 2086 2087 2088
f 2089 2090 2091 2092
f 2093 2094 2095 2096
f 2097 2098 2099 2100
f 2101 2102 2103 2104
f 2105 2106 2107 2108
f 2109 2110 2111 2112
f 2113 2114 2115 2116
f 2117 2118 2119 2120
f 2121 2122 2123 2124
f 2125 2126 2127 2128
f 2129 2130 2131 2132
f 2133 2134 2135 2136
f 2137 2138 2139 2140
f 2141 2142 2143 2144
f 2145 2146 2147 2148
f 2149 2150 2151 2152
f 2153 2154 2155 2156
f 2157 2158 2159 2160
f 2161 2162 2163 2164
f 2165 2166 2167 2168
f 2169 2170 2171 2172
f 2173 2174 2175 2176
f 2177 2178 2179 2180
f 2181 2182 2183 2184
f 2185 2186 2187 2188
f 2189 2190 2191 2192
f 2193 2194 2195 2196
f 2197 2198 2199 2200
f 2201 2202 2203 2204
f 2205 2206 2207 2208
f 2209 2212 2211 2210
f 2213 2214 2215 2216
f 2209 2210 2214 2213
f 2210 2211 2215 2214
f 2211 2212 2216 2215
f 2212 2209 2213 2216
# --- roof structure (stalls_frame.py) ---
usemtl truss
v -42.360 -21.507 11.706
v -42.001 -21.091 11.706
v -42.035 -21.062 11.157
v -42.395 -21.478 11.157
v -28.744 -33.280 10.206
v -28.384 -32.864 10.206
v -28.419 -32.834 9.657
v -28.779 -33.250 9.657
v -14.803 -44.607 11.706
v -15.162 -45.023 11.706
v -15.128 -45.053 11.157
v -14.768 -44.637 11.157
v -28.419 -32.834 10.206
v -28.779 -33.250 10.206
v -28.744 -33.280 9.657
v -28.384 -32.864 9.657
v -32.092 -9.631 11.784
v -31.732 -9.215 11.784
v -31.767 -9.185 11.236
v -32.127 -9.601 11.236
v -18.476 -21.404 10.284
v -18.116 -20.988 10.284
v -18.151 -20.958 9.736
v -18.510 -21.374 9.736
v -4.534 -32.731 11.784
v -4.894 -33.147 11.784
v -4.859 -33.177 11.236
v -4.500 -32.761 11.236
v -18.151 -20.958 10.284
v -18.510 -21.374 10.284
v -18.476 -21.404 9.736
v -18.116 -20.988 9.736
v -21.627 2.472 11.864
v -21.268 2.888 11.864
v -21.302 2.918 11.316
v -21.662 2.502 11.316
v -8.011 -9.300 10.364
v -7.651 -8.884 10.364
v -7.686 -8.855 9.816
v -8.046 -9.271 9.816
v 5.930 -20.627 11.864
v 5.571 -21.043 11.864
v 5.605 -21.073 11.316
v 5.965 -20.657 11.316
v -7.686 -8.855 10.364
v -8.046 -9.271 10.364
v -8.011 -9.300 9.816
v -7.651 -8.884 9.816
v -11.163 14.576 11.944
v -10.803 14.992 11.944
v -10.838 15.022 11.396
v -11.197 14.605 11.396
v 2.454 2.803 10.444
v 2.813 3.219 10.444
v 2.779 3.249 9.896
v 2.419 2.833 9.896
v 16.395 -8.524 11.944
v 16.035 -8.940 11.944
v 16.070 -8.970 11.396
v 16.430 -8.554 11.396
v 2.779 3.249 10.444
v 2.419 2.833 10.444
v 2.454 2.803 9.896
v 2.813 3.219 9.896
v -0.698 26.679 12.024
v -0.338 27.095 12.024
v -0.373 27.125 11.476
v -0.733 26.709 11.476
v 12.918 14.906 10.524
v 13.278 15.322 10.524
v 13.243 15.352 9.976
v 12.884 14.936 9.976
v 26.860 3.579 12.024
v 26.500 3.163 12.024
v 26.534 3.133 11.476
v 26.894 3.550 11.476
v 13.243 15.352 10.524
v 12.884 14.936 10.524
v 12.918 14.906 9.976
v 13.278 15.322 9.976
v 7.150 35.756 12.084
v 7.510 36.173 12.084
v 7.476 36.202 11.536
v 7.116 35.786 11.536
v 20.767 23.984 10.584
v 21.126 24.400 10.584
v 21.092 24.430 10.036
v 20.732 24.014 10.036
v 34.708 12.657 12.084
v 34.348 12.241 12.084
v 34.383 12.211 11.536
v 34.743 12.627 11.536
v 21.092 24.430 10.584
v 20.732 24.014 10.584
v 20.767 23.984 10.036
v 21.126 24.400 10.036
v 14.803 44.607 12.143
v 15.162 45.023 12.143
v 15.128 45.053 11.594
v 14.768 44.637 11.594
v 28.419 32.834 10.643
v 28.779 33.250 10.643
v 28.744 33.280 10.094
v 28.384 32.864 10.094
v 42.360 21.507 12.143
v 42.001 21.091 12.143
v 42.035 21.062 11.594
v 42.395 21.478 11.594
v 28.744 33.280 10.643
v 28.384 32.864 10.643
v 28.419 32.834 10.094
v 28.779 33.250 10.094
v -34.410 -31.060 10.640
v -34.750 -30.766 10.640
v -34.749 -30.764 10.190
v -34.408 -31.058 10.190
v 25.762 38.534 11.100
v 25.422 38.828 11.100
v 25.423 38.830 10.650
v 25.763 38.536 10.650
v -38.903 -27.175 11.135
v -39.244 -26.881 11.135
v -39.242 -26.879 10.685
v -38.902 -27.173 10.685
v 21.269 42.419 11.595
v 20.928 42.713 11.595
v 20.930 42.715 11.145
v 21.270 42.421 11.145
v -43.230 -23.434 11.612
v -43.571 -23.140 11.612
v -43.569 -23.138 11.162
v -43.229 -23.432 11.162
v 16.942 46.160 12.072
v 16.601 46.455 12.072
v 16.603 46.456 11.622
v 16.943 46.162 11.622
v -43.495 -23.205 11.420
v -43.911 -22.846 11.420
v -43.909 -22.843 10.870
v -43.493 -23.203 10.870
v 16.677 46.389 11.880
v 16.261 46.749 11.880
v 16.263 46.751 11.330
v 16.679 46.391 11.330
v -25.423 -38.830 10.640
v -25.763 -38.536 10.640
v -25.762 -38.534 10.190
v -25.422 -38.828 10.190
v 34.749 30.764 11.100
v 34.408 31.058 11.100
v 34.410 31.060 10.650
v 34.750 30.766 10.650
v -20.930 -42.715 11.135
v -21.270 -42.421 11.135
v -21.269 -42.419 10.685
v -20.928 -42.713 10.685
v 39.242 26.879 11.595
v 38.902 27.173 11.595
v 38.903 27.175 11.145
v 39.244 26.881 11.145
v -16.603 -46.456 11.612
v -16.943 -46.162 11.612
v -16.942 -46.160 11.162
v -16.601 -46.455 11.162
v 43.569 23.138 12.072
v 43.229 23.432 12.072
v 43.230 23.434 11.622
v 43.571 23.140 11.622
v -16.263 -46.751 11.420
v -16.679 -46.391 11.420
v -16.677 -46.389 10.870
v -16.261 -46.749 10.870
v 43.909 22.843 11.880
v 43.493 23.203 11.880
v 43.495 23.205 11.330
v 43.911 22.846 11.330
v -40.348 -20.980 12.109
v -36.712 -16.774 12.136
v -33.966 -19.148 11.834
v -37.602 -23.354 11.806
v -40.348 -20.980 11.979
v -36.712 -16.774 12.006
v -33.966 -19.148 11.704
v -37.602 -23.354 11.676
v -36.659 -16.714 12.137
v -33.023 -12.508 12.165
v -30.277 -14.882 11.862
v -33.914 -19.088 11.834
v -36.659 -16.714 12.007
v -33.023 -12.508 12.035
v -30.277 -14.882 11.732
v -33.914 -19.088 11.704
v -32.971 -12.447 12.165
v -29.334 -8.241 12.193
v -26.588 -10.615 11.890
v -30.225 -14.821 11.863
v -32.971 -12.447 12.035
v -29.334 -8.241 12.063
v -26.588 -10.615 11.760
v -30.225 -14.821 11.733
v -29.282 -8.181 12.193
v -25.645 -3.975 12.221
v -22.899 -6.349 11.919
v -26.536 -10.555 11.891
v -29.282 -8.181 12.063
v -25.645 -3.975 12.091
v -22.899 -6.349 11.789
v -26.536 -10.555 11.761
v -25.593 -3.914 12.221
v -21.957 0.292 12.249
v -19.211 -2.083 11.947
v -22.847 -6.289 11.919
v -25.593 -3.914 12.091
v -21.957 0.292 12.119
v -19.211 -2.083 11.817
v -22.847 -6.289 11.789
v -21.904 0.352 12.250
v -18.268 4.558 12.277
v -15.522 2.184 11.975
v -19.158 -2.022 11.947
v -21.904 0.352 12.120
v -18.268 4.558 12.147
v -15.522 2.184 11.845
v -19.158 -2.022 11.817
v -18.216 4.619 12.278
v -14.579 8.824 12.306
v -11.833 6.450 12.003
v -15.470 2.244 11.975
v -18.216 4.619 12.148
v -14.579 8.824 12.176
v -11.833 6.450 11.873
v -15.470 2.244 11.845
v -14.527 8.885 12.306
v -10.890 13.091 12.334
v -8.144 10.717 12.031
v -11.781 6.511 12.004
v -14.527 8.885 12.176
v -10.890 13.091 12.204
v -8.144 10.717 11.901
v -11.781 6.511 11.874
v -10.838 13.151 12.334
v -7.201 17.357 12.362
v -4.456 14.983 12.060
v -8.092 10.777 12.032
v -10.838 13.151 12.204
v -7.201 17.357 12.232
v -4.456 14.983 11.930
v -8.092 10.777 11.902
v -7.149 17.418 12.362
v -3.513 21.624 12.390
v -0.767 19.250 12.088
v -4.403 15.044 12.060
v -7.149 17.418 12.232
v -3.513 21.624 12.260
v -0.767 19.250 11.958
v -4.403 15.044 11.930
v -3.460 21.684 12.391
v 0.176 25.890 12.418
v 2.922 23.516 12.116
v -0.714 19.310 12.088
v -3.460 21.684 12.261
v 0.176 25.890 12.288
v 2.922 23.516 11.986
v -0.714 19.310 11.958
v 0.228 25.951 12.419
v 3.865 30.157 12.447
v 6.611 27.782 12.144
v 2.974 23.576 12.116
v 0.228 25.951 12.289
v 3.865 30.157 12.317
v 6.611 27.782 12.014
v 2.974 23.576 11.986
v 3.917 30.217 12.447
v 7.554 34.423 12.475
v 10.300 32.049 12.172
v 6.663 27.843 12.145
v 3.917 30.217 12.317
v 7.554 34.423 12.345
v 10.300 32.049 12.042
v 6.663 27.843 12.015
v 7.606 34.484 12.475
v 11.242 38.689 12.503
v 13.988 36.315 12.201
v 10.352 32.109 12.173
v 7.606 34.484 12.345
v 11.242 38.689 12.373
v 13.988 36.315 12.071
v 10.352 32.109 12.043
v 11.295 38.750 12.503
v 14.931 42.956 12.531
v 17.677 40.582 12.229
v 14.041 36.376 12.201
v 11.295 38.750 12.373
v 14.931 42.956 12.401
v 17.677 40.582 12.099
v 14.041 36.376 12.071
v -37.542 -23.407 11.800
v -33.905 -19.201 11.827
v -31.159 -21.575 11.525
v -34.796 -25.781 11.497
v -37.542 -23.407 11.670
v -33.905 -19.201 11.697
v -31.159 -21.575 11.395
v -34.796 -25.781 11.367
v -33.853 -19.140 11.828
v -30.217 -14.934 11.856
v -27.471 -17.308 11.553
v -31.107 -21.514 11.525
v -33.853 -19.140 11.698
v -30.217 -14.934 11.726
v -27.471 -17.308 11.423
v -31.107 -21.514 11.395
v -30.164 -14.874 11.856
v -26.528 -10.668 11.884
v -23.782 -13.042 11.581
v -27.418 -17.248 11.553
v -30.164 -14.874 11.726
v -26.528 -10.668 11.754
v -23.782 -13.042 11.451
v -27.418 -17.248 11.423
v -26.475 -10.607 11.884
v -22.839 -6.401 11.912
v -20.093 -8.776 11.609
v -23.730 -12.981 11.582
v -26.475 -10.607 11.754
v -22.839 -6.401 11.782
v -20.093 -8.776 11.479
v -23.730 -12.981 11.452
v -22.787 -6.341 11.912
v -19.150 -2.135 11.940
v -16.404 -4.509 11.638
v -20.041 -8.715 11.610
v -22.787 -6.341 11.782
v -19.150 -2.135 11.810
v -16.404 -4.509 11.508
v -20.041 -8.715 11.480
v -19.098 -2.074 11.941
v -15.461 2.131 11.968
v -12.715 -0.243 11.666
v -16.352 -4.449 11.638
v -19.098 -2.074 11.811
v -15.461 2.131 11.838
v -12.715 -0.243 11.536
v -16.352 -4.449 11.508
v -15.409 2.192 11.969
v -11.773 6.398 11.997
v -9.027 4.024 11.694
v -12.663 -0.182 11.666
v -15.409 2.192 11.839
v -11.773 6.398 11.867
v -9.027 4.024 11.564
v -12.663 -0.182 11.536
v -11.720 6.458 11.997
v -8.084 10.664 12.025
v -5.338 8.290 11.722
v -8.974 4.084 11.694
v -11.720 6.458 11.867
v -8.084 10.664 11.895
v -5.338 8.290 11.592
v -8.974 4.084 11.564
v -8.031 10.725 12.025
v -4.395 14.931 12.053
v -1.649 12.557 11.750
v -5.286 8.351 11.723
v -8.031 10.725 11.895
v -4.395 14.931 11.923
v -1.649 12.557 11.620
v -5.286 8.351 11.593
v -4.343 14.991 12.053
v -0.706 19.197 12.081
v 2.040 16.823 11.779
v -1.597 12.617 11.751
v -4.343 14.991 11.923
v -0.706 19.197 11.951
v 2.040 16.823 11.649
v -1.597 12.617 11.621
v -0.654 19.258 12.082
v 2.983 23.464 12.109
v 5.729 21.089 11.807
v 2.092 16.884 11.779
v -0.654 19.258 11.952
v 2.983 23.464 11.979
v 5.729 21.089 11.677
v 2.092 16.884 11.649
v 3.035 23.524 12.110
v 6.671 27.730 12.138
v 9.417 25.356 11.835
v 5.781 21.150 11.807
v 3.035 23.524 11.980
v 6.671 27.730 12.008
v 9.417 25.356 11.705
v 5.781 21.150 11.677
v 6.724 27.791 12.138
v 10.360 31.996 12.166
v 13.106 29.622 11.863
v 9.470 25.416 11.835
v 6.724 27.791 12.008
v 10.360 31.996 12.036
v 13.106 29.622 11.733
v 9.470 25.416 11.705
v 10.412 32.057 12.166
v 14.049 36.263 12.194
v 16.795 33.889 11.891
v 13.158 29.683 11.864
v 10.412 32.057 12.036
v 14.049 36.263 12.064
v 16.795 33.889 11.761
v 13.158 29.683 11.734
v 14.101 36.323 12.194
v 17.738 40.529 12.222
v 20.484 38.155 11.920
v 16.847 33.949 11.892
v 14.101 36.323 12.064
v 17.738 40.529 12.092
v 20.484 38.155 11.790
v 16.847 33.949 11.762
v -34.735 -25.833 11.490
v -31.099 -21.627 11.518
v -28.353 -24.001 11.216
v -31.989 -28.207 11.188
v -34.735 -25.833 11.360
v -31.099 -21.627 11.388
v -28.353 -24.001 11.086
v -31.989 -28.207 11.058
v -31.047 -21.567 11.519
v -27.410 -17.361 11.546
v -24.664 -19.735 11.244
v -28.301 -23.941 11.216
v -31.047 -21.567 11.389
v -27.410 -17.361 11.416
v -24.664 -19.735 11.114
v -28.301 -23.941 11.086
v -27.358 -17.300 11.547
v -23.721 -13.094 11.575
v -20.975 -15.468 11.272
v -24.612 -19.674 11.244
v -27.358 -17.300 11.417
v -23.721 -13.094 11.445
v -20.975 -15.468 11.142
v -24.612 -19.674 11.114
v -23.669 -13.034 11.575
v -20.033 -8.828 11.603
v -17.287 -11.202 11.300
v -20.923 -15.408 11.272
v -23.669 -13.034 11.445
v -20.033 -8.828 11.473
v -17.287 -11.202 11.170
v -20.923 -15.408 11.142
v -19.980 -8.767 11.603
v -16.344 -4.561 11.631
v -13.598 -6.936 11.328
v -17.234 -11.142 11.301
v -19.980 -8.767 11.473
v -16.344 -4.561 11.501
v -13.598 -6.936 11.198
v -17.234 -11.142 11.171
v -16.291 -4.501 11.631
v -12.655 -0.295 11.659
v -9.909 -2.669 11.357
v -13.545 -6.875 11.329
v -16.291 -4.501 11.501
v -12.655 -0.295 11.529
v -9.909 -2.669 11.227
v -13.545 -6.875 11.199
v -12.603 -0.234 11.660
v -8.966 3.971 11.687
v -6.220 1.597 11.385
v -9.857 -2.609 11.357
v -12.603 -0.234 11.530
v -8.966 3.971 11.557
v -6.220 1.597 11.255
v -9.857 -2.609 11.227
v -8.914 4.032 11.688
v -5.277 8.238 11.716
v -2.531 5.864 11.413
v -6.168 1.658 11.385
v -8.914 4.032 11.558
v -5.277 8.238 11.586
v -2.531 5.864 11.283
v -6.168 1.658 11.255
v -5.225 8.298 11.716
v -1.589 12.504 11.744
v 1.157 10.130 11.441
v -2.479 5.924 11.413
v -5.225 8.298 11.586
v -1.589 12.504 11.614
v 1.157 10.130 11.311
v -2.479 5.924 11.283
v -1.536 12.565 11.744
v 2.100 16.771 11.772
v 4.846 14.397 11.469
v 1.210 10.191 11.442
v -1.536 12.565 11.614
v 2.100 16.771 11.642
v 4.846 14.397 11.339
v 1.210 10.191 11.312
v 2.153 16.831 11.772
v 5.789 21.037 11.800
v 8.535 18.663 11.498
v 4.899 14.457 11.470
v 2.153 16.831 11.642
v 5.789 21.037 11.670
v 8.535 18.663 11.368
v 4.899 14.457 11.340
v 5.841 21.098 11.801
v 9.478 25.304 11.828
v 12.224 22.929 11.526
v 8.587 18.723 11.498
v 5.841 21.098 11.671
v 9.478 25.304 11.698
v 12.224 22.929 11.396
v 8.587 18.723 11.368
v 9.530 25.364 11.829
v 13.167 29.570 11.857
v 15.913 27.196 11.554
v 12.276 22.990 11.526
v 9.530 25.364 11.699
v 13.167 29.570 11.727
v 15.913 27.196 11.424
v 12.276 22.990 11.396
v 13.219 29.631 11.857
v 16.855 33.836 11.885
v 19.601 31.462 11.582
v 15.965 27.256 11.554
v 13.219 29.631 11.727
v 16.855 33.836 11.755
v 19.601 31.462 11.452
v 15.965 27.256 11.424
v 16.908 33.897 11.885
v 20.544 38.103 11.913
v 23.290 35.729 11.610
v 19.654 31.523 11.583
v 16.908 33.897 11.755
v 20.544 38.103 11.783
v 23.290 35.729 11.480
v 19.654 31.523 11.453
v -31.929 -28.260 11.181
v -28.292 -24.054 11.209
v -25.546 -26.428 10.906
v -29.183 -30.634 10.879
v -31.929 -28.260 11.051
v -28.292 -24.054 11.079
v -25.546 -26.428 10.776
v -29.183 -30.634 10.749
v -28.240 -23.993 11.209
v -24.604 -19.787 11.237
v -21.858 -22.161 10.935
v -25.494 -26.367 10.907
v -28.240 -23.993 11.079
v -24.604 -19.787 11.107
v -21.858 -22.161 10.805
v -25.494 -26.367 10.777
v -24.551 -19.727 11.238
v -20.915 -15.521 11.265
v -18.169 -17.895 10.963
v -21.805 -22.101 10.935
v -24.551 -19.727 11.108
v -20.915 -15.521 11.135
v -18.169 -17.895 10.833
v -21.805 -22.101 10.805
v -20.863 -15.460 11.266
v -17.226 -11.254 11.294
v -14.480 -13.629 10.991
v -18.117 -17.834 10.963
v -20.863 -15.460 11.136
v -17.226 -11.254 11.164
v -14.480 -13.629 10.861
v -18.117 -17.834 10.833
v -17.174 -11.194 11.294
v -13.537 -6.988 11.322
v -10.791 -9.362 11.019
v -14.428 -13.568 10.991
v -17.174 -11.194 11.164
v -13.537 -6.988 11.192
v -10.791 -9.362 10.889
v -14.428 -13.568 10.861
v -13.485 -6.927 11.322
v -9.848 -2.721 11.350
v -7.103 -5.096 11.047
v -10.739 -9.302 11.020
v -13.485 -6.927 11.192
v -9.848 -2.721 11.220
v -7.103 -5.096 10.917
v -10.739 -9.302 10.890
v -9.796 -2.661 11.350
v -6.160 1.545 11.378
v -3.414 -0.829 11.076
v -7.050 -5.035 11.048
v -9.796 -2.661 11.220
v -6.160 1.545 11.248
v -3.414 -0.829 10.946
v -7.050 -5.035 10.918
v -6.107 1.605 11.379
v -2.471 5.811 11.406
v 0.275 3.437 11.104
v -3.361 -0.769 11.076
v -6.107 1.605 11.249
v -2.471 5.811 11.276
v 0.275 3.437 10.974
v -3.361 -0.769 10.946
v -2.419 5.872 11.407
v 1.218 10.078 11.435
v 3.964 7.704 11.132
v 0.327 3.498 11.104
v -2.419 5.872 11.277
v 1.218 10.078 11.305
v 3.964 7.704 11.002
v 0.327 3.498 10.974
v 1.270 10.138 11.435
v 4.907 14.344 11.463
v 7.653 11.970 11.160
v 4.016 7.764 11.132
v 1.270 10.138 11.305
v 4.907 14.344 11.333
v 7.653 11.970 11.030
v 4.016 7.764 11.002
v 4.959 14.405 11.463
v 8.595 18.611 11.491
v 11.341 16.236 11.188
v 7.705 12.031 11.161
v 4.959 14.405 11.333
v 8.595 18.611 11.361
v 11.341 16.236 11.058
v 7.705 12.031 11.031
v 8.648 18.671 11.491
v 12.284 22.877 11.519
v 15.030 20.503 11.217
v 11.394 16.297 11.189
v 8.648 18.671 11.361
v 12.284 22.877 11.389
v 15.030 20.503 11.087
v 11.394 16.297 11.059
v 12.337 22.938 11.520
v 15.973 27.144 11.547
v 18.719 24.769 11.245
v 15.083 20.563 11.217
v 12.337 22.938 11.390
v 15.973 27.144 11.417
v 18.719 24.769 11.115
v 15.083 20.563 11.087
v 16.025 27.204 11.548
v 19.662 31.410 11.576
v 22.408 29.036 11.273
v 18.771 24.830 11.245
v 16.025 27.204 11.418
v 19.662 31.410 11.446
v 22.408 29.036 11.143
v 18.771 24.830 11.115
v 19.714 31.470 11.576
v 23.351 35.676 11.604
v 26.097 33.302 11.301
v 22.460 29.096 11.273
v 19.714 31.470 11.446
v 23.351 35.676 11.474
v 26.097 33.302 11.171
v 22.460 29.096 11.143
v -17.677 -40.582 11.806
v -14.041 -36.376 11.834
v -11.295 -38.750 12.136
v -14.931 -42.956 12.109
v -17.677 -40.582 11.676
v -14.041 -36.376 11.704
v -11.295 -38.750 12.006
v -14.931 -42.956 11.979
v -13.988 -36.315 11.834
v -10.352 -32.109 11.862
v -7.606 -34.484 12.165
v -11.242 -38.689 12.137
v -13.988 -36.315 11.704
v -10.352 -32.109 11.732
v -7.606 -34.484 12.035
v -11.242 -38.689 12.007
v -10.300 -32.049 11.863
v -6.663 -27.843 11.890
v -3.917 -30.217 12.193
v -7.554 -34.423 12.165
v -10.300 -32.049 11.733
v -6.663 -27.843 11.760
v -3.917 -30.217 12.063
v -7.554 -34.423 12.035
v -6.611 -27.782 11.891
v -2.974 -23.576 11.919
v -0.228 -25.951 12.221
v -3.865 -30.157 12.193
v -6.611 -27.782 11.761
v -2.974 -23.576 11.789
v -0.228 -25.951 12.091
v -3.865 -30.157 12.063
v -2.922 -23.516 11.919
v 0.714 -19.310 11.947
v 3.460 -21.684 12.249
v -0.176 -25.890 12.221
v -2.922 -23.516 11.789
v 0.714 -19.310 11.817
v 3.460 -21.684 12.119
v -0.176 -25.890 12.091
v 0.767 -19.250 11.947
v 4.403 -15.044 11.975
v 7.149 -17.418 12.277
v 3.513 -21.624 12.250
v 0.767 -19.250 11.817
v 4.403 -15.044 11.845
v 7.149 -17.418 12.147
v 3.513 -21.624 12.120
v 4.456 -14.983 11.975
v 8.092 -10.777 12.003
v 10.838 -13.151 12.306
v 7.201 -17.357 12.278
v 4.456 -14.983 11.845
v 8.092 -10.777 11.873
v 10.838 -13.151 12.176
v 7.201 -17.357 12.148
v 8.144 -10.717 12.004
v 11.781 -6.511 12.031
v 14.527 -8.885 12.334
v 10.890 -13.091 12.306
v 8.144 -10.717 11.874
v 11.781 -6.511 11.901
v 14.527 -8.885 12.204
v 10.890 -13.091 12.176
v 11.833 -6.450 12.032
v 15.470 -2.244 12.060
v 18.216 -4.619 12.362
v 14.579 -8.824 12.334
v 11.833 -6.450 11.902
v 15.470 -2.244 11.930
v 18.216 -4.619 12.232
v 14.579 -8.824 12.204
v 15.522 -2.184 12.060
v 19.158 2.022 12.088
v 21.904 -0.352 12.390
v 18.268 -4.558 12.362
v 15.522 -2.184 11.930
v 19.158 2.022 11.958
v 21.904 -0.352 12.260
v 18.268 -4.558 12.232
v 19.211 2.083 12.088
v 22.847 6.289 12.116
v 25.593 3.914 12.418
v 21.957 -0.292 12.391
v 19.211 2.083 11.958
v 22.847 6.289 11.986
v 25.593 3.914 12.288
v 21.957 -0.292 12.261
v 22.899 6.349 12.116
v 26.536 10.555 12.144
v 29.282 8.181 12.447
v 25.645 3.975 12.419
v 22.899 6.349 11.986
v 26.536 10.555 12.014
v 29.282 8.181 12.317
v 25.645 3.975 12.289
v 26.588 10.615 12.145
v 30.225 14.821 12.172
v 32.971 12.447 12.475
v 29.334 8.241 12.447
v 26.588 10.615 12.015
v 30.225 14.821 12.042
v 32.971 12.447 12.345
v 29.334 8.241 12.317
v 30.277 14.882 12.173
v 33.914 19.088 12.201
v 36.659 16.714 12.503
v 33.023 12.508 12.475
v 30.277 14.882 12.043
v 33.914 19.088 12.071
v 36.659 16.714 12.373
v 33.023 12.508 12.345
v 33.966 19.148 12.201
v 37.602 23.354 12.229
v 40.348 20.980 12.531
v 36.712 16.774 12.503
v 33.966 19.148 12.071
v 37.602 23.354 12.099
v 40.348 20.980 12.401
v 36.712 16.774 12.373
v -20.484 -38.155 11.497
v -16.847 -33.949 11.525
v -14.101 -36.323 11.827
v -17.738 -40.529 11.800
v -20.484 -38.155 11.367
v -16.847 -33.949 11.395
v -14.101 -36.323 11.697
v -17.738 -40.529 11.670
v -16.795 -33.889 11.525
v -13.158 -29.683 11.553
v -10.412 -32.057 11.856
v -14.049 -36.263 11.828
v -16.795 -33.889 11.395
v -13.158 -29.683 11.423
v -10.412 -32.057 11.726
v -14.049 -36.263 11.698
v -13.106 -29.622 11.553
v -9.470 -25.416 11.581
v -6.724 -27.791 11.884
v -10.360 -31.996 11.856
v -13.106 -29.622 11.423
v -9.470 -25.416 11.451
v -6.724 -27.791 11.754
v -10.360 -31.996 11.726
v -9.417 -25.356 11.582
v -5.781 -21.150 11.609
v -3.035 -23.524 11.912
v -6.671 -27.730 11.884
v -9.417 -25.356 11.452
v -5.781 -21.150 11.479
v -3.035 -23.524 11.782
v -6.671 -27.730 11.754
v -5.729 -21.089 11.610
v -2.092 -16.884 11.638
v 0.654 -19.258 11.940
v -2.983 -23.464 11.912
v -5.729 -21.089 11.480
v -2.092 -16.884 11.508
v 0.654 -19.258 11.810
v -2.983 -23.464 11.782
v -2.040 -16.823 11.638
v 1.597 -12.617 11.666
v 4.343 -14.991 11.968
v 0.706 -19.197 11.941
v -2.040 -16.823 11.508
v 1.597 -12.617 11.536
v 4.343 -14.991 11.838
v 0.706 -19.197 11.811
v 1.649 -12.557 11.666
v 5.286 -8.351 11.694
v 8.031 -10.725 11.997
v 4.395 -14.931 11.969
v 1.649 -12.557 11.536
v 5.286 -8.351 11.564
v 8.031 -10.725 11.867
v 4.395 -14.931 11.839
v 5.338 -8.290 11.694
v 8.974 -4.084 11.722
v 11.720 -6.458 12.025
v 8.084 -10.664 11.997
v 5.338 -8.290 11.564
v 8.974 -4.084 11.592
v 11.720 -6.458 11.895
v 8.084 -10.664 11.867
v 9.027 -4.024 11.723
v 12.663 0.182 11.750
v 15.409 -2.192 12.053
v 11.773 -6.398 12.025
v 9.027 -4.024 11.593
v 12.663 0.182 11.620
v 15.409 -2.192 11.923
v 11.773 -6.398 11.895
v 12.715 0.243 11.751
v 16.352 4.449 11.779
v 19.098 2.074 12.081
v 15.461 -2.131 12.053
v 12.715 0.243 11.621
v 16.352 4.449 11.649
v 19.098 2.074 11.951
v 15.461 -2.131 11.923
v 16.404 4.509 11.779
v 20.041 8.715 11.807
v 22.787 6.341 12.109
v 19.150 2.135 12.082
v 16.404 4.509 11.649
v 20.041 8.715 11.677
v 22.787 6.341 11.979
v 19.150 2.135 11.952
v 20.093 8.776 11.807
v 23.730 12.981 11.835
v 26.475 10.607 12.138
v 22.839 6.401 12.110
v 20.093 8.776 11.677
v 23.730 12.981 11.705
v 26.475 10.607 12.008
v 22.839 6.401 11.980
v 23.782 13.042 11.835
v 27.418 17.248 11.863
v 30.164 14.874 12.166
v 26.528 10.668 12.138
v 23.782 13.042 11.705
v 27.418 17.248 11.733
v 30.164 14.874 12.036
v 26.528 10.668 12.008
v 27.471 17.308 11.864
v 31.107 21.514 11.891
v 33.853 19.140 12.194
v 30.217 14.934 12.166
v 27.471 17.308 11.734
v 31.107 21.514 11.761
v 33.853 19.140 12.064
v 30.217 14.934 12.036
v 31.159 21.575 11.892
v 34.796 25.781 11.920
v 37.542 23.407 12.222
v 33.905 19.201 12.194
v 31.159 21.575 11.762
v 34.796 25.781 11.790
v 37.542 23.407 12.092
v 33.905 19.201 12.064
v -23.290 -35.729 11.188
v -19.654 -31.523 11.216
v -16.908 -33.897 11.518
v -20.544 -38.103 11.490
v -23.290 -35.729 11.058
v -19.654 -31.523 11.086
v -16.908 -33.897 11.388
v -20.544 -38.103 11.360
v -19.601 -31.462 11.216
v -15.965 -27.256 11.244
v -13.219 -29.631 11.546
v -16.855 -33.836 11.519
v -19.601 -31.462 11.086
v -15.965 -27.256 11.114
v -13.219 -29.631 11.416
v -16.855 -33.836 11.389
v -15.913 -27.196 11.244
v -12.276 -22.990 11.272
v -9.530 -25.364 11.575
v -13.167 -29.570 11.547
v -15.913 -27.196 11.114
v -12.276 -22.990 11.142
v -9.530 -25.364 11.445
v -13.167 -29.570 11.417
v -12.224 -22.929 11.272
v -8.587 -18.723 11.300
v -5.841 -21.098 11.603
v -9.478 -25.304 11.575
v -12.224 -22.929 11.142
v -8.587 -18.723 11.170
v -5.841 -21.098 11.473
v -9.478 -25.304 11.445
v -8.535 -18.663 11.301
v -4.899 -14.457 11.328
v -2.153 -16.831 11.631
v -5.789 -21.037 11.603
v -8.535 -18.663 11.171
v -4.899 -14.457 11.198
v -2.153 -16.831 11.501
v -5.789 -21.037 11.473
v -4.846 -14.397 11.329
v -1.210 -10.191 11.357
v 1.536 -12.565 11.659
v -2.100 -16.771 11.631
v -4.846 -14.397 11.199
v -1.210 -10.191 11.227
v 1.536 -12.565 11.529
v -2.100 -16.771 11.501
v -1.157 -10.130 11.357
v 2.479 -5.924 11.385
v 5.225 -8.298 11.687
v 1.589 -12.504 11.660
v -1.157 -10.130 11.227
v 2.479 -5.924 11.255
v 5.225 -8.298 11.557
v 1.589 -12.504 11.530
v 2.531 -5.864 11.385
v 6.168 -1.658 11.413
v 8.914 -4.032 11.716
v 5.277 -8.238 11.688
v 2.531 -5.864 11.255
v 6.168 -1.658 11.283
v 8.914 -4.032 11.586
v 5.277 -8.238 11.558
v 6.220 -1.597 11.413
v 9.857 2.609 11.441
v 12.603 0.234 11.744
v 8.966 -3.971 11.716
v 6.220 -1.597 11.283
v 9.857 2.609 11.311
v 12.603 0.234 11.614
v 8.966 -3.971 11.586
v 9.909 2.669 11.442
v 13.545 6.875 11.469
v 16.291 4.501 11.772
v 12.655 0.295 11.744
v 9.909 2.669 11.312
v 13.545 6.875 11.339
v 16.291 4.501 11.642
v 12.655 0.295 11.614
v 13.598 6.936 11.470
v 17.234 11.142 11.498
v 19.980 8.767 11.800
v 16.344 4.561 11.772
v 13.598 6.936 11.340
v 17.234 11.142 11.368
v 19.980 8.767 11.670
v 16.344 4.561 11.642
v 17.287 11.202 11.498
v 20.923 15.408 11.526
v 23.669 13.034 11.828
v 20.033 8.828 11.801
v 17.287 11.202 11.368
v 20.923 15.408 11.396
v 23.669 13.034 11.698
v 20.033 8.828 11.671
v 20.975 15.468 11.526
v 24.612 19.674 11.554
v 27.358 17.300 11.857
v 23.721 13.094 11.829
v 20.975 15.468 11.396
v 24.612 19.674 11.424
v 27.358 17.300 11.727
v 23.721 13.094 11.699
v 24.664 19.735 11.554
v 28.301 23.941 11.582
v 31.047 21.567 11.885
v 27.410 17.361 11.857
v 24.664 19.735 11.424
v 28.301 23.941 11.452
v 31.047 21.567 11.755
v 27.410 17.361 11.727
v 28.353 24.001 11.583
v 31.989 28.207 11.610
v 34.735 25.833 11.913
v 31.099 21.627 11.885
v 28.353 24.001 11.453
v 31.989 28.207 11.480
v 34.735 25.833 11.783
v 31.099 21.627 11.755
v -26.097 -33.302 10.879
v -22.460 -29.096 10.906
v -19.714 -31.470 11.209
v -23.351 -35.676 11.181
v -26.097 -33.302 10.749
v -22.460 -29.096 10.776
v -19.714 -31.470 11.079
v -23.351 -35.676 11.051
v -22.408 -29.036 10.907
v -18.771 -24.830 10.935
v -16.025 -27.204 11.237
v -19.662 -31.410 11.209
v -22.408 -29.036 10.777
v -18.771 -24.830 10.805
v -16.025 -27.204 11.107
v -19.662 -31.410 11.079
v -18.719 -24.769 10.935
v -15.083 -20.563 10.963
v -12.337 -22.938 11.265
v -15.973 -27.144 11.238
v -18.719 -24.769 10.805
v -15.083 -20.563 10.833
v -12.337 -22.938 11.135
v -15.973 -27.144 11.108
v -15.030 -20.503 10.963
v -11.394 -16.297 10.991
v -8.648 -18.671 11.294
v -12.284 -22.877 11.266
v -15.030 -20.503 10.833
v -11.394 -16.297 10.861
v -8.648 -18.671 11.164
v -12.284 -22.877 11.136
v -11.341 -16.236 10.991
v -7.705 -12.031 11.019
v -4.959 -14.405 11.322
v -8.595 -18.611 11.294
v -11.341 -16.236 10.861
v -7.705 -12.031 10.889
v -4.959 -14.405 11.192
v -8.595 -18.611 11.164
v -7.653 -11.970 11.020
v -4.016 -7.764 11.047
v -1.270 -10.138 11.350
v -4.907 -14.344 11.322
v -7.653 -11.970 10.890
v -4.016 -7.764 10.917
v -1.270 -10.138 11.220
v -4.907 -14.344 11.192
v -3.964 -7.704 11.048
v -0.327 -3.498 11.076
v 2.419 -5.872 11.378
v -1.218 -10.078 11.350
v -3.964 -7.704 10.918
v -0.327 -3.498 10.946
v 2.419 -5.872 11.248
v -1.218 -10.078 11.220
v -0.275 -3.437 11.076
v 3.361 0.769 11.104
v 6.107 -1.605 11.406
v 2.471 -5.811 11.379
v -0.275 -3.437 10.946
v 3.361 0.769 10.974
v 6.107 -1.605 11.276
v 2.471 -5.811 11.249
v 3.414 0.829 11.104
v 7.050 5.035 11.132
v 9.796 2.661 11.435
v 6.160 -1.545 11.407
v 3.414 0.829 10.974
v 7.050 5.035 11.002
v 9.796 2.661 11.305
v 6.160 -1.545 11.277
v 7.103 5.096 11.132
v 10.739 9.302 11.160
v 13.485 6.927 11.463
v 9.848 2.721 11.435
v 7.103 5.096 11.002
v 10.739 9.302 11.030
v 13.485 6.927 11.333
v 9.848 2.721 11.305
v 10.791 9.362 11.161
v 14.428 13.568 11.188
v 17.174 11.194 11.491
v 13.537 6.988 11.463
v 10.791 9.362 11.031
v 14.428 13.568 11.058
v 17.174 11.194 11.361
v 13.537 6.988 11.333
v 14.480 13.629 11.189
v 18.117 17.834 11.217
v 20.863 15.460 11.519
v 17.226 11.254 11.491
v 14.480 13.629 11.059
v 18.117 17.834 11.087
v 20.863 15.460 11.389
v 17.226 11.254 11.361
v 18.169 17.895 11.217
v 21.805 22.101 11.245
v 24.551 19.727 11.547
v 20.915 15.521 11.520
v 18.169 17.895 11.087
v 21.805 22.101 11.115
v 24.551 19.727 11.417
v 20.915 15.521 11.390
v 21.858 22.161 11.245
v 25.494 26.367 11.273
v 28.240 23.993 11.576
v 24.604 19.787 11.548
v 21.858 22.161 11.115
v 25.494 26.367 11.143
v 28.240 23.993 11.446
v 24.604 19.787 11.418
v 25.546 26.428 11.273
v 29.183 30.634 11.301
v 31.929 28.260 11.604
v 28.292 24.054 11.576
v 25.546 26.428 11.143
v 29.183 30.634 11.171
v 31.929 28.260 11.474
v 28.292 24.054 11.446
f 2217 2218 2219
f 2217 2219 2220
f 2221 2224 2223
f 2221 2223 2222
f 2217 2221 2222
f 2217 2222 2218
f 2218 2222 2223
f 2218 2223 2219
f 2219 2223 2224
f 2219 2224 2220
f 2220 2224 2221
f 2220 2221 2217
f 2225 2226 2227
f 2225 2227 2228
f 2229 2232 2231
f 2229 2231 2230
f 2225 2229 2230
f 2225 2230 2226
f 2226 2230 2231
f 2226 2231 2227
f 2227 2231 2232
f 2227 2232 2228
f 2228 2232 2229
f 2228 2229 2225
f 2233 2234 2235
f 2233 2235 2236
f 2237 2240 2239
f 2237 2239 2238
f 2233 2237 2238
f 2233 2238 2234
f 2234 2238 2239
f 2234 2239 2235
f 2235 2239 2240
f 2235 2240 2236
f 2236 2240 2237
f 2236 2237 2233
f 2241 2242 2243
f 2241 2243 2244
f 2245 2248 2247
f 2245 2247 2246
f 2241 2245 2246
f 2241 2246 2242
f 2242 2246 2247
f 2242 2247 2243
f 2243 2247 2248
f 2243 2248 2244
f 2244 2248 2245
f 2244 2245 2241
f 2249 2250 2251
f 2249 2251 2252
f 2253 2256 2255
f 2253 2255 2254
f 2249 2253 2254
f 2249 2254 2250
f 2250 2254 2255
f 2250 2255 2251
f 2251 2255 2256
f 2251 2256 2252
f 2252 2256 2253
f 2252 2253 2249
f 2257 2258 2259
f 2257 2259 2260
f 2261 2264 2263
f 2261 2263 2262
f 2257 2261 2262
f 2257 2262 2258
f 2258 2262 2263
f 2258 2263 2259
f 2259 2263 2264
f 2259 2264 2260
f 2260 2264 2261
f 2260 2261 2257
f 2265 2266 2267
f 2265 2267 2268
f 2269 2272 2271
f 2269 2271 2270
f 2265 2269 2270
f 2265 2270 2266
f 2266 2270 2271
f 2266 2271 2267
f 2267 2271 2272
f 2267 2272 2268
f 2268 2272 2269
f 2268 2269 2265
f 2273 2274 2275
f 2273 2275 2276
f 2277 2280 2279
f 2277 2279 2278
f 2273 2277 2278
f 2273 2278 2274
f 2274 2278 2279
f 2274 2279 2275
f 2275 2279 2280
f 2275 2280 2276
f 2276 2280 2277
f 2276 2277 2273
f 2281 2282 2283
f 2281 2283 2284
f 2285 2288 2287
f 2285 2287 2286
f 2281 2285 2286
f 2281 2286 2282
f 2282 2286 2287
f 2282 2287 2283
f 2283 2287 2288
f 2283 2288 2284
f 2284 2288 2285
f 2284 2285 2281
f 2289 2290 2291
f 2289 2291 2292
f 2293 2296 2295
f 2293 2295 2294
f 2289 2293 2294
f 2289 2294 2290
f 2290 2294 2295
f 2290 2295 2291
f 2291 2295 2296
f 2291 2296 2292
f 2292 2296 2293
f 2292 2293 2289
f 2297 2298 2299
f 2297 2299 2300
f 2301 2304 2303
f 2301 2303 2302
f 2297 2301 2302
f 2297 2302 2298
f 2298 2302 2303
f 2298 2303 2299
f 2299 2303 2304
f 2299 2304 2300
f 2300 2304 2301
f 2300 2301 2297
f 2305 2306 2307
f 2305 2307 2308
f 2309 2312 2311
f 2309 2311 2310
f 2305 2309 2310
f 2305 2310 2306
f 2306 2310 2311
f 2306 2311 2307
f 2307 2311 2312
f 2307 2312 2308
f 2308 2312 2309
f 2308 2309 2305
f 2313 2314 2315
f 2313 2315 2316
f 2317 2320 2319
f 2317 2319 2318
f 2313 2317 2318
f 2313 2318 2314
f 2314 2318 2319
f 2314 2319 2315
f 2315 2319 2320
f 2315 2320 2316
f 2316 2320 2317
f 2316 2317 2313
f 2321 2322 2323
f 2321 2323 2324
f 2325 2328 2327
f 2325 2327 2326
f 2321 2325 2326
f 2321 2326 2322
f 2322 2326 2327
f 2322 2327 2323
f 2323 2327 2328
f 2323 2328 2324
f 2324 2328 2325
f 2324 2325 2321
f 2329 2330 2331
f 2329 2331 2332
f 2333 2336 2335
f 2333 2335 2334
f 2329 2333 2334
f 2329 2334 2330
f 2330 2334 2335
f 2330 2335 2331
f 2331 2335 2336
f 2331 2336 2332
f 2332 2336 2333
f 2332 2333 2329
f 2337 2338 2339
f 2337 2339 2340
f 2341 2344 2343
f 2341 2343 2342
f 2337 2341 2342
f 2337 2342 2338
f 2338 2342 2343
f 2338 2343 2339
f 2339 2343 2344
f 2339 2344 2340
f 2340 2344 2341
f 2340 2341 2337
f 2345 2346 2347
f 2345 2347 2348
f 2349 2352 2351
f 2349 2351 2350
f 2345 2349 2350
f 2345 2350 2346
f 2346 2350 2351
f 2346 2351 2347
f 2347 2351 2352
f 2347 2352 2348
f 2348 2352 2349
f 2348 2349 2345
f 2353 2354 2355
f 2353 2355 2356
f 2357 2360 2359
f 2357 2359 2358
f 2353 2357 2358
f 2353 2358 2354
f 2354 2358 2359
f 2354 2359 2355
f 2355 2359 2360
f 2355 2360 2356
f 2356 2360 2357
f 2356 2357 2353
f 2361 2362 2363
f 2361 2363 2364
f 2365 2368 2367
f 2365 2367 2366
f 2361 2365 2366
f 2361 2366 2362
f 2362 2366 2367
f 2362 2367 2363
f 2363 2367 2368
f 2363 2368 2364
f 2364 2368 2365
f 2364 2365 2361
f 2369 2370 2371
f 2369 2371 2372
f 2373 2376 2375
f 2373 2375 2374
f 2369 2373 2374
f 2369 2374 2370
f 2370 2374 2375
f 2370 2375 2371
f 2371 2375 2376
f 2371 2376 2372
f 2372 2376 2373
f 2372 2373 2369
f 2377 2378 2379
f 2377 2379 2380
f 2381 2384 2383
f 2381 2383 2382
f 2377 2381 2382
f 2377 2382 2378
f 2378 2382 2383
f 2378 2383 2379
f 2379 2383 2384
f 2379 2384 2380
f 2380 2384 2381
f 2380 2381 2377
f 2385 2386 2387
f 2385 2387 2388
f 2389 2392 2391
f 2389 2391 2390
f 2385 2389 2390
f 2385 2390 2386
f 2386 2390 2391
f 2386 2391 2387
f 2387 2391 2392
f 2387 2392 2388
f 2388 2392 2389
f 2388 2389 2385
usemtl solar
f 2393 2394 2395
f 2393 2395 2396
f 2400 2399 2398
f 2400 2398 2397
f 2393 2397 2398
f 2393 2398 2394
f 2394 2398 2399
f 2394 2399 2395
f 2395 2399 2400
f 2395 2400 2396
f 2396 2400 2397
f 2396 2397 2393
f 2401 2402 2403
f 2401 2403 2404
f 2408 2407 2406
f 2408 2406 2405
f 2401 2405 2406
f 2401 2406 2402
f 2402 2406 2407
f 2402 2407 2403
f 2403 2407 2408
f 2403 2408 2404
f 2404 2408 2405
f 2404 2405 2401
f 2409 2410 2411
f 2409 2411 2412
f 2416 2415 2414
f 2416 2414 2413
f 2409 2413 2414
f 2409 2414 2410
f 2410 2414 2415
f 2410 2415 2411
f 2411 2415 2416
f 2411 2416 2412
f 2412 2416 2413
f 2412 2413 2409
f 2417 2418 2419
f 2417 2419 2420
f 2424 2423 2422
f 2424 2422 2421
f 2417 2421 2422
f 2417 2422 2418
f 2418 2422 2423
f 2418 2423 2419
f 2419 2423 2424
f 2419 2424 2420
f 2420 2424 2421
f 2420 2421 2417
f 2425 2426 2427
f 2425 2427 2428
f 2432 2431 2430
f 2432 2430 2429
f 2425 2429 2430
f 2425 2430 2426
f 2426 2430 2431
f 2426 2431 2427
f 2427 2431 2432
f 2427 2432 2428
f 2428 2432 2429
f 2428 2429 2425
f 2433 2434 2435
f 2433 2435 2436
f 2440 2439 2438
f 2440 2438 2437
f 2433 2437 2438
f 2433 2438 2434
f 2434 2438 2439
f 2434 2439 2435
f 2435 2439 2440
f 2435 2440 2436
f 2436 2440 2437
f 2436 2437 2433
f 2441 2442 2443
f 2441 2443 2444
f 2448 2447 2446
f 2448 2446 2445
f 2441 2445 2446
f 2441 2446 2442
f 2442 2446 2447
f 2442 2447 2443
f 2443 2447 2448
f 2443 2448 2444
f 2444 2448 2445
f 2444 2445 2441
f 2449 2450 2451
f 2449 2451 2452
f 2456 2455 2454
f 2456 2454 2453
f 2449 2453 2454
f 2449 2454 2450
f 2450 2454 2455
f 2450 2455 2451
f 2451 2455 2456
f 2451 2456 2452
f 2452 2456 2453
f 2452 2453 2449
f 2457 2458 2459
f 2457 2459 2460
f 2464 2463 2462
f 2464 2462 2461
f 2457 2461 2462
f 2457 2462 2458
f 2458 2462 2463
f 2458 2463 2459
f 2459 2463 2464
f 2459 2464 2460
f 2460 2464 2461
f 2460 2461 2457
f 2465 2466 2467
f 2465 2467 2468
f 2472 2471 2470
f 2472 2470 2469
f 2465 2469 2470
f 2465 2470 2466
f 2466 2470 2471
f 2466 2471 2467
f 2467 2471 2472
f 2467 2472 2468
f 2468 2472 2469
f 2468 2469 2465
f 2473 2474 2475
f 2473 2475 2476
f 2480 2479 2478
f 2480 2478 2477
f 2473 2477 2478
f 2473 2478 2474
f 2474 2478 2479
f 2474 2479 2475
f 2475 2479 2480
f 2475 2480 2476
f 2476 2480 2477
f 2476 2477 2473
f 2481 2482 2483
f 2481 2483 2484
f 2488 2487 2486
f 2488 2486 2485
f 2481 2485 2486
f 2481 2486 2482
f 2482 2486 2487
f 2482 2487 2483
f 2483 2487 2488
f 2483 2488 2484
f 2484 2488 2485
f 2484 2485 2481
f 2489 2490 2491
f 2489 2491 2492
f 2496 2495 2494
f 2496 2494 2493
f 2489 2493 2494
f 2489 2494 2490
f 2490 2494 2495
f 2490 2495 2491
f 2491 2495 2496
f 2491 2496 2492
f 2492 2496 2493
f 2492 2493 2489
f 2497 2498 2499
f 2497 2499 2500
f 2504 2503 2502
f 2504 2502 2501
f 2497 2501 2502
f 2497 2502 2498
f 2498 2502 2503
f 2498 2503 2499
f 2499 2503 2504
f 2499 2504 2500
f 2500 2504 2501
f 2500 2501 2497
f 2505 2506 2507
f 2505 2507 2508
f 2512 2511 2510
f 2512 2510 2509
f 2505 2509 2510
f 2505 2510 2506
f 2506 2510 2511
f 2506 2511 2507
f 2507 2511 2512
f 2507 2512 2508
f 2508 2512 2509
f 2508 2509 2505
f 2513 2514 2515
f 2513 2515 2516
f 2520 2519 2518
f 2520 2518 2517
f 2513 2517 2518
f 2513 2518 2514
f 2514 2518 2519
f 2514 2519 2515
f 2515 2519 2520
f 2515 2520 2516
f 2516 2520 2517
f 2516 2517 2513
f 2521 2522 2523
f 2521 2523 2524
f 2528 2527 2526
f 2528 2526 2525
f 2521 2525 2526
f 2521 2526 2522
f 2522 2526 2527
f 2522 2527 2523
f 2523 2527 2528
f 2523 2528 2524
f 2524 2528 2525
f 2524 2525 2521
f 2529 2530 2531
f 2529 2531 2532
f 2536 2535 2534
f 2536 2534 2533
f 2529 2533 2534
f 2529 2534 2530
f 2530 2534 2535
f 2530 2535 2531
f 2531 2535 2536
f 2531 2536 2532
f 2532 2536 2533
f 2532 2533 2529
f 2537 2538 2539
f 2537 2539 2540
f 2544 2543 2542
f 2544 2542 2541
f 2537 2541 2542
f 2537 2542 2538
f 2538 2542 2543
f 2538 2543 2539
f 2539 2543 2544
f 2539 2544 2540
f 2540 2544 2541
f 2540 2541 2537
f 2545 2546 2547
f 2545 2547 2548
f 2552 2551 2550
f 2552 2550 2549
f 2545 2549 2550
f 2545 2550 2546
f 2546 2550 2551
f 2546 2551 2547
f 2547 2551 2552
f 2547 2552 2548
f 2548 2552 2549
f 2548 2549 2545
f 2553 2554 2555
f 2553 2555 2556
f 2560 2559 2558
f 2560 2558 2557
f 2553 2557 2558
f 2553 2558 2554
f 2554 2558 2559
f 2554 2559 2555
f 2555 2559 2560
f 2555 2560 2556
f 2556 2560 2557
f 2556 2557 2553
f 2561 2562 2563
f 2561 2563 2564
f 2568 2567 2566
f 2568 2566 2565
f 2561 2565 2566
f 2561 2566 2562
f 2562 2566 2567
f 2562 2567 2563
f 2563 2567 2568
f 2563 2568 2564
f 2564 2568 2565
f 2564 2565 2561
f 2569 2570 2571
f 2569 2571 2572
f 2576 2575 2574
f 2576 2574 2573
f 2569 2573 2574
f 2569 2574 2570
f 2570 2574 2575
f 2570 2575 2571
f 2571 2575 2576
f 2571 2576 2572
f 2572 2576 2573
f 2572 2573 2569
f 2577 2578 2579
f 2577 2579 2580
f 2584 2583 2582
f 2584 2582 2581
f 2577 2581 2582
f 2577 2582 2578
f 2578 2582 2583
f 2578 2583 2579
f 2579 2583 2584
f 2579 2584 2580
f 2580 2584 2581
f 2580 2581 2577
f 2585 2586 2587
f 2585 2587 2588
f 2592 2591 2590
f 2592 2590 2589
f 2585 2589 2590
f 2585 2590 2586
f 2586 2590 2591
f 2586 2591 2587
f 2587 2591 2592
f 2587 2592 2588
f 2588 2592 2589
f 2588 2589 2585
f 2593 2594 2595
f 2593 2595 2596
f 2600 2599 2598
f 2600 2598 2597
f 2593 2597 2598
f 2593 2598 2594
f 2594 2598 2599
f 2594 2599 2595
f 2595 2599 2600
f 2595 2600 2596
f 2596 2600 2597
f 2596 2597 2593
f 2601 2602 2603
f 2601 2603 2604
f 2608 2607 2606
f 2608 2606 2605
f 2601 2605 2606
f 2601 2606 2602
f 2602 2606 2607
f 2602 2607 2603
f 2603 2607 2608
f 2603 2608 2604
f 2604 2608 2605
f 2604 2605 2601
f 2609 2610 2611
f 2609 2611 2612
f 2616 2615 2614
f 2616 2614 2613
f 2609 2613 2614
f 2609 2614 2610
f 2610 2614 2615
f 2610 2615 2611
f 2611 2615 2616
f 2611 2616 2612
f 2612 2616 2613
f 2612 2613 2609
f 2617 2618 2619
f 2617 2619 2620
f 2624 2623 2622
f 2624 2622 2621
f 2617 2621 2622
f 2617 2622 2618
f 2618 2622 2623
f 2618 2623 2619
f 2619 2623 2624
f 2619 2624 2620
f 2620 2624 2621
f 2620 2621 2617
f 2625 2626 2627
f 2625 2627 2628
f 2632 2631 2630
f 2632 2630 2629
f 2625 2629 2630
f 2625 2630 2626
f 2626 2630 2631
f 2626 2631 2627
f 2627 2631 2632
f 2627 2632 2628
f 2628 2632 2629
f 2628 2629 2625
f 2633 2634 2635
f 2633 2635 2636
f 2640 2639 2638
f 2640 2638 2637
f 2633 2637 2638
f 2633 2638 2634
f 2634 2638 2639
f 2634 2639 2635
f 2635 2639 2640
f 2635 2640 2636
f 2636 2640 2637
f 2636 2637 2633
f 2641 2642 2643
f 2641 2643 2644
f 2648 2647 2646
f 2648 2646 2645
f 2641 2645 2646
f 2641 2646 2642
f 2642 2646 2647
f 2642 2647 2643
f 2643 2647 2648
f 2643 2648 2644
f 2644 2648 2645
f 2644 2645 2641
f 2649 2650 2651
f 2649 2651 2652
f 2656 2655 2654
f 2656 2654 2653
f 2649 2653 2654
f 2649 2654 2650
f 2650 2654 2655
f 2650 2655 2651
f 2651 2655 2656
f 2651 2656 2652
f 2652 2656 2653
f 2652 2653 2649
f 2657 2658 2659
f 2657 2659 2660
f 2664 2663 2662
f 2664 2662 2661
f 2657 2661 2662
f 2657 2662 2658
f 2658 2662 2663
f 2658 2663 2659
f 2659 2663 2664
f 2659 2664 2660
f 2660 2664 2661
f 2660 2661 2657
f 2665 2666 2667
f 2665 2667 2668
f 2672 2671 2670
f 2672 2670 2669
f 2665 2669 2670
f 2665 2670 2666
f 2666 2670 2671
f 2666 2671 2667
f 2667 2671 2672
f 2667 2672 2668
f 2668 2672 2669
f 2668 2669 2665
f 2673 2674 2675
f 2673 2675 2676
f 2680 2679 2678
f 2680 2678 2677
f 2673 2677 2678
f 2673 2678 2674
f 2674 2678 2679
f 2674 2679 2675
f 2675 2679 2680
f 2675 2680 2676
f 2676 2680 2677
f 2676 2677 2673
f 2681 2682 2683
f 2681 2683 2684
f 2688 2687 2686
f 2688 2686 2685
f 2681 2685 2686
f 2681 2686 2682
f 2682 2686 2687
f 2682 2687 2683
f 2683 2687 2688
f 2683 2688 2684
f 2684 2688 2685
f 2684 2685 2681
f 2689 2690 2691
f 2689 2691 2692
f 2696 2695 2694
f 2696 2694 2693
f 2689 2693 2694
f 2689 2694 2690
f 2690 2694 2695
f 2690 2695 2691
f 2691 2695 2696
f 2691 2696 2692
f 2692 2696 2693
f 2692 2693 2689
f 2697 2698 2699
f 2697 2699 2700
f 2704 2703 2702
f 2704 2702 2701
f 2697 2701 2702
f 2697 2702 2698
f 2698 2702 2703
f 2698 2703 2699
f 2699 2703 2704
f 2699 2704 2700
f 2700 2704 2701
f 2700 2701 2697
f 2705 2706 2707
f 2705 2707 2708
f 2712 2711 2710
f 2712 2710 2709
f 2705 2709 2710
f 2705 2710 2706
f 2706 2710 2711
f 2706 2711 2707
f 2707 2711 2712
f 2707 2712 2708
f 2708 2712 2709
f 2708 2709 2705
f 2713 2714 2715
f 2713 2715 2716
f 2720 2719 2718
f 2720 2718 2717
f 2713 2717 2718
f 2713 2718 2714
f 2714 2718 2719
f 2714 2719 2715
f 2715 2719 2720
f 2715 2720 2716
f 2716 2720 2717
f 2716 2717 2713
f 2721 2722 2723
f 2721 2723 2724
f 2728 2727 2726
f 2728 2726 2725
f 2721 2725 2726
f 2721 2726 2722
f 2722 2726 2727
f 2722 2727 2723
f 2723 2727 2728
f 2723 2728 2724
f 2724 2728 2725
f 2724 2725 2721
f 2729 2730 2731
f 2729 2731 2732
f 2736 2735 2734
f 2736 2734 2733
f 2729 2733 2734
f 2729 2734 2730
f 2730 2734 2735
f 2730 2735 2731
f 2731 2735 2736
f 2731 2736 2732
f 2732 2736 2733
f 2732 2733 2729
f 2737 2738 2739
f 2737 2739 2740
f 2744 2743 2742
f 2744 2742 2741
f 2737 2741 2742
f 2737 2742 2738
f 2738 2742 2743
f 2738 2743 2739
f 2739 2743 2744
f 2739 2744 2740
f 2740 2744 2741
f 2740 2741 2737
f 2745 2746 2747
f 2745 2747 2748
f 2752 2751 2750
f 2752 2750 2749
f 2745 2749 2750
f 2745 2750 2746
f 2746 2750 2751
f 2746 2751 2747
f 2747 2751 2752
f 2747 2752 2748
f 2748 2752 2749
f 2748 2749 2745
f 2753 2754 2755
f 2753 2755 2756
f 2760 2759 2758
f 2760 2758 2757
f 2753 2757 2758
f 2753 2758 2754
f 2754 2758 2759
f 2754 2759 2755
f 2755 2759 2760
f 2755 2760 2756
f 2756 2760 2757
f 2756 2757 2753
f 2761 2762 2763
f 2761 2763 2764
f 2768 2767 2766
f 2768 2766 2765
f 2761 2765 2766
f 2761 2766 2762
f 2762 2766 2767
f 2762 2767 2763
f 2763 2767 2768
f 2763 2768 2764
f 2764 2768 2765
f 2764 2765 2761
f 2769 2770 2771
f 2769 2771 2772
f 2776 2775 2774
f 2776 2774 2773
f 2769 2773 2774
f 2769 2774 2770
f 2770 2774 2775
f 2770 2775 2771
f 2771 2775 2776
f 2771 2776 2772
f 2772 2776 2773
f 2772 2773 2769
f 2777 2778 2779
f 2777 2779 2780
f 2784 2783 2782
f 2784 2782 2781
f 2777 2781 2782
f 2777 2782 2778
f 2778 2782 2783
f 2778 2783 2779
f 2779 2783 2784
f 2779 2784 2780
f 2780 2784 2781
f 2780 2781 2777
f 2785 2786 2787
f 2785 2787 2788
f 2792 2791 2790
f 2792 2790 2789
f 2785 2789 2790
f 2785 2790 2786
f 2786 2790 2791
f 2786 2791 2787
f 2787 2791 2792
f 2787 2792 2788
f 2788 2792 2789
f 2788 2789 2785
f 2793 2794 2795
f 2793 2795 2796
f 2800 2799 2798
f 2800 2798 2797
f 2793 2797 2798
f 2793 2798 2794
f 2794 2798 2799
f 2794 2799 2795
f 2795 2799 2800
f 2795 2800 2796
f 2796 2800 2797
f 2796 2797 2793
f 2801 2802 2803
f 2801 2803 2804
f 2808 2807 2806
f 2808 2806 2805
f 2801 2805 2806
f 2801 2806 2802
f 2802 2806 2807
f 2802 2807 2803
f 2803 2807 2808
f 2803 2808 2804
f 2804 2808 2805
f 2804 2805 2801
f 2809 2810 2811
f 2809 2811 2812
f 2816 2815 2814
f 2816 2814 2813
f 2809 2813 2814
f 2809 2814 2810
f 2810 2814 2815
f 2810 2815 2811
f 2811 2815 2816
f 2811 2816 2812
f 2812 2816 2813
f 2812 2813 2809
f 2817 2818 2819
f 2817 2819 2820
f 2824 2823 2822
f 2824 2822 2821
f 2817 2821 2822
f 2817 2822 2818
f 2818 2822 2823
f 2818 2823 2819
f 2819 2823 2824
f 2819 2824 2820
f 2820 2824 2821
f 2820 2821 2817
f 2825 2826 2827
f 2825 2827 2828
f 2832 2831 2830
f 2832 2830 2829
f 2825 2829 2830
f 2825 2830 2826
f 2826 2830 2831
f 2826 2831 2827
f 2827 2831 2832
f 2827 2832 2828
f 2828 2832 2829
f 2828 2829 2825
f 2833 2834 2835
f 2833 2835 2836
f 2840 2839 2838
f 2840 2838 2837
f 2833 2837 2838
f 2833 2838 2834
f 2834 2838 2839
f 2834 2839 2835
f 2835 2839 2840
f 2835 2840 2836
f 2836 2840 2837
f 2836 2837 2833
f 2841 2842 2843
f 2841 2843 2844
f 2848 2847 2846
f 2848 2846 2845
f 2841 2845 2846
f 2841 2846 2842
f 2842 2846 2847
f 2842 2847 2843
f 2843 2847 2848
f 2843 2848 2844
f 2844 2848 2845
f 2844 2845 2841
f 2849 2850 2851
f 2849 2851 2852
f 2856 2855 2854
f 2856 2854 2853
f 2849 2853 2854
f 2849 2854 2850
f 2850 2854 2855
f 2850 2855 2851
f 2851 2855 2856
f 2851 2856 2852
f 2852 2856 2853
f 2852 2853 2849
f 2857 2858 2859
f 2857 2859 2860
f 2864 2863 2862
f 2864 2862 2861
f 2857 2861 2862
f 2857 2862 2858
f 2858 2862 2863
f 2858 2863 2859
f 2859 2863 2864
f 2859 2864 2860
f 2860 2864 2861
f 2860 2861 2857
f 2865 2866 2867
f 2865 2867 2868
f 2872 2871 2870
f 2872 2870 2869
f 2865 2869 2870
f 2865 2870 2866
f 2866 2870 2871
f 2866 2871 2867
f 2867 2871 2872
f 2867 2872 2868
f 2868 2872 2869
f 2868 2869 2865
f 2873 2874 2875
f 2873 2875 2876
f 2880 2879 2878
f 2880 2878 2877
f 2873 2877 2878
f 2873 2878 2874
f 2874 2878 2879
f 2874 2879 2875
f 2875 2879 2880
f 2875 2880 2876
f 2876 2880 2877
f 2876 2877 2873
f 2881 2882 2883
f 2881 2883 2884
f 2888 2887 2886
f 2888 2886 2885
f 2881 2885 2886
f 2881 2886 2882
f 2882 2886 2887
f 2882 2887 2883
f 2883 2887 2888
f 2883 2888 2884
f 2884 2888 2885
f 2884 2885 2881
f 2889 2890 2891
f 2889 2891 2892
f 2896 2895 2894
f 2896 2894 2893
f 2889 2893 2894
f 2889 2894 2890
f 2890 2894 2895
f 2890 2895 2891
f 2891 2895 2896
f 2891 2896 2892
f 2892 2896 2893
f 2892 2893 2889
f 2897 2898 2899
f 2897 2899 2900
f 2904 2903 2902
f 2904 2902 2901
f 2897 2901 2902
f 2897 2902 2898
f 2898 2902 2903
f 2898 2903 2899
f 2899 2903 2904
f 2899 2904 2900
f 2900 2904 2901
f 2900 2901 2897
f 2905 2906 2907
f 2905 2907 2908
f 2912 2911 2910
f 2912 2910 2909
f 2905 2909 2910
f 2905 2910 2906
f 2906 2910 2911
f 2906 2911 2907
f 2907 2911 2912
f 2907 2912 2908
f 2908 2912 2909
f 2908 2909 2905
f 2913 2914 2915
f 2913 2915 2916
f 2920 2919 2918
f 2920 2918 2917
f 2913 2917 2918
f 2913 2918 2914
f 2914 2918 2919
f 2914 2919 2915
f 2915 2919 2920
f 2915 2920 2916
f 2916 2920 2917
f 2916 2917 2913
f 2921 2922 2923
f 2921 2923 2924
f 2928 2927 2926
f 2928 2926 2925
f 2921 2925 2926
f 2921 2926 2922
f 2922 2926 2927
f 2922 2927 2923
f 2923 2927 2928
f 2923 2928 2924
f 2924 2928 2925
f 2924 2925 2921
f 2929 2930 2931
f 2929 2931 2932
f 2936 2935 2934
f 2936 2934 2933
f 2929 2933 2934
f 2929 2934 2930
f 2930 2934 2935
f 2930 2935 2931
f 2931 2935 2936
f 2931 2936 2932
f 2932 2936 2933
f 2932 2933 2929
f 2937 2938 2939
f 2937 2939 2940
f 2944 2943 2942
f 2944 2942 2941
f 2937 2941 2942
f 2937 2942 2938
f 2938 2942 2943
f 2938 2943 2939
f 2939 2943 2944
f 2939 2944 2940
f 2940 2944 2941
f 2940 2941 2937
f 2945 2946 2947
f 2945 2947 2948
f 2952 2951 2950
f 2952 2950 2949
f 2945 2949 2950
f 2945 2950 2946
f 2946 2950 2951
f 2946 2951 2947
f 2947 2951 2952
f 2947 2952 2948
f 2948 2952 2949
f 2948 2949 2945
f 2953 2954 2955
f 2953 2955 2956
f 2960 2959 2958
f 2960 2958 2957
f 2953 2957 2958
f 2953 2958 2954
f 2954 2958 2959
f 2954 2959 2955
f 2955 2959 2960
f 2955 2960 2956
f 2956 2960 2957
f 2956 2957 2953
f 2961 2962 2963
f 2961 2963 2964
f 2968 2967 2966
f 2968 2966 2965
f 2961 2965 2966
f 2961 2966 2962
f 2962 2966 2967
f 2962 2967 2963
f 2963 2967 2968
f 2963 2968 2964
f 2964 2968 2965
f 2964 2965 2961
f 2969 2970 2971
f 2969 2971 2972
f 2976 2975 2974
f 2976 2974 2973
f 2969 2973 2974
f 2969 2974 2970
f 2970 2974 2975
f 2970 2975 2971
f 2971 2975 2976
f 2971 2976 2972
f 2972 2976 2973
f 2972 2973 2969
f 2977 2978 2979
f 2977 2979 2980
f 2984 2983 2982
f 2984 2982 2981
f 2977 2981 2982
f 2977 2982 2978
f 2978 2982 2983
f 2978 2983 2979
f 2979 2983 2984
f 2979 2984 2980
f 2980 2984 2981
f 2980 2981 2977
f 2985 2986 2987
f 2985 2987 2988
f 2992 2991 2990
f 2992 2990 2989
f 2985 2989 2990
f 2985 2990 2986
f 2986 2990 2991
f 2986 2991 2987
f 2987 2991 2992
f 2987 2992 2988
f 2988 2992 2989
f 2988 2989 2985
f 2993 2994 2995
f 2993 2995 2996
f 3000 2999 2998
f 3000 2998 2997
f 2993 2997 2998
f 2993 2998 2994
f 2994 2998 2999
f 2994 2999 2995
f 2995 2999 3000
f 2995 3000 2996
f 2996 3000 2997
f 2996 2997 2993
f 3001 3002 3003
f 3001 3003 3004
f 3008 3007 3006
f 3008 3006 3005
f 3001 3005 3006
f 3001 3006 3002
f 3002 3006 3007
f 3002 3007 3003
f 3003 3007 3008
f 3003 3008 3004
f 3004 3008 3005
f 3004 3005 3001
f 3009 3010 3011
f 3009 3011 3012
f 3016 3015 3014
f 3016 3014 3013
f 3009 3013 3014
f 3009 3014 3010
f 3010 3014 3015
f 3010 3015 3011
f 3011 3015 3016
f 3011 3016 3012
f 3012 3016 3013
f 3012 3013 3009
f 3017 3018 3019
f 3017 3019 3020
f 3024 3023 3022
f 3024 3022 3021
f 3017 3021 3022
f 3017 3022 3018
f 3018 3022 3023
f 3018 3023 3019
f 3019 3023 3024
f 3019 3024 3020
f 3020 3024 3021
f 3020 3021 3017
f 3025 3026 3027
f 3025 3027 3028
f 3032 3031 3030
f 3032 3030 3029
f 3025 3029 3030
f 3025 3030 3026
f 3026 3030 3031
f 3026 3031 3027
f 3027 3031 3032
f 3027 3032 3028
f 3028 3032 3029
f 3028 3029 3025
f 3033 3034 3035
f 3033 3035 3036
f 3040 3039 3038
f 3040 3038 3037
f 3033 3037 3038
f 3033 3038 3034
f 3034 3038 3039
f 3034 3039 3035
f 3035 3039 3040
f 3035 3040 3036
f 3036 3040 3037
f 3036 3037 3033
f 3041 3042 3043
f 3041 3043 3044
f 3048 3047 3046
f 3048 3046 3045
f 3041 3045 3046
f 3041 3046 3042
f 3042 3046 3047
f 3042 3047 3043
f 3043 3047 3048
f 3043 3048 3044
f 3044 3048 3045
f 3044 3045 3041
f 3049 3050 3051
f 3049 3051 3052
f 3056 3055 3054
f 3056 3054 3053
f 3049 3053 3054
f 3049 3054 3050
f 3050 3054 3055
f 3050 3055 3051
f 3051 3055 3056
f 3051 3056 3052
f 3052 3056 3053
f 3052 3053 3049
f 3057 3058 3059
f 3057 3059 3060
f 3064 3063 3062
f 3064 3062 3061
f 3057 3061 3062
f 3057 3062 3058
f 3058 3062 3063
f 3058 3063 3059
f 3059 3063 3064
f 3059 3064 3060
f 3060 3064 3061
f 3060 3061 3057
f 3065 3066 3067
f 3065 3067 3068
f 3072 3071 3070
f 3072 3070 3069
f 3065 3069 3070
f 3065 3070 3066
f 3066 3070 3071
f 3066 3071 3067
f 3067 3071 3072
f 3067 3072 3068
f 3068 3072 3069
f 3068 3069 3065
f 3073 3074 3075
f 3073 3075 3076
f 3080 3079 3078
f 3080 3078 3077
f 3073 3077 3078
f 3073 3078 3074
f 3074 3078 3079
f 3074 3079 3075
f 3075 3079 3080
f 3075 3080 3076
f 3076 3080 3077
f 3076 3077 3073
f 3081 3082 3083
f 3081 3083 3084
f 3088 3087 3086
f 3088 3086 3085
f 3081 3085 3086
f 3081 3086 3082
f 3082 3086 3087
f 3082 3087 3083
f 3083 3087 3088
f 3083 3088 3084
f 3084 3088 3085
f 3084 3085 3081
f 3089 3090 3091
f 3089 3091 3092
f 3096 3095 3094
f 3096 3094 3093
f 3089 3093 3094
f 3089 3094 3090
f 3090 3094 3095
f 3090 3095 3091
f 3091 3095 3096
f 3091 3096 3092
f 3092 3096 3093
f 3092 3093 3089
f 3097 3098 3099
f 3097 3099 3100
f 3104 3103 3102
f 3104 3102 3101
f 3097 3101 3102
f 3097 3102 3098
f 3098 3102 3103
f 3098 3103 3099
f 3099 3103 3104
f 3099 3104 3100
f 3100 3104 3101
f 3100 3101 3097
f 3105 3106 3107
f 3105 3107 3108
f 3112 3111 3110
f 3112 3110 3109
f 3105 3109 3110
f 3105 3110 3106
f 3106 3110 3111
f 3106 3111 3107
f 3107 3111 3112
f 3107 3112 3108
f 3108 3112 3109
f 3108 3109 3105
f 3113 3114 3115
f 3113 3115 3116
f 3120 3119 3118
f 3120 3118 3117
f 3113 3117 3118
f 3113 3118 3114
f 3114 3118 3119
f 3114 3119 3115
f 3115 3119 3120
f 3115 3120 3116
f 3116 3120 3117
f 3116 3117 3113
f 3121 3122 3123
f 3121 3123 3124
f 3128 3127 3126
f 3128 3126 3125
f 3121 3125 3126
f 3121 3126 3122
f 3122 3126 3127
f 3122 3127 3123
f 3123 3127 3128
f 3123 3128 3124
f 3124 3128 3125
f 3124 3125 3121
f 3129 3130 3131
f 3129 3131 3132
f 3136 3135 3134
f 3136 3134 3133
f 3129 3133 3134
f 3129 3134 3130
f 3130 3134 3135
f 3130 3135 3131
f 3131 3135 3136
f 3131 3136 3132
f 3132 3136 3133
f 3132 3133 3129
f 3137 3138 3139
f 3137 3139 3140
f 3144 3143 3142
f 3144 3142 3141
f 3137 3141 3142
f 3137 3142 3138
f 3138 3142 3143
f 3138 3143 3139
f 3139 3143 3144
f 3139 3144 3140
f 3140 3144 3141
f 3140 3141 3137
f 3145 3146 3147
f 3145 3147 3148
f 3152 3151 3150
f 3152 3150 3149
f 3145 3149 3150
f 3145 3150 3146
f 3146 3150 3151
f 3146 3151 3147
f 3147 3151 3152
f 3147 3152 3148
f 3148 3152 3149
f 3148 3149 3145
f 3153 3154 3155
f 3153 3155 3156
f 3160 3159 3158
f 3160 3158 3157
f 3153 3157 3158
f 3153 3158 3154
f 3154 3158 3159
f 3154 3159 3155
f 3155 3159 3160
f 3155 3160 3156
f 3156 3160 3157
f 3156 3157 3153
f 3161 3162 3163
f 3161 3163 3164
f 3168 3167 3166
f 3168 3166 3165
f 3161 3165 3166
f 3161 3166 3162
f 3162 3166 3167
f 3162 3167 3163
f 3163 3167 3168
f 3163 3168 3164
f 3164 3168 3165
f 3164 3165 3161
f 3169 3170 3171
f 3169 3171 3172
f 3176 3175 3174
f 3176 3174 3173
f 3169 3173 3174
f 3169 3174 3170
f 3170 3174 3175
f 3170 3175 3171
f 3171 3175 3176
f 3171 3176 3172
f 3172 3176 3173
f 3172 3173 3169
f 3177 3178 3179
f 3177 3179 3180
f 3184 3183 3182
f 3184 3182 3181
f 3177 3181 3182
f 3177 3182 3178
f 3178 3182 3183
f 3178 3183 3179
f 3179 3183 3184
f 3179 3184 3180
f 3180 3184 3181
f 3180 3181 3177
f 3185 3186 3187
f 3185 3187 3188
f 3192 3191 3190
f 3192 3190 3189
f 3185 3189 3190
f 3185 3190 3186
f 3186 3190 3191
f 3186 3191 3187
f 3187 3191 3192
f 3187 3192 3188
f 3188 3192 3189
f 3188 3189 3185
f 3193 3194 3195
f 3193 3195 3196
f 3200 3199 3198
f 3200 3198 3197
f 3193 3197 3198
f 3193 3198 3194
f 3194 3198 3199
f 3194 3199 3195
f 3195 3199 3200
f 3195 3200 3196
f 3196 3200 3197
f 3196 3197 3193
f 3201 3202 3203
f 3201 3203 3204
f 3208 3207 3206
f 3208 3206 3205
f 3201 3205 3206
f 3201 3206 3202
f 3202 3206 3207
f 3202 3207 3203
f 3203 3207 3208
f 3203 3208 3204
f 3204 3208 3205
f 3204 3205 3201
f 3209 3210 3211
f 3209 3211 3212
f 3216 3215 3214
f 3216 3214 3213
f 3209 3213 3214
f 3209 3214 3210
f 3210 3214 3215
f 3210 3215 3211
f 3211 3215 3216
f 3211 3216 3212
f 3212 3216 3213
f 3212 3213 3209
f 3217 3218 3219
f 3217 3219 3220
f 3224 3223 3222
f 3224 3222 3221
f 3217 3221 3222
f 3217 3222 3218
f 3218 3222 3223
f 3218 3223 3219
f 3219 3223 3224
f 3219 3224 3220
f 3220 3224 3221
f 3220 3221 3217
f 3225 3226 3227
f 3225 3227 3228
f 3232 3231 3230
f 3232 3230 3229
f 3225 3229 3230
f 3225 3230 3226
f 3226 3230 3231
f 3226 3231 3227
f 3227 3231 3232
f 3227 3232 3228
f 3228 3232 3229
f 3228 3229 3225
f 3233 3234 3235
f 3233 3235 3236
f 3240 3239 3238
f 3240 3238 3237
f 3233 3237 3238
f 3233 3238 3234
f 3234 3238 3239
f 3234 3239 3235
f 3235 3239 3240
f 3235 3240 3236
f 3236 3240 3237
f 3236 3237 3233
f 3241 3242 3243
f 3241 3243 3244
f 3248 3247 3246
f 3248 3246 3245
f 3241 3245 3246
f 3241 3246 3242
f 3242 3246 3247
f 3242 3247 3243
f 3243 3247 3248
f 3243 3248 3244
f 3244 3248 3245
f 3244 3245 3241
f 3249 3250 3251
f 3249 3251 3252
f 3256 3255 3254
f 3256 3254 3253
f 3249 3253 3254
f 3249 3254 3250
f 3250 3254 3255
f 3250 3255 3251
f 3251 3255 3256
f 3251 3256 3252
f 3252 3256 3253
f 3252 3253 3249
f 3257 3258 3259
f 3257 3259 3260
f 3264 3263 3262
f 3264 3262 3261
f 3257 3261 3262
f 3257 3262 3258
f 3258 3262 3263
f 3258 3263 3259
f 3259 3263 3264
f 3259 3264 3260
f 3260 3264 3261
f 3260 3261 3257
f 3265 3266 3267
f 3265 3267 3268
f 3272 3271 3270
f 3272 3270 3269
f 3265 3269 3270
f 3265 3270 3266
f 3266 3270 3271
f 3266 3271 3267
f 3267 3271 3272
f 3267 3272 3268
f 3268 3272 3269
f 3268 3269 3265
f 3273 3274 3275
f 3273 3275 3276
f 3280 3279 3278
f 3280 3278 3277
f 3273 3277 3278
f 3273 3278 3274
f 3274 3278 3279
f 3274 3279 3275
f 3275 3279 3280
f 3275 3280 3276
f 3276 3280 3277
f 3276 3277 3273
f 3281 3282 3283
f 3281 3283 3284
f 3288 3287 3286
f 3288 3286 3285
f 3281 3285 3286
f 3281 3286 3282
f 3282 3286 3287
f 3282 3287 3283
f 3283 3287 3288
f 3283 3288 3284
f 3284 3288 3285
f 3284 3285 3281
f 3289 3290 3291
f 3289 3291 3292
f 3296 3295 3294
f 3296 3294 3293
f 3289 3293 3294
f 3289 3294 3290
f 3290 3294 3295
f 3290 3295 3291
f 3291 3295 3296
f 3291 3296 3292
f 3292 3296 3293
f 3292 3293 3289
f 3297 3298 3299
f 3297 3299 3300
f 3304 3303 3302
f 3304 3302 3301
f 3297 3301 3302
f 3297 3302 3298
f 3298 3302 3303
f 3298 3303 3299
f 3299 3303 3304
f 3299 3304 3300
f 3300 3304 3301
f 3300 3301 3297
f 3305 3306 3307
f 3305 3307 3308
f 3312 3311 3310
f 3312 3310 3309
f 3305 3309 3310
f 3305 3310 3306
f 3306 3310 3311
f 3306 3311 3307
f 3307 3311 3312
f 3307 3312 3308
f 3308 3312 3309
f 3308 3309 3305
f 3313 3314 3315
f 3313 3315 3316
f 3320 3319 3318
f 3320 3318 3317
f 3313 3317 3318
f 3313 3318 3314
f 3314 3318 3319
f 3314 3319 3315
f 3315 3319 3320
f 3315 3320 3316
f 3316 3320 3317
f 3316 3317 3313
f 3321 3322 3323
f 3321 3323 3324
f 3328 3327 3326
f 3328 3326 3325
f 3321 3325 3326
f 3321 3326 3322
f 3322 3326 3327
f 3322 3327 3323
f 3323 3327 3328
f 3323 3328 3324
f 3324 3328 3325
f 3324 3325 3321
f 3329 3330 3331
f 3329 3331 3332
f 3336 3335 3334
f 3336 3334 3333
f 3329 3333 3334
f 3329 3334 3330
f 3330 3334 3335
f 3330 3335 3331
f 3331 3335 3336
f 3331 3336 3332
f 3332 3336 3333
f 3332 3333 3329
f 3337 3338 3339
f 3337 3339 3340
f 3344 3343 3342
f 3344 3342 3341
f 3337 3341 3342
f 3337 3342 3338
f 3338 3342 3343
f 3338 3343 3339
f 3339 3343 3344
f 3339 3344 3340
f 3340 3344 3341
f 3340 3341 3337
f 3345 3346 3347
f 3345 3347 3348
f 3352 3351 3350
f 3352 3350 3349
f 3345 3349 3350
f 3345 3350 3346
f 3346 3350 3351
f 3346 3351 3347
f 3347 3351 3352
f 3347 3352 3348
f 3348 3352 3349
f 3348 3349 3345
