# pine forest behind the stable: 214 pines 22-34 ft (Will, 28 Sep)
# unit m
# name pine forest
v -26.975 2.493 4.810
v -26.725 2.606 4.810
v -26.837 2.856 4.810
v -27.087 2.744 4.810
v -27.087 2.744 1.429
v -26.837 2.856 1.429
v -26.725 2.606 1.429
v -26.975 2.493 1.429
v -26.975 2.493 1.429
v -26.725 2.606 1.429
v -26.725 2.606 4.810
v -26.975 2.493 4.810
v -26.725 2.606 1.429
v -26.837 2.856 1.429
v -26.837 2.856 4.810
v -26.725 2.606 4.810
v -26.837 2.856 1.429
v -27.087 2.744 1.429
v -27.087 2.744 4.810
v -26.837 2.856 4.810
v -27.087 2.744 1.429
v -26.975 2.493 1.429
v -26.975 2.493 4.810
v -27.087 2.744 4.810
v -24.419 3.790 3.628
v -26.228 5.315 3.628
v -26.906 2.675 8.444
v -26.228 5.315 3.628
v -28.547 4.851 3.628
v -26.906 2.675 8.444
v -28.547 4.851 3.628
v -29.631 2.749 3.628
v -26.906 2.675 8.444
v -29.631 2.749 3.628
v -28.663 0.590 3.628
v -26.906 2.675 8.444
v -28.663 0.590 3.628
v -26.372 0.002 3.628
v -26.906 2.675 8.444
v -26.372 0.002 3.628
v -24.483 1.426 3.628
v -26.906 2.675 8.444
v -24.483 1.426 3.628
v -24.419 3.790 3.628
v -26.906 2.675 8.444
v -24.483 1.426 3.628
v -26.372 0.002 3.628
v -28.663 0.590 3.628
v -29.631 2.749 3.628
v -28.547 4.851 3.628
v -26.228 5.315 3.628
v -24.419 3.790 3.628
v -25.165 3.456 5.718
v -26.431 4.523 5.718
v -26.906 2.675 10.716
v -26.431 4.523 5.718
v -28.055 4.198 5.718
v -26.906 2.675 10.716
v -28.055 4.198 5.718
v -28.814 2.726 5.718
v -26.906 2.675 10.716
v -28.814 2.726 5.718
v -28.136 1.216 5.718
v -26.906 2.675 10.716
v -28.136 1.216 5.718
v -26.532 0.804 5.718
v -26.906 2.675 10.716
v -26.532 0.804 5.718
v -25.210 1.800 5.718
v -26.906 2.675 10.716
v -25.210 1.800 5.718
v -25.165 3.456 5.718
v -26.906 2.675 10.716
v -25.210 1.800 5.718
v -26.532 0.804 5.718
v -28.136 1.216 5.718
v -28.814 2.726 5.718
v -28.055 4.198 5.718
v -26.431 4.523 5.718
v -25.165 3.456 5.718
v -40.056 -50.721 6.613
v -39.806 -50.609 6.613
v -39.918 -50.358 6.613
v -40.169 -50.471 6.613
v -40.169 -50.471 3.598
v -39.918 -50.358 3.598
v -39.806 -50.609 3.598
v -40.056 -50.721 3.598
v -40.056 -50.721 3.598
v -39.806 -50.609 3.598
v -39.806 -50.609 6.613
v -40.056 -50.721 6.613
v -39.806 -50.609 3.598
v -39.918 -50.358 3.598
v -39.918 -50.358 6.613
v -39.806 -50.609 6.613
v -39.918 -50.358 3.598
v -40.169 -50.471 3.598
v -40.169 -50.471 6.613
v -39.918 -50.358 6.613
v -40.169 -50.471 3.598
v -40.056 -50.721 3.598
v -40.056 -50.721 6.613
v -40.169 -50.471 6.613
v -37.786 -49.552 5.567
v -39.387 -48.203 5.567
v -39.987 -50.540 9.830
v -39.387 -48.203 5.567
v -41.440 -48.613 5.567
v -39.987 -50.540 9.830
v -41.440 -48.613 5.567
v -42.399 -50.474 5.567
v -39.987 -50.540 9.830
v -42.399 -50.474 5.567
v -41.542 -52.385 5.567
v -39.987 -50.540 9.830
v -41.542 -52.385 5.567
v -39.514 -52.906 5.567
v -39.987 -50.540 9.830
v -39.514 -52.906 5.567
v -37.843 -51.645 5.567
v -39.987 -50.540 9.830
v -37.843 -51.645 5.567
v -37.786 -49.552 5.567
v -39.987 -50.540 9.830
v -37.843 -51.645 5.567
v -39.514 -52.906 5.567
v -41.542 -52.385 5.567
v -42.399 -50.474 5.567
v -41.440 -48.613 5.567
v -39.387 -48.203 5.567
v -37.786 -49.552 5.567
v -38.446 -49.848 7.417
v -39.567 -48.904 7.417
v -39.987 -50.540 11.841
v -39.567 -48.904 7.417
v -41.004 -49.191 7.417
v -39.987 -50.540 11.841
v -41.004 -49.191 7.417
v -41.676 -50.494 7.417
v -39.987 -50.540 11.841
v -41.676 -50.494 7.417
v -41.076 -51.831 7.417
v -39.987 -50.540 11.841
v -41.076 -51.831 7.417
v -39.656 -52.196 7.417
v -39.987 -50.540 11.841
v -39.656 -52.196 7.417
v -38.486 -51.313 7.417
v -39.987 -50.540 11.841
v -38.486 -51.313 7.417
v -38.446 -49.848 7.417
v -39.987 -50.540 11.841
v -38.486 -51.313 7.417
v -39.656 -52.196 7.417
v -41.076 -51.831 7.417
v -41.676 -50.494 7.417
v -41.004 -49.191 7.417
v -39.567 -48.904 7.417
v -38.446 -49.848 7.417
v -46.032 -48.849 5.354
v -45.782 -48.737 5.354
v -45.894 -48.487 5.354
v -46.144 -48.599 5.354
v -46.144 -48.599 2.717
v -45.894 -48.487 2.717
v -45.782 -48.737 2.717
v -46.032 -48.849 2.717
v -46.032 -48.849 2.717
v -45.782 -48.737 2.717
v -45.782 -48.737 5.354
v -46.032 -48.849 5.354
v -45.782 -48.737 2.717
v -45.894 -48.487 2.717
v -45.894 -48.487 5.354
v -45.782 -48.737 5.354
v -45.894 -48.487 2.717
v -46.144 -48.599 2.717
v -46.144 -48.599 5.354
v -45.894 -48.487 5.354
v -46.144 -48.599 2.717
v -46.032 -48.849 2.717
v -46.032 -48.849 5.354
v -46.144 -48.599 5.354
v -44.057 -47.813 4.449
v -45.443 -46.645 4.449
v -45.963 -48.668 8.138
v -45.443 -46.645 4.449
v -47.220 -47.000 4.449
v -45.963 -48.668 8.138
v -47.220 -47.000 4.449
v -48.050 -48.611 4.449
v -45.963 -48.668 8.138
v -48.050 -48.611 4.449
v -47.309 -50.265 4.449
v -45.963 -48.668 8.138
v -47.309 -50.265 4.449
v -45.554 -50.716 4.449
v -45.963 -48.668 8.138
v -45.554 -50.716 4.449
v -44.107 -49.625 4.449
v -45.963 -48.668 8.138
v -44.107 -49.625 4.449
v -44.057 -47.813 4.449
v -45.963 -48.668 8.138
v -44.107 -49.625 4.449
v -45.554 -50.716 4.449
v -47.309 -50.265 4.449
v -48.050 -48.611 4.449
v -47.220 -47.000 4.449
v -45.443 -46.645 4.449
v -44.057 -47.813 4.449
v -44.629 -48.069 6.050
v -45.599 -47.252 6.050
v -45.963 -48.668 9.879
v -45.599 -47.252 6.050
v -46.843 -47.501 6.050
v -45.963 -48.668 9.879
v -46.843 -47.501 6.050
v -47.424 -48.628 6.050
v -45.963 -48.668 9.879
v -47.424 -48.628 6.050
v -46.905 -49.786 6.050
v -45.963 -48.668 9.879
v -46.905 -49.786 6.050
v -45.676 -50.101 6.050
v -45.963 -48.668 9.879
v -45.676 -50.101 6.050
v -44.663 -49.338 6.050
v -45.963 -48.668 9.879
v -44.663 -49.338 6.050
v -44.629 -48.069 6.050
v -45.963 -48.668 9.879
v -44.663 -49.338 6.050
v -45.676 -50.101 6.050
v -46.905 -49.786 6.050
v -47.424 -48.628 6.050
v -46.843 -47.501 6.050
v -45.599 -47.252 6.050
v -44.629 -48.069 6.050
v -41.420 -41.692 6.845
v -41.170 -41.580 6.845
v -41.282 -41.330 6.845
v -41.532 -41.442 6.845
v -41.532 -41.442 3.239
v -41.282 -41.330 3.239
v -41.170 -41.580 3.239
v -41.420 -41.692 3.239
v -41.420 -41.692 3.239
v -41.170 -41.580 3.239
v -41.170 -41.580 6.845
v -41.420 -41.692 6.845
v -41.170 -41.580 3.239
v -41.282 -41.330 3.239
v -41.282 -41.330 6.845
v -41.170 -41.580 6.845
v -41.282 -41.330 3.239
v -41.532 -41.442 3.239
v -41.532 -41.442 6.845
v -41.282 -41.330 6.845
v -41.532 -41.442 3.239
v -41.420 -41.692 3.239
v -41.420 -41.692 6.845
v -41.532 -41.442 6.845
v -38.688 -40.316 5.580
v -40.625 -38.684 5.580
v -41.351 -41.511 10.736
v -40.625 -38.684 5.580
v -43.108 -39.180 5.580
v -41.351 -41.511 10.736
v -43.108 -39.180 5.580
v -44.269 -41.432 5.580
v -41.351 -41.511 10.736
v -44.269 -41.432 5.580
v -43.232 -43.743 5.580
v -41.351 -41.511 10.736
v -43.232 -43.743 5.580
v -40.779 -44.373 5.580
v -41.351 -41.511 10.736
v -40.779 -44.373 5.580
v -38.756 -42.848 5.580
v -41.351 -41.511 10.736
v -38.756 -42.848 5.580
v -38.688 -40.316 5.580
v -41.351 -41.511 10.736
v -38.756 -42.848 5.580
v -40.779 -44.373 5.580
v -43.232 -43.743 5.580
v -44.269 -41.432 5.580
v -43.108 -39.180 5.580
v -40.625 -38.684 5.580
v -38.688 -40.316 5.580
v -39.487 -40.675 7.818
v -40.842 -39.532 7.818
v -41.351 -41.511 13.169
v -40.842 -39.532 7.818
v -42.581 -39.879 7.818
v -41.351 -41.511 13.169
v -42.581 -39.879 7.818
v -43.394 -41.455 7.818
v -41.351 -41.511 13.169
v -43.394 -41.455 7.818
v -42.668 -43.073 7.818
v -41.351 -41.511 13.169
v -42.668 -43.073 7.818
v -40.951 -43.514 7.818
v -41.351 -41.511 13.169
v -40.951 -43.514 7.818
v -39.535 -42.447 7.818
v -41.351 -41.511 13.169
v -39.535 -42.447 7.818
v -39.487 -40.675 7.818
v -41.351 -41.511 13.169
v -39.535 -42.447 7.818
v -40.951 -43.514 7.818
v -42.668 -43.073 7.818
v -43.394 -41.455 7.818
v -42.581 -39.879 7.818
v -40.842 -39.532 7.818
v -39.487 -40.675 7.818
v -43.880 -25.367 5.714
v -43.629 -25.255 5.714
v -43.742 -25.004 5.714
v -43.992 -25.117 5.714
v -43.992 -25.117 2.364
v -43.742 -25.004 2.364
v -43.629 -25.255 2.364
v -43.880 -25.367 2.364
v -43.880 -25.367 2.364
v -43.629 -25.255 2.364
v -43.629 -25.255 5.714
v -43.880 -25.367 5.714
v -43.629 -25.255 2.364
v -43.742 -25.004 2.364
v -43.742 -25.004 5.714
v -43.629 -25.255 5.714
v -43.742 -25.004 2.364
v -43.992 -25.117 2.364
v -43.992 -25.117 5.714
v -43.742 -25.004 5.714
v -43.992 -25.117 2.364
v -43.880 -25.367 2.364
v -43.880 -25.367 5.714
v -43.992 -25.117 5.714
v -41.347 -24.080 4.544
v -43.139 -22.570 4.544
v -43.811 -25.186 9.314
v -43.139 -22.570 4.544
v -45.436 -23.030 4.544
v -43.811 -25.186 9.314
v -45.436 -23.030 4.544
v -46.510 -25.112 4.544
v -43.811 -25.186 9.314
v -46.510 -25.112 4.544
v -45.551 -27.250 4.544
v -43.811 -25.186 9.314
v -45.551 -27.250 4.544
v -43.281 -27.833 4.544
v -43.811 -25.186 9.314
v -43.281 -27.833 4.544
v -41.410 -26.423 4.544
v -43.811 -25.186 9.314
v -41.410 -26.423 4.544
v -41.347 -24.080 4.544
v -43.811 -25.186 9.314
v -41.410 -26.423 4.544
v -43.281 -27.833 4.544
v -45.551 -27.250 4.544
v -46.510 -25.112 4.544
v -45.436 -23.030 4.544
v -43.139 -22.570 4.544
v -41.347 -24.080 4.544
v -42.086 -24.412 6.614
v -43.340 -23.355 6.614
v -43.811 -25.186 11.565
v -43.340 -23.355 6.614
v -44.949 -23.676 6.614
v -43.811 -25.186 11.565
v -44.949 -23.676 6.614
v -45.700 -25.134 6.614
v -43.811 -25.186 11.565
v -45.700 -25.134 6.614
v -45.029 -26.631 6.614
v -43.811 -25.186 11.565
v -45.029 -26.631 6.614
v -43.440 -27.039 6.614
v -43.811 -25.186 11.565
v -43.440 -27.039 6.614
v -42.131 -26.052 6.614
v -43.811 -25.186 11.565
v -42.131 -26.052 6.614
v -42.086 -24.412 6.614
v -43.811 -25.186 11.565
v -42.131 -26.052 6.614
v -43.440 -27.039 6.614
v -45.029 -26.631 6.614
v -45.700 -25.134 6.614
v -44.949 -23.676 6.614
v -43.340 -23.355 6.614
v -42.086 -24.412 6.614
v 45.265 45.878 12.697
v 45.515 45.991 12.697
v 45.403 46.241 12.697
v 45.153 46.129 12.697
v 45.153 46.129 9.642
v 45.403 46.241 9.642
v 45.515 45.991 9.642
v 45.265 45.878 9.642
v 45.265 45.878 9.642
v 45.515 45.991 9.642
v 45.515 45.991 12.697
v 45.265 45.878 12.697
v 45.515 45.991 9.642
v 45.403 46.241 9.642
v 45.403 46.241 12.697
v 45.515 45.991 12.697
v 45.403 46.241 9.642
v 45.153 46.129 9.642
v 45.153 46.129 12.697
v 45.403 46.241 12.697
v 45.153 46.129 9.642
v 45.265 45.878 9.642
v 45.265 45.878 12.697
v 45.153 46.129 12.697
v 47.567 47.061 11.637
v 45.943 48.430 11.637
v 45.334 46.060 15.960
v 45.943 48.430 11.637
v 43.861 48.013 11.637
v 45.334 46.060 15.960
v 43.861 48.013 11.637
v 42.888 46.126 11.637
v 45.334 46.060 15.960
v 42.888 46.126 11.637
v 43.757 44.189 11.637
v 45.334 46.060 15.960
v 43.757 44.189 11.637
v 45.814 43.660 11.637
v 45.334 46.060 15.960
v 45.814 43.660 11.637
v 47.509 44.939 11.637
v 45.334 46.060 15.960
v 47.509 44.939 11.637
v 47.567 47.061 11.637
v 45.334 46.060 15.960
v 47.509 44.939 11.637
v 45.814 43.660 11.637
v 43.757 44.189 11.637
v 42.888 46.126 11.637
v 43.861 48.013 11.637
v 45.943 48.430 11.637
v 47.567 47.061 11.637
v 46.897 46.761 13.513
v 45.760 47.719 13.513
v 45.334 46.060 17.999
v 45.760 47.719 13.513
v 44.303 47.427 13.513
v 45.334 46.060 17.999
v 44.303 47.427 13.513
v 43.622 46.106 13.513
v 45.334 46.060 17.999
v 43.622 46.106 13.513
v 44.230 44.750 13.513
v 45.334 46.060 17.999
v 44.230 44.750 13.513
v 45.670 44.380 13.513
v 45.334 46.060 17.999
v 45.670 44.380 13.513
v 46.857 45.275 13.513
v 45.334 46.060 17.999
v 46.857 45.275 13.513
v 46.897 46.761 13.513
v 45.334 46.060 17.999
v 46.857 45.275 13.513
v 45.670 44.380 13.513
v 44.230 44.750 13.513
v 43.622 46.106 13.513
v 44.303 47.427 13.513
v 45.760 47.719 13.513
v 46.897 46.761 13.513
v 33.061 82.438 7.398
v 33.311 82.550 7.398
v 33.199 82.801 7.398
v 32.949 82.688 7.398
v 32.949 82.688 3.753
v 33.199 82.801 3.753
v 33.311 82.550 3.753
v 33.061 82.438 3.753
v 33.061 82.438 3.753
v 33.311 82.550 3.753
v 33.311 82.550 7.398
v 33.061 82.438 7.398
v 33.311 82.550 3.753
v 33.199 82.801 3.753
v 33.199 82.801 7.398
v 33.311 82.550 7.398
v 33.199 82.801 3.753
v 32.949 82.688 3.753
v 32.949 82.688 7.398
v 33.199 82.801 7.398
v 32.949 82.688 3.753
v 33.061 82.438 3.753
v 33.061 82.438 7.398
v 32.949 82.688 7.398
v 35.825 83.828 6.119
v 33.865 85.480 6.119
v 33.130 82.619 11.337
v 33.865 85.480 6.119
v 31.352 84.978 6.119
v 33.130 82.619 11.337
v 31.352 84.978 6.119
v 30.178 82.699 6.119
v 33.130 82.619 11.337
v 30.178 82.699 6.119
v 31.227 80.361 6.119
v 33.130 82.619 11.337
v 31.227 80.361 6.119
v 33.709 79.723 6.119
v 33.130 82.619 11.337
v 33.709 79.723 6.119
v 35.756 81.266 6.119
v 33.130 82.619 11.337
v 35.756 81.266 6.119
v 35.825 83.828 6.119
v 33.130 82.619 11.337
v 35.756 81.266 6.119
v 33.709 79.723 6.119
v 31.227 80.361 6.119
v 30.178 82.699 6.119
v 31.352 84.978 6.119
v 33.865 85.480 6.119
v 35.825 83.828 6.119
v 35.017 83.465 8.383
v 33.645 84.622 8.383
v 33.130 82.619 13.798
v 33.645 84.622 8.383
v 31.885 84.270 8.383
v 33.130 82.619 13.798
v 31.885 84.270 8.383
v 31.063 82.675 8.383
v 33.130 82.619 13.798
v 31.063 82.675 8.383
v 31.798 81.038 8.383
v 33.130 82.619 13.798
v 31.798 81.038 8.383
v 33.535 80.592 8.383
v 33.130 82.619 13.798
v 33.535 80.592 8.383
v 34.968 81.672 8.383
v 33.130 82.619 13.798
v 34.968 81.672 8.383
v 35.017 83.465 8.383
v 33.130 82.619 13.798
v 34.968 81.672 8.383
v 33.535 80.592 8.383
v 31.798 81.038 8.383
v 31.063 82.675 8.383
v 31.885 84.270 8.383
v 33.645 84.622 8.383
v 35.017 83.465 8.383
v -42.085 -31.338 6.664
v -41.834 -31.225 6.664
v -41.947 -30.975 6.664
v -42.197 -31.087 6.664
v -42.197 -31.087 3.072
v -41.947 -30.975 3.072
v -41.834 -31.225 3.072
v -42.085 -31.338 3.072
v -42.085 -31.338 3.072
v -41.834 -31.225 3.072
v -41.834 -31.225 6.664
v -42.085 -31.338 6.664
v -41.834 -31.225 3.072
v -41.947 -30.975 3.072
v -41.947 -30.975 6.664
v -41.834 -31.225 6.664
v -41.947 -30.975 3.072
v -42.197 -31.087 3.072
v -42.197 -31.087 6.664
v -41.947 -30.975 6.664
v -42.197 -31.087 3.072
v -42.085 -31.338 3.072
v -42.085 -31.338 6.664
v -42.197 -31.087 6.664
v -39.363 -29.967 5.404
v -41.292 -28.341 5.404
v -42.016 -31.156 10.540
v -41.292 -28.341 5.404
v -43.766 -28.835 5.404
v -42.016 -31.156 10.540
v -43.766 -28.835 5.404
v -44.922 -31.078 5.404
v -42.016 -31.156 10.540
v -44.922 -31.078 5.404
v -43.889 -33.379 5.404
v -42.016 -31.156 10.540
v -43.889 -33.379 5.404
v -41.446 -34.007 5.404
v -42.016 -31.156 10.540
v -41.446 -34.007 5.404
v -39.431 -32.488 5.404
v -42.016 -31.156 10.540
v -39.431 -32.488 5.404
v -39.363 -29.967 5.404
v -42.016 -31.156 10.540
v -39.431 -32.488 5.404
v -41.446 -34.007 5.404
v -43.889 -33.379 5.404
v -44.922 -31.078 5.404
v -43.766 -28.835 5.404
v -41.292 -28.341 5.404
v -39.363 -29.967 5.404
v -40.159 -30.323 7.633
v -41.509 -29.185 7.633
v -42.016 -31.156 12.963
v -41.509 -29.185 7.633
v -43.241 -29.531 7.633
v -42.016 -31.156 12.963
v -43.241 -29.531 7.633
v -44.050 -31.101 7.633
v -42.016 -31.156 12.963
v -44.050 -31.101 7.633
v -43.327 -32.712 7.633
v -42.016 -31.156 12.963
v -43.327 -32.712 7.633
v -41.617 -33.152 7.633
v -42.016 -31.156 12.963
v -41.617 -33.152 7.633
v -40.207 -32.089 7.633
v -42.016 -31.156 12.963
v -40.207 -32.089 7.633
v -40.159 -30.323 7.633
v -42.016 -31.156 12.963
v -40.207 -32.089 7.633
v -41.617 -33.152 7.633
v -43.327 -32.712 7.633
v -44.050 -31.101 7.633
v -43.241 -29.531 7.633
v -41.509 -29.185 7.633
v -40.159 -30.323 7.633
v -28.591 -40.797 9.111
v -28.341 -40.685 9.111
v -28.453 -40.434 9.111
v -28.703 -40.547 9.111
v -28.703 -40.547 5.746
v -28.453 -40.434 5.746
v -28.341 -40.685 5.746
v -28.591 -40.797 5.746
v -28.591 -40.797 5.746
v -28.341 -40.685 5.746
v -28.341 -40.685 9.111
v -28.591 -40.797 9.111
v -28.341 -40.685 5.746
v -28.453 -40.434 5.746
v -28.453 -40.434 9.111
v -28.341 -40.685 9.111
v -28.453 -40.434 5.746
v -28.703 -40.547 5.746
v -28.703 -40.547 9.111
v -28.453 -40.434 9.111
v -28.703 -40.547 5.746
v -28.591 -40.797 5.746
v -28.591 -40.797 9.111
v -28.703 -40.547 9.111
v -26.047 -39.505 7.935
v -27.847 -37.988 7.935
v -28.522 -40.616 12.728
v -27.847 -37.988 7.935
v -30.155 -38.450 7.935
v -28.522 -40.616 12.728
v -30.155 -38.450 7.935
v -31.234 -40.542 7.935
v -28.522 -40.616 12.728
v -31.234 -40.542 7.935
v -30.270 -42.690 7.935
v -28.522 -40.616 12.728
v -30.270 -42.690 7.935
v -27.990 -43.276 7.935
v -28.522 -40.616 12.728
v -27.990 -43.276 7.935
v -26.111 -41.858 7.935
v -28.522 -40.616 12.728
v -26.111 -41.858 7.935
v -26.047 -39.505 7.935
v -28.522 -40.616 12.728
v -26.111 -41.858 7.935
v -27.990 -43.276 7.935
v -30.270 -42.690 7.935
v -31.234 -40.542 7.935
v -30.155 -38.450 7.935
v -27.847 -37.988 7.935
v -26.047 -39.505 7.935
v -26.789 -39.838 10.015
v -28.049 -38.776 10.015
v -28.522 -40.616 14.989
v -28.049 -38.776 10.015
v -29.665 -39.099 10.015
v -28.522 -40.616 14.989
v -29.665 -39.099 10.015
v -30.420 -40.564 10.015
v -28.522 -40.616 14.989
v -30.420 -40.564 10.015
v -29.746 -42.068 10.015
v -28.522 -40.616 14.989
v -29.746 -42.068 10.015
v -28.150 -42.478 10.015
v -28.522 -40.616 14.989
v -28.150 -42.478 10.015
v -26.834 -41.486 10.015
v -28.522 -40.616 14.989
v -26.834 -41.486 10.015
v -26.789 -39.838 10.015
v -28.522 -40.616 14.989
v -26.834 -41.486 10.015
v -28.150 -42.478 10.015
v -29.746 -42.068 10.015
v -30.420 -40.564 10.015
v -29.665 -39.099 10.015
v -28.049 -38.776 10.015
v -26.789 -39.838 10.015
v -11.284 -16.574 9.067
v -11.033 -16.461 9.067
v -11.146 -16.211 9.067
v -11.396 -16.323 9.067
v -11.396 -16.323 6.440
v -11.146 -16.211 6.440
v -11.033 -16.461 6.440
v -11.284 -16.574 6.440
v -11.284 -16.574 6.440
v -11.033 -16.461 6.440
v -11.033 -16.461 9.067
v -11.284 -16.574 9.067
v -11.033 -16.461 6.440
v -11.146 -16.211 6.440
v -11.146 -16.211 9.067
v -11.033 -16.461 9.067
v -11.146 -16.211 6.440
v -11.396 -16.323 6.440
v -11.396 -16.323 9.067
v -11.146 -16.211 9.067
v -11.396 -16.323 6.440
v -11.284 -16.574 6.440
v -11.284 -16.574 9.067
v -11.396 -16.323 9.067
v -9.316 -15.541 8.166
v -10.697 -14.377 8.166
v -11.215 -16.392 11.841
v -10.697 -14.377 8.166
v -12.467 -14.731 8.166
v -11.215 -16.392 11.841
v -12.467 -14.731 8.166
v -13.294 -16.336 8.166
v -11.215 -16.392 11.841
v -13.294 -16.336 8.166
v -12.555 -17.983 8.166
v -11.215 -16.392 11.841
v -12.555 -17.983 8.166
v -10.807 -18.433 8.166
v -11.215 -16.392 11.841
v -10.807 -18.433 8.166
v -9.365 -17.346 8.166
v -11.215 -16.392 11.841
v -9.365 -17.346 8.166
v -9.316 -15.541 8.166
v -11.215 -16.392 11.841
v -9.365 -17.346 8.166
v -10.807 -18.433 8.166
v -12.555 -17.983 8.166
v -13.294 -16.336 8.166
v -12.467 -14.731 8.166
v -10.697 -14.377 8.166
v -9.316 -15.541 8.166
v -9.886 -15.796 9.761
v -10.852 -14.982 9.761
v -11.215 -16.392 13.575
v -10.852 -14.982 9.761
v -12.091 -15.230 9.761
v -11.215 -16.392 13.575
v -12.091 -15.230 9.761
v -12.670 -16.353 9.761
v -11.215 -16.392 13.575
v -12.670 -16.353 9.761
v -12.153 -17.506 9.761
v -11.215 -16.392 13.575
v -12.153 -17.506 9.761
v -10.929 -17.821 9.761
v -11.215 -16.392 13.575
v -10.929 -17.821 9.761
v -9.920 -17.060 9.761
v -11.215 -16.392 13.575
v -9.920 -17.060 9.761
v -9.886 -15.796 9.761
v -11.215 -16.392 13.575
v -9.920 -17.060 9.761
v -10.929 -17.821 9.761
v -12.153 -17.506 9.761
v -12.670 -16.353 9.761
v -12.091 -15.230 9.761
v -10.852 -14.982 9.761
v -9.886 -15.796 9.761
v -50.379 -31.914 5.273
v -50.129 -31.802 5.273
v -50.241 -31.552 5.273
v -50.492 -31.664 5.273
v -50.492 -31.664 1.855
v -50.241 -31.552 1.855
v -50.129 -31.802 1.855
v -50.379 -31.914 1.855
v -50.379 -31.914 1.855
v -50.129 -31.802 1.855
v -50.129 -31.802 5.273
v -50.379 -31.914 5.273
v -50.129 -31.802 1.855
v -50.241 -31.552 1.855
v -50.241 -31.552 5.273
v -50.129 -31.802 5.273
v -50.241 -31.552 1.855
v -50.492 -31.664 1.855
v -50.492 -31.664 5.273
v -50.241 -31.552 5.273
v -50.492 -31.664 1.855
v -50.379 -31.914 1.855
v -50.379 -31.914 5.273
v -50.492 -31.664 5.273
v -47.794 -30.604 4.078
v -49.624 -29.061 4.078
v -50.310 -31.733 8.951
v -49.624 -29.061 4.078
v -51.971 -29.530 4.078
v -50.310 -31.733 8.951
v -51.971 -29.530 4.078
v -53.068 -31.658 4.078
v -50.310 -31.733 8.951
v -53.068 -31.658 4.078
v -52.088 -33.842 4.078
v -50.310 -31.733 8.951
v -52.088 -33.842 4.078
v -49.770 -34.438 4.078
v -50.310 -31.733 8.951
v -49.770 -34.438 4.078
v -47.859 -32.997 4.078
v -50.310 -31.733 8.951
v -47.859 -32.997 4.078
v -47.794 -30.604 4.078
v -50.310 -31.733 8.951
v -47.859 -32.997 4.078
v -49.770 -34.438 4.078
v -52.088 -33.842 4.078
v -53.068 -31.658 4.078
v -51.971 -29.530 4.078
v -49.624 -29.061 4.078
v -47.794 -30.604 4.078
v -48.549 -30.943 6.192
v -49.830 -29.863 6.192
v -50.310 -31.733 11.249
v -49.830 -29.863 6.192
v -51.473 -30.191 6.192
v -50.310 -31.733 11.249
v -51.473 -30.191 6.192
v -52.240 -31.680 6.192
v -50.310 -31.733 11.249
v -52.240 -31.680 6.192
v -51.555 -33.209 6.192
v -50.310 -31.733 11.249
v -51.555 -33.209 6.192
v -49.932 -33.626 6.192
v -50.310 -31.733 11.249
v -49.932 -33.626 6.192
v -48.594 -32.617 6.192
v -50.310 -31.733 11.249
v -48.594 -32.617 6.192
v -48.549 -30.943 6.192
v -50.310 -31.733 11.249
v -48.594 -32.617 6.192
v -49.932 -33.626 6.192
v -51.555 -33.209 6.192
v -52.240 -31.680 6.192
v -51.473 -30.191 6.192
v -49.830 -29.863 6.192
v -48.549 -30.943 6.192
v -12.376 3.948 6.537
v -12.126 4.060 6.537
v -12.238 4.310 6.537
v -12.489 4.198 6.537
v -12.489 4.198 3.240
v -12.238 4.310 3.240
v -12.126 4.060 3.240
v -12.376 3.948 3.240
v -12.376 3.948 3.240
v -12.126 4.060 3.240
v -12.126 4.060 6.537
v -12.376 3.948 6.537
v -12.126 4.060 3.240
v -12.238 4.310 3.240
v -12.238 4.310 6.537
v -12.126 4.060 6.537
v -12.238 4.310 3.240
v -12.489 4.198 3.240
v -12.489 4.198 6.537
v -12.238 4.310 6.537
v -12.489 4.198 3.240
v -12.376 3.948 3.240
v -12.376 3.948 6.537
v -12.489 4.198 6.537
v -9.886 5.215 5.386
v -11.647 6.700 5.386
v -12.307 4.129 10.076
v -11.647 6.700 5.386
v -13.905 6.248 5.386
v -12.307 4.129 10.076
v -13.905 6.248 5.386
v -14.960 4.201 5.386
v -12.307 4.129 10.076
v -14.960 4.201 5.386
v -14.018 2.100 5.386
v -12.307 4.129 10.076
v -14.018 2.100 5.386
v -11.787 1.526 5.386
v -12.307 4.129 10.076
v -11.787 1.526 5.386
v -9.948 2.913 5.386
v -12.307 4.129 10.076
v -9.948 2.913 5.386
v -9.886 5.215 5.386
v -12.307 4.129 10.076
v -9.948 2.913 5.386
v -11.787 1.526 5.386
v -14.018 2.100 5.386
v -14.960 4.201 5.386
v -13.905 6.248 5.386
v -11.647 6.700 5.386
v -9.886 5.215 5.386
v -10.612 4.890 7.421
v -11.845 5.929 7.421
v -12.307 4.129 12.287
v -11.845 5.929 7.421
v -13.426 5.613 7.421
v -12.307 4.129 12.287
v -13.426 5.613 7.421
v -14.164 4.180 7.421
v -12.307 4.129 12.287
v -14.164 4.180 7.421
v -13.505 2.708 7.421
v -12.307 4.129 12.287
v -13.505 2.708 7.421
v -11.943 2.307 7.421
v -12.307 4.129 12.287
v -11.943 2.307 7.421
v -10.656 3.278 7.421
v -12.307 4.129 12.287
v -10.656 3.278 7.421
v -10.612 4.890 7.421
v -12.307 4.129 12.287
v -10.656 3.278 7.421
v -11.943 2.307 7.421
v -13.505 2.708 7.421
v -14.164 4.180 7.421
v -13.426 5.613 7.421
v -11.845 5.929 7.421
v -10.612 4.890 7.421
v 34.612 19.385 13.467
v 34.862 19.497 13.467
v 34.750 19.748 13.467
v 34.500 19.635 13.467
v 34.500 19.635 10.607
v 34.750 19.748 10.607
v 34.862 19.497 10.607
v 34.612 19.385 10.607
v 34.612 19.385 10.607
v 34.862 19.497 10.607
v 34.862 19.497 13.467
v 34.612 19.385 13.467
v 34.862 19.497 10.607
v 34.750 19.748 10.607
v 34.750 19.748 13.467
v 34.862 19.497 13.467
v 34.750 19.748 10.607
v 34.500 19.635 10.607
v 34.500 19.635 13.467
v 34.750 19.748 13.467
v 34.500 19.635 10.607
v 34.612 19.385 10.607
v 34.612 19.385 13.467
v 34.500 19.635 13.467
v 36.761 20.499 12.479
v 35.248 21.774 12.479
v 34.681 19.566 16.506
v 35.248 21.774 12.479
v 33.309 21.386 12.479
v 34.681 19.566 16.506
v 33.309 21.386 12.479
v 32.402 19.628 12.479
v 34.681 19.566 16.506
v 32.402 19.628 12.479
v 33.212 17.823 12.479
v 34.681 19.566 16.506
v 33.212 17.823 12.479
v 35.128 17.331 12.479
v 34.681 19.566 16.506
v 35.128 17.331 12.479
v 36.707 18.522 12.479
v 34.681 19.566 16.506
v 36.707 18.522 12.479
v 36.761 20.499 12.479
v 34.681 19.566 16.506
v 36.707 18.522 12.479
v 35.128 17.331 12.479
v 33.212 17.823 12.479
v 32.402 19.628 12.479
v 33.309 21.386 12.479
v 35.248 21.774 12.479
v 36.761 20.499 12.479
v 36.137 20.219 14.227
v 35.078 21.112 14.227
v 34.681 19.566 18.406
v 35.078 21.112 14.227
v 33.720 20.840 14.227
v 34.681 19.566 18.406
v 33.720 20.840 14.227
v 33.086 19.610 14.227
v 34.681 19.566 18.406
v 33.086 19.610 14.227
v 33.653 18.346 14.227
v 34.681 19.566 18.406
v 33.653 18.346 14.227
v 34.994 18.002 14.227
v 34.681 19.566 18.406
v 34.994 18.002 14.227
v 36.099 18.835 14.227
v 34.681 19.566 18.406
v 36.099 18.835 14.227
v 36.137 20.219 14.227
v 34.681 19.566 18.406
v 36.099 18.835 14.227
v 34.994 18.002 14.227
v 33.653 18.346 14.227
v 33.086 19.610 14.227
v 33.720 20.840 14.227
v 35.078 21.112 14.227
v 36.137 20.219 14.227
v 8.042 6.544 10.144
v 8.292 6.656 10.144
v 8.180 6.907 10.144
v 7.929 6.794 10.144
v 7.929 6.794 6.476
v 8.180 6.907 6.476
v 8.292 6.656 6.476
v 8.042 6.544 6.476
v 8.042 6.544 6.476
v 8.292 6.656 6.476
v 8.292 6.656 10.144
v 8.042 6.544 10.144
v 8.292 6.656 6.476
v 8.180 6.907 6.476
v 8.180 6.907 10.144
v 8.292 6.656 10.144
v 8.180 6.907 6.476
v 7.929 6.794 6.476
v 7.929 6.794 10.144
v 8.180 6.907 10.144
v 7.929 6.794 6.476
v 8.042 6.544 6.476
v 8.042 6.544 10.144
v 7.929 6.794 10.144
v 10.822 7.942 8.856
v 8.850 9.604 8.856
v 8.111 6.725 14.106
v 8.850 9.604 8.856
v 6.321 9.098 8.856
v 8.111 6.725 14.106
v 6.321 9.098 8.856
v 5.140 6.806 8.856
v 8.111 6.725 14.106
v 5.140 6.806 8.856
v 6.195 4.453 8.856
v 8.111 6.725 14.106
v 6.195 4.453 8.856
v 8.693 3.811 8.856
v 8.111 6.725 14.106
v 8.693 3.811 8.856
v 10.752 5.364 8.856
v 8.111 6.725 14.106
v 10.752 5.364 8.856
v 10.822 7.942 8.856
v 8.111 6.725 14.106
v 10.752 5.364 8.856
v 8.693 3.811 8.856
v 6.195 4.453 8.856
v 5.140 6.806 8.856
v 6.321 9.098 8.856
v 8.850 9.604 8.856
v 10.822 7.942 8.856
v 10.009 7.577 11.134
v 8.628 8.740 11.134
v 8.111 6.725 16.583
v 8.628 8.740 11.134
v 6.858 8.386 11.134
v 8.111 6.725 16.583
v 6.858 8.386 11.134
v 6.031 6.782 11.134
v 8.111 6.725 16.583
v 6.031 6.782 11.134
v 6.770 5.135 11.134
v 8.111 6.725 16.583
v 6.770 5.135 11.134
v 8.518 4.685 11.134
v 8.111 6.725 16.583
v 8.518 4.685 11.134
v 9.960 5.772 11.134
v 8.111 6.725 16.583
v 9.960 5.772 11.134
v 10.009 7.577 11.134
v 8.111 6.725 16.583
v 9.960 5.772 11.134
v 8.518 4.685 11.134
v 6.770 5.135 11.134
v 6.031 6.782 11.134
v 6.858 8.386 11.134
v 8.628 8.740 11.134
v 10.009 7.577 11.134
v 16.963 37.452 8.469
v 17.213 37.564 8.469
v 17.101 37.814 8.469
v 16.851 37.702 8.469
v 16.851 37.702 4.667
v 17.101 37.814 4.667
v 17.213 37.564 4.667
v 16.963 37.452 4.667
v 16.963 37.452 4.667
v 17.213 37.564 4.667
v 17.213 37.564 8.469
v 16.963 37.452 8.469
v 17.213 37.564 4.667
v 17.101 37.814 4.667
v 17.101 37.814 8.469
v 17.213 37.564 8.469
v 17.101 37.814 4.667
v 16.851 37.702 4.667
v 16.851 37.702 8.469
v 17.101 37.814 8.469
v 16.851 37.702 4.667
v 16.963 37.452 4.667
v 16.963 37.452 8.469
v 16.851 37.702 8.469
v 19.849 38.897 7.131
v 17.800 40.623 7.131
v 17.032 37.633 12.585
v 17.800 40.623 7.131
v 15.173 40.098 7.131
v 17.032 37.633 12.585
v 15.173 40.098 7.131
v 13.946 37.717 7.131
v 17.032 37.633 12.585
v 13.946 37.717 7.131
v 15.043 35.273 7.131
v 17.032 37.633 12.585
v 15.043 35.273 7.131
v 17.637 34.606 7.131
v 17.032 37.633 12.585
v 17.637 34.606 7.131
v 19.776 36.219 7.131
v 17.032 37.633 12.585
v 19.776 36.219 7.131
v 19.849 38.897 7.131
v 17.032 37.633 12.585
v 19.776 36.219 7.131
v 17.637 34.606 7.131
v 15.043 35.273 7.131
v 13.946 37.717 7.131
v 15.173 40.098 7.131
v 17.800 40.623 7.131
v 19.849 38.897 7.131
v 19.004 38.518 9.498
v 17.570 39.726 9.498
v 17.032 37.633 15.158
v 17.570 39.726 9.498
v 15.731 39.359 9.498
v 17.032 37.633 15.158
v 15.731 39.359 9.498
v 14.872 37.692 9.498
v 17.032 37.633 15.158
v 14.872 37.692 9.498
v 15.639 35.981 9.498
v 17.032 37.633 15.158
v 15.639 35.981 9.498
v 17.456 35.514 9.498
v 17.032 37.633 15.158
v 17.456 35.514 9.498
v 18.953 36.643 9.498
v 17.032 37.633 15.158
v 18.953 36.643 9.498
v 19.004 38.518 9.498
v 17.032 37.633 15.158
v 18.953 36.643 9.498
v 17.456 35.514 9.498
v 15.639 35.981 9.498
v 14.872 37.692 9.498
v 15.731 39.359 9.498
v 17.570 39.726 9.498
v 19.004 38.518 9.498
v 15.874 48.954 6.837
v 16.125 49.066 6.837
v 16.012 49.317 6.837
v 15.762 49.204 6.837
v 15.762 49.204 3.664
v 16.012 49.317 3.664
v 16.125 49.066 3.664
v 15.874 48.954 3.664
v 15.874 48.954 3.664
v 16.125 49.066 3.664
v 16.125 49.066 6.837
v 15.874 48.954 6.837
v 16.125 49.066 3.664
v 16.012 49.317 3.664
v 16.012 49.317 6.837
v 16.125 49.066 6.837
v 16.012 49.317 3.664
v 15.762 49.204 3.664
v 15.762 49.204 6.837
v 16.012 49.317 6.837
v 15.762 49.204 3.664
v 15.874 48.954 3.664
v 15.874 48.954 6.837
v 15.762 49.204 6.837
v 18.268 50.178 5.732
v 16.578 51.603 5.732
v 15.943 49.135 10.234
v 16.578 51.603 5.732
v 14.409 51.170 5.732
v 15.943 49.135 10.234
v 14.409 51.170 5.732
v 13.396 49.205 5.732
v 15.943 49.135 10.234
v 13.396 49.205 5.732
v 14.301 47.187 5.732
v 15.943 49.135 10.234
v 14.301 47.187 5.732
v 16.443 46.637 5.732
v 15.943 49.135 10.234
v 16.443 46.637 5.732
v 18.208 47.968 5.732
v 15.943 49.135 10.234
v 18.208 47.968 5.732
v 18.268 50.178 5.732
v 15.943 49.135 10.234
v 18.208 47.968 5.732
v 16.443 46.637 5.732
v 14.301 47.187 5.732
v 13.396 49.205 5.732
v 14.409 51.170 5.732
v 16.578 51.603 5.732
v 18.268 50.178 5.732
v 17.571 49.866 7.686
v 16.387 50.863 7.686
v 15.943 49.135 12.358
v 16.387 50.863 7.686
v 14.869 50.560 7.686
v 15.943 49.135 12.358
v 14.869 50.560 7.686
v 14.160 49.184 7.686
v 15.943 49.135 12.358
v 14.160 49.184 7.686
v 14.794 47.772 7.686
v 15.943 49.135 12.358
v 14.794 47.772 7.686
v 16.293 47.386 7.686
v 15.943 49.135 12.358
v 16.293 47.386 7.686
v 17.529 48.318 7.686
v 15.943 49.135 12.358
v 17.529 48.318 7.686
v 17.571 49.866 7.686
v 15.943 49.135 12.358
v 17.529 48.318 7.686
v 16.293 47.386 7.686
v 14.794 47.772 7.686
v 14.160 49.184 7.686
v 14.869 50.560 7.686
v 16.387 50.863 7.686
v 17.571 49.866 7.686
v -39.384 -63.108 7.002
v -39.134 -62.996 7.002
v -39.246 -62.746 7.002
v -39.496 -62.858 7.002
v -39.496 -62.858 3.476
v -39.246 -62.746 3.476
v -39.134 -62.996 3.476
v -39.384 -63.108 3.476
v -39.384 -63.108 3.476
v -39.134 -62.996 3.476
v -39.134 -62.996 7.002
v -39.384 -63.108 7.002
v -39.134 -62.996 3.476
v -39.246 -62.746 3.476
v -39.246 -62.746 7.002
v -39.134 -62.996 7.002
v -39.246 -62.746 3.476
v -39.496 -62.858 3.476
v -39.496 -62.858 7.002
v -39.246 -62.746 7.002
v -39.496 -62.858 3.476
v -39.384 -63.108 3.476
v -39.384 -63.108 7.002
v -39.496 -62.858 7.002
v -36.714 -61.760 5.766
v -38.605 -60.166 5.766
v -39.315 -62.927 10.802
v -38.605 -60.166 5.766
v -41.031 -60.651 5.766
v -39.315 -62.927 10.802
v -41.031 -60.651 5.766
v -42.164 -62.850 5.766
v -39.315 -62.927 10.802
v -42.164 -62.850 5.766
v -41.152 -65.107 5.766
v -39.315 -62.927 10.802
v -41.152 -65.107 5.766
v -38.756 -65.722 5.766
v -39.315 -62.927 10.802
v -38.756 -65.722 5.766
v -36.781 -64.233 5.766
v -39.315 -62.927 10.802
v -36.781 -64.233 5.766
v -36.714 -61.760 5.766
v -39.315 -62.927 10.802
v -36.781 -64.233 5.766
v -38.756 -65.722 5.766
v -41.152 -65.107 5.766
v -42.164 -62.850 5.766
v -41.031 -60.651 5.766
v -38.605 -60.166 5.766
v -36.714 -61.760 5.766
v -37.494 -62.110 7.952
v -38.818 -60.994 7.952
v -39.315 -62.927 13.178
v -38.818 -60.994 7.952
v -40.516 -61.334 7.952
v -39.315 -62.927 13.178
v -40.516 -61.334 7.952
v -41.310 -62.873 7.952
v -39.315 -62.927 13.178
v -41.310 -62.873 7.952
v -40.601 -64.453 7.952
v -39.315 -62.927 13.178
v -40.601 -64.453 7.952
v -38.924 -64.884 7.952
v -39.315 -62.927 13.178
v -38.924 -64.884 7.952
v -37.541 -63.841 7.952
v -39.315 -62.927 13.178
v -37.541 -63.841 7.952
v -37.494 -62.110 7.952
v -39.315 -62.927 13.178
v -37.541 -63.841 7.952
v -38.924 -64.884 7.952
v -40.601 -64.453 7.952
v -41.310 -62.873 7.952
v -40.516 -61.334 7.952
v -38.818 -60.994 7.952
v -37.494 -62.110 7.952
v 17.599 -15.221 15.854
v 17.850 -15.108 15.854
v 17.737 -14.858 15.854
v 17.487 -14.970 15.854
v 17.487 -14.970 12.906
v 17.737 -14.858 12.906
v 17.850 -15.108 12.906
v 17.599 -15.221 12.906
v 17.599 -15.221 12.906
v 17.850 -15.108 12.906
v 17.850 -15.108 15.854
v 17.599 -15.221 15.854
v 17.850 -15.108 12.906
v 17.737 -14.858 12.906
v 17.737 -14.858 15.854
v 17.850 -15.108 15.854
v 17.737 -14.858 12.906
v 17.487 -14.970 12.906
v 17.487 -14.970 15.854
v 17.737 -14.858 15.854
v 17.487 -14.970 12.906
v 17.599 -15.221 12.906
v 17.599 -15.221 15.854
v 17.487 -14.970 15.854
v 19.818 -14.075 14.833
v 18.255 -12.758 14.833
v 17.668 -15.039 18.995
v 18.255 -12.758 14.833
v 16.250 -13.158 14.833
v 17.668 -15.039 18.995
v 16.250 -13.158 14.833
v 15.313 -14.976 14.833
v 17.668 -15.039 18.995
v 15.313 -14.976 14.833
v 16.150 -16.841 14.833
v 17.668 -15.039 18.995
v 16.150 -16.841 14.833
v 18.130 -17.350 14.833
v 17.668 -15.039 18.995
v 18.130 -17.350 14.833
v 19.762 -16.119 14.833
v 17.668 -15.039 18.995
v 19.762 -16.119 14.833
v 19.818 -14.075 14.833
v 17.668 -15.039 18.995
v 19.762 -16.119 14.833
v 18.130 -17.350 14.833
v 16.150 -16.841 14.833
v 15.313 -14.976 14.833
v 16.250 -13.158 14.833
v 18.255 -12.758 14.833
v 19.818 -14.075 14.833
v 19.173 -14.364 16.640
v 18.079 -13.442 16.640
v 17.668 -15.039 20.959
v 18.079 -13.442 16.640
v 16.675 -13.723 16.640
v 17.668 -15.039 20.959
v 16.675 -13.723 16.640
v 16.020 -14.995 16.640
v 17.668 -15.039 20.959
v 16.020 -14.995 16.640
v 16.605 -16.300 16.640
v 17.668 -15.039 20.959
v 16.605 -16.300 16.640
v 17.992 -16.657 16.640
v 17.668 -15.039 20.959
v 17.992 -16.657 16.640
v 19.134 -15.795 16.640
v 17.668 -15.039 20.959
v 19.134 -15.795 16.640
v 19.173 -14.364 16.640
v 17.668 -15.039 20.959
v 19.134 -15.795 16.640
v 17.992 -16.657 16.640
v 16.605 -16.300 16.640
v 16.020 -14.995 16.640
v 16.675 -13.723 16.640
v 18.079 -13.442 16.640
v 19.173 -14.364 16.640
v 22.104 14.802 11.777
v 22.354 14.914 11.777
v 22.242 15.164 11.777
v 21.992 15.052 11.777
v 21.992 15.052 8.487
v 22.242 15.164 8.487
v 22.354 14.914 8.487
v 22.104 14.802 8.487
v 22.104 14.802 8.487
v 22.354 14.914 8.487
v 22.354 14.914 11.777
v 22.104 14.802 11.777
v 22.354 14.914 8.487
v 22.242 15.164 8.487
v 22.242 15.164 11.777
v 22.354 14.914 11.777
v 22.242 15.164 8.487
v 21.992 15.052 8.487
v 21.992 15.052 11.777
v 22.242 15.164 11.777
v 21.992 15.052 8.487
v 22.104 14.802 8.487
v 22.104 14.802 11.777
v 21.992 15.052 11.777
v 24.589 16.067 10.629
v 22.832 17.548 10.629
v 22.173 14.983 15.307
v 22.832 17.548 10.629
v 20.579 17.097 10.629
v 22.173 14.983 15.307
v 20.579 17.097 10.629
v 19.526 15.055 10.629
v 22.173 14.983 15.307
v 19.526 15.055 10.629
v 20.466 12.958 10.629
v 22.173 14.983 15.307
v 20.466 12.958 10.629
v 22.692 12.386 10.629
v 22.173 14.983 15.307
v 22.692 12.386 10.629
v 24.527 13.770 10.629
v 22.173 14.983 15.307
v 24.527 13.770 10.629
v 24.589 16.067 10.629
v 22.173 14.983 15.307
v 24.527 13.770 10.629
v 22.692 12.386 10.629
v 20.466 12.958 10.629
v 19.526 15.055 10.629
v 20.579 17.097 10.629
v 22.832 17.548 10.629
v 24.589 16.067 10.629
v 23.864 15.742 12.659
v 22.634 16.778 12.659
v 22.173 14.983 17.514
v 22.634 16.778 12.659
v 21.057 16.463 12.659
v 22.173 14.983 17.514
v 21.057 16.463 12.659
v 20.320 15.033 12.659
v 22.173 14.983 17.514
v 20.320 15.033 12.659
v 20.978 13.566 12.659
v 22.173 14.983 17.514
v 20.978 13.566 12.659
v 22.536 13.165 12.659
v 22.173 14.983 17.514
v 22.536 13.165 12.659
v 23.821 14.134 12.659
v 22.173 14.983 17.514
v 23.821 14.134 12.659
v 23.864 15.742 12.659
v 22.173 14.983 17.514
v 23.821 14.134 12.659
v 22.536 13.165 12.659
v 20.978 13.566 12.659
v 20.320 15.033 12.659
v 21.057 16.463 12.659
v 22.634 16.778 12.659
v 23.864 15.742 12.659
v 4.987 -25.384 15.705
v 5.238 -25.272 15.705
v 5.125 -25.022 15.705
v 4.875 -25.134 15.705
v 4.875 -25.134 11.949
v 5.125 -25.022 11.949
v 5.238 -25.272 11.949
v 4.987 -25.384 11.949
v 4.987 -25.384 11.949
v 5.238 -25.272 11.949
v 5.238 -25.272 15.705
v 4.987 -25.384 15.705
v 5.238 -25.272 11.949
v 5.125 -25.022 11.949
v 5.125 -25.022 15.705
v 5.238 -25.272 15.705
v 5.125 -25.022 11.949
v 4.875 -25.134 11.949
v 4.875 -25.134 15.705
v 5.125 -25.022 15.705
v 4.875 -25.134 11.949
v 4.987 -25.384 11.949
v 4.987 -25.384 15.705
v 4.875 -25.134 15.705
v 7.838 -23.955 14.384
v 5.815 -22.251 14.384
v 5.056 -25.203 19.770
v 5.815 -22.251 14.384
v 3.221 -22.769 14.384
v 5.056 -25.203 19.770
v 3.221 -22.769 14.384
v 2.009 -25.120 14.384
v 5.056 -25.203 19.770
v 2.009 -25.120 14.384
v 3.092 -27.534 14.384
v 5.056 -25.203 19.770
v 3.092 -27.534 14.384
v 5.654 -28.192 14.384
v 5.056 -25.203 19.770
v 5.654 -28.192 14.384
v 7.766 -26.600 14.384
v 5.056 -25.203 19.770
v 7.766 -26.600 14.384
v 7.838 -23.955 14.384
v 5.056 -25.203 19.770
v 7.766 -26.600 14.384
v 5.654 -28.192 14.384
v 3.092 -27.534 14.384
v 2.009 -25.120 14.384
v 3.221 -22.769 14.384
v 5.815 -22.251 14.384
v 7.838 -23.955 14.384
v 7.003 -24.330 16.721
v 5.587 -23.136 16.721
v 5.056 -25.203 22.310
v 5.587 -23.136 16.721
v 3.772 -23.499 16.721
v 5.056 -25.203 22.310
v 3.772 -23.499 16.721
v 2.923 -25.145 16.721
v 5.056 -25.203 22.310
v 2.923 -25.145 16.721
v 3.681 -26.835 16.721
v 5.056 -25.203 22.310
v 3.681 -26.835 16.721
v 5.475 -27.295 16.721
v 5.056 -25.203 22.310
v 5.475 -27.295 16.721
v 6.953 -26.181 16.721
v 5.056 -25.203 22.310
v 6.953 -26.181 16.721
v 7.003 -24.330 16.721
v 5.056 -25.203 22.310
v 6.953 -26.181 16.721
v 5.475 -27.295 16.721
v 3.681 -26.835 16.721
v 2.923 -25.145 16.721
v 3.772 -23.499 16.721
v 5.587 -23.136 16.721
v 7.003 -24.330 16.721
v 1.874 -12.580 11.040
v 2.124 -12.468 11.040
v 2.012 -12.218 11.040
v 1.761 -12.330 11.040
v 1.761 -12.330 8.415
v 2.012 -12.218 8.415
v 2.124 -12.468 8.415
v 1.874 -12.580 8.415
v 1.874 -12.580 8.415
v 2.124 -12.468 8.415
v 2.124 -12.468 11.040
v 1.874 -12.580 11.040
v 2.124 -12.468 8.415
v 2.012 -12.218 8.415
v 2.012 -12.218 11.040
v 2.124 -12.468 11.040
v 2.012 -12.218 8.415
v 1.761 -12.330 8.415
v 1.761 -12.330 11.040
v 2.012 -12.218 11.040
v 1.761 -12.330 8.415
v 1.874 -12.580 8.415
v 1.874 -12.580 11.040
v 1.761 -12.330 11.040
v 3.839 -11.548 10.139
v 2.460 -10.386 10.139
v 1.943 -12.399 13.811
v 2.460 -10.386 10.139
v 0.691 -10.739 10.139
v 1.943 -12.399 13.811
v 0.691 -10.739 10.139
v -0.135 -12.342 10.139
v 1.943 -12.399 13.811
v -0.135 -12.342 10.139
v 0.603 -13.988 10.139
v 1.943 -12.399 13.811
v 0.603 -13.988 10.139
v 2.350 -14.437 10.139
v 1.943 -12.399 13.811
v 2.350 -14.437 10.139
v 3.790 -13.351 10.139
v 1.943 -12.399 13.811
v 3.790 -13.351 10.139
v 3.839 -11.548 10.139
v 1.943 -12.399 13.811
v 3.790 -13.351 10.139
v 2.350 -14.437 10.139
v 0.603 -13.988 10.139
v -0.135 -12.342 10.139
v 0.691 -10.739 10.139
v 2.460 -10.386 10.139
v 3.839 -11.548 10.139
v 3.270 -11.803 11.733
v 2.305 -10.990 11.733
v 1.943 -12.399 15.543
v 2.305 -10.990 11.733
v 1.067 -11.237 11.733
v 1.943 -12.399 15.543
v 1.067 -11.237 11.733
v 0.488 -12.359 11.733
v 1.943 -12.399 15.543
v 0.488 -12.359 11.733
v 1.005 -13.511 11.733
v 1.943 -12.399 15.543
v 1.005 -13.511 11.733
v 2.228 -13.825 11.733
v 1.943 -12.399 15.543
v 2.228 -13.825 11.733
v 3.236 -13.065 11.733
v 1.943 -12.399 15.543
v 3.236 -13.065 11.733
v 3.270 -11.803 11.733
v 1.943 -12.399 15.543
v 3.236 -13.065 11.733
v 2.228 -13.825 11.733
v 1.005 -13.511 11.733
v 0.488 -12.359 11.733
v 1.067 -11.237 11.733
v 2.305 -10.990 11.733
v 3.270 -11.803 11.733
v 55.919 36.999 15.746
v 56.170 37.112 15.746
v 56.057 37.362 15.746
v 55.807 37.250 15.746
v 55.807 37.250 12.835
v 56.057 37.362 12.835
v 56.170 37.112 12.835
v 55.919 36.999 12.835
v 55.919 36.999 12.835
v 56.170 37.112 12.835
v 56.170 37.112 15.746
v 55.919 36.999 15.746
v 56.170 37.112 12.835
v 56.057 37.362 12.835
v 56.057 37.362 15.746
v 56.170 37.112 15.746
v 56.057 37.362 12.835
v 55.807 37.250 12.835
v 55.807 37.250 15.746
v 56.057 37.362 15.746
v 55.807 37.250 12.835
v 55.919 36.999 12.835
v 55.919 36.999 15.746
v 55.807 37.250 15.746
v 58.109 38.132 14.739
v 56.567 39.432 14.739
v 55.988 37.181 18.845
v 56.567 39.432 14.739
v 54.589 39.036 14.739
v 55.988 37.181 18.845
v 54.589 39.036 14.739
v 53.665 37.244 14.739
v 55.988 37.181 18.845
v 53.665 37.244 14.739
v 54.491 35.404 14.739
v 55.988 37.181 18.845
v 54.491 35.404 14.739
v 56.444 34.902 14.739
v 55.988 37.181 18.845
v 56.444 34.902 14.739
v 58.054 36.116 14.739
v 55.988 37.181 18.845
v 58.054 36.116 14.739
v 58.109 38.132 14.739
v 55.988 37.181 18.845
v 58.054 36.116 14.739
v 56.444 34.902 14.739
v 54.491 35.404 14.739
v 53.665 37.244 14.739
v 54.589 39.036 14.739
v 56.567 39.432 14.739
v 58.109 38.132 14.739
v 57.473 37.847 16.521
v 56.393 38.756 16.521
v 55.988 37.181 20.781
v 56.393 38.756 16.521
v 55.009 38.480 16.521
v 55.988 37.181 20.781
v 55.009 38.480 16.521
v 54.362 37.225 16.521
v 55.988 37.181 20.781
v 54.362 37.225 16.521
v 54.940 35.937 16.521
v 55.988 37.181 20.781
v 54.940 35.937 16.521
v 56.307 35.585 16.521
v 55.988 37.181 20.781
v 56.307 35.585 16.521
v 57.434 36.435 16.521
v 55.988 37.181 20.781
v 57.434 36.435 16.521
v 57.473 37.847 16.521
v 55.988 37.181 20.781
v 57.434 36.435 16.521
v 56.307 35.585 16.521
v 54.940 35.937 16.521
v 54.362 37.225 16.521
v 55.009 38.480 16.521
v 56.393 38.756 16.521
v 57.473 37.847 16.521
v -6.630 -22.558 11.177
v -6.380 -22.446 11.177
v -6.492 -22.196 11.177
v -6.743 -22.308 11.177
v -6.743 -22.308 8.602
v -6.492 -22.196 8.602
v -6.380 -22.446 8.602
v -6.630 -22.558 8.602
v -6.630 -22.558 8.602
v -6.380 -22.446 8.602
v -6.380 -22.446 11.177
v -6.630 -22.558 11.177
v -6.380 -22.446 8.602
v -6.492 -22.196 8.602
v -6.492 -22.196 11.177
v -6.380 -22.446 11.177
v -6.492 -22.196 8.602
v -6.743 -22.308 8.602
v -6.743 -22.308 11.177
v -6.492 -22.196 11.177
v -6.743 -22.308 8.602
v -6.630 -22.558 8.602
v -6.630 -22.558 11.177
v -6.743 -22.308 11.177
v -4.703 -21.543 10.295
v -6.055 -20.405 10.295
v -6.561 -22.377 13.893
v -6.055 -20.405 10.295
v -7.787 -20.751 10.295
v -6.561 -22.377 13.893
v -7.787 -20.751 10.295
v -8.597 -22.322 10.295
v -6.561 -22.377 13.893
v -8.597 -22.322 10.295
v -7.874 -23.934 10.295
v -6.561 -22.377 13.893
v -7.874 -23.934 10.295
v -6.162 -24.374 10.295
v -6.561 -22.377 13.893
v -6.162 -24.374 10.295
v -4.751 -23.310 10.295
v -6.561 -22.377 13.893
v -4.751 -23.310 10.295
v -4.703 -21.543 10.295
v -6.561 -22.377 13.893
v -4.751 -23.310 10.295
v -6.162 -24.374 10.295
v -7.874 -23.934 10.295
v -8.597 -22.322 10.295
v -7.787 -20.751 10.295
v -6.055 -20.405 10.295
v -4.703 -21.543 10.295
v -5.261 -21.794 11.856
v -6.207 -20.996 11.856
v -6.561 -22.377 15.590
v -6.207 -20.996 11.856
v -7.420 -21.239 11.856
v -6.561 -22.377 15.590
v -7.420 -21.239 11.856
v -7.986 -22.338 11.856
v -6.561 -22.377 15.590
v -7.986 -22.338 11.856
v -7.480 -23.467 11.856
v -6.561 -22.377 15.590
v -7.480 -23.467 11.856
v -6.282 -23.775 11.856
v -6.561 -22.377 15.590
v -6.282 -23.775 11.856
v -5.294 -23.030 11.856
v -6.561 -22.377 15.590
v -5.294 -23.030 11.856
v -5.261 -21.794 11.856
v -6.561 -22.377 15.590
v -5.294 -23.030 11.856
v -6.282 -23.775 11.856
v -7.480 -23.467 11.856
v -7.986 -22.338 11.856
v -7.420 -21.239 11.856
v -6.207 -20.996 11.856
v -5.261 -21.794 11.856
v -13.083 16.697 4.327
v -12.832 16.809 4.327
v -12.945 17.060 4.327
v -13.195 16.947 4.327
v -13.195 16.947 1.631
v -12.945 17.060 1.631
v -12.832 16.809 1.631
v -13.083 16.697 1.631
v -13.083 16.697 1.631
v -12.832 16.809 1.631
v -12.832 16.809 4.327
v -13.083 16.697 4.327
v -12.832 16.809 1.631
v -12.945 17.060 1.631
v -12.945 17.060 4.327
v -12.832 16.809 4.327
v -12.945 17.060 1.631
v -13.195 16.947 1.631
v -13.195 16.947 4.327
v -12.945 17.060 4.327
v -13.195 16.947 1.631
v -13.083 16.697 1.631
v -13.083 16.697 4.327
v -13.195 16.947 4.327
v -11.061 17.754 3.400
v -12.481 18.951 3.400
v -13.014 16.878 7.181
v -12.481 18.951 3.400
v -14.302 18.587 3.400
v -13.014 16.878 7.181
v -14.302 18.587 3.400
v -15.153 16.937 3.400
v -13.014 16.878 7.181
v -15.153 16.937 3.400
v -14.393 15.242 3.400
v -13.014 16.878 7.181
v -14.393 15.242 3.400
v -12.594 14.780 3.400
v -13.014 16.878 7.181
v -12.594 14.780 3.400
v -11.111 15.898 3.400
v -13.014 16.878 7.181
v -11.111 15.898 3.400
v -11.061 17.754 3.400
v -13.014 16.878 7.181
v -11.111 15.898 3.400
v -12.594 14.780 3.400
v -14.393 15.242 3.400
v -15.153 16.937 3.400
v -14.302 18.587 3.400
v -12.481 18.951 3.400
v -11.061 17.754 3.400
v -11.647 17.492 5.041
v -12.641 18.329 5.041
v -13.014 16.878 8.964
v -12.641 18.329 5.041
v -13.916 18.075 5.041
v -13.014 16.878 8.964
v -13.916 18.075 5.041
v -14.511 16.919 5.041
v -13.014 16.878 8.964
v -14.511 16.919 5.041
v -13.979 15.733 5.041
v -13.014 16.878 8.964
v -13.979 15.733 5.041
v -12.720 15.409 5.041
v -13.014 16.878 8.964
v -12.720 15.409 5.041
v -11.682 16.192 5.041
v -13.014 16.878 8.964
v -11.682 16.192 5.041
v -11.647 17.492 5.041
v -13.014 16.878 8.964
v -11.682 16.192 5.041
v -12.720 15.409 5.041
v -13.979 15.733 5.041
v -14.511 16.919 5.041
v -13.916 18.075 5.041
v -12.641 18.329 5.041
v -11.647 17.492 5.041
v -34.865 -66.712 6.648
v -34.614 -66.600 6.648
v -34.727 -66.350 6.648
v -34.977 -66.462 6.648
v -34.977 -66.462 3.935
v -34.727 -66.350 3.935
v -34.614 -66.600 3.935
v -34.865 -66.712 3.935
v -34.865 -66.712 3.935
v -34.614 -66.600 3.935
v -34.614 -66.600 6.648
v -34.865 -66.712 6.648
v -34.614 -66.600 3.935
v -34.727 -66.350 3.935
v -34.727 -66.350 6.648
v -34.614 -66.600 6.648
v -34.727 -66.350 3.935
v -34.977 -66.462 3.935
v -34.977 -66.462 6.648
v -34.727 -66.350 6.648
v -34.977 -66.462 3.935
v -34.865 -66.712 3.935
v -34.865 -66.712 6.648
v -34.977 -66.462 6.648
v -32.831 -65.650 5.715
v -34.260 -64.445 5.715
v -34.796 -66.531 9.519
v -34.260 -64.445 5.715
v -36.092 -64.811 5.715
v -34.796 -66.531 9.519
v -36.092 -64.811 5.715
v -36.948 -66.473 5.715
v -34.796 -66.531 9.519
v -36.948 -66.473 5.715
v -36.184 -68.178 5.715
v -34.796 -66.531 9.519
v -36.184 -68.178 5.715
v -34.374 -68.643 5.715
v -34.796 -66.531 9.519
v -34.374 -68.643 5.715
v -32.881 -67.518 5.715
v -34.796 -66.531 9.519
v -32.881 -67.518 5.715
v -32.831 -65.650 5.715
v -34.796 -66.531 9.519
v -32.881 -67.518 5.715
v -34.374 -68.643 5.715
v -36.184 -68.178 5.715
v -36.948 -66.473 5.715
v -36.092 -64.811 5.715
v -34.260 -64.445 5.715
v -32.831 -65.650 5.715
v -33.420 -65.914 7.366
v -34.420 -65.071 7.366
v -34.796 -66.531 11.314
v -34.420 -65.071 7.366
v -35.703 -65.327 7.366
v -34.796 -66.531 11.314
v -35.703 -65.327 7.366
v -36.303 -66.490 7.366
v -34.796 -66.531 11.314
v -36.303 -66.490 7.366
v -35.767 -67.684 7.366
v -34.796 -66.531 11.314
v -35.767 -67.684 7.366
v -34.500 -68.009 7.366
v -34.796 -66.531 11.314
v -34.500 -68.009 7.366
v -33.456 -67.222 7.366
v -34.796 -66.531 11.314
v -33.456 -67.222 7.366
v -33.420 -65.914 7.366
v -34.796 -66.531 11.314
v -33.456 -67.222 7.366
v -34.500 -68.009 7.366
v -35.767 -67.684 7.366
v -36.303 -66.490 7.366
v -35.703 -65.327 7.366
v -34.420 -65.071 7.366
v -33.420 -65.914 7.366
v -27.560 -21.177 8.058
v -27.310 -21.065 8.058
v -27.422 -20.814 8.058
v -27.672 -20.927 8.058
v -27.672 -20.927 4.395
v -27.422 -20.814 4.395
v -27.310 -21.065 4.395
v -27.560 -21.177 4.395
v -27.560 -21.177 4.395
v -27.310 -21.065 4.395
v -27.310 -21.065 8.058
v -27.560 -21.177 8.058
v -27.310 -21.065 4.395
v -27.422 -20.814 4.395
v -27.422 -20.814 8.058
v -27.310 -21.065 8.058
v -27.422 -20.814 4.395
v -27.672 -20.927 4.395
v -27.672 -20.927 8.058
v -27.422 -20.814 8.058
v -27.672 -20.927 4.395
v -27.560 -21.177 4.395
v -27.560 -21.177 8.058
v -27.672 -20.927 8.058
v -24.783 -19.781 6.771
v -26.753 -18.121 6.771
v -27.491 -20.996 12.015
v -26.753 -18.121 6.771
v -29.278 -18.626 6.771
v -27.491 -20.996 12.015
v -29.278 -18.626 6.771
v -30.458 -20.915 6.771
v -27.491 -20.996 12.015
v -30.458 -20.915 6.771
v -29.404 -23.265 6.771
v -27.491 -20.996 12.015
v -29.404 -23.265 6.771
v -26.910 -23.906 6.771
v -27.491 -20.996 12.015
v -26.910 -23.906 6.771
v -24.853 -22.355 6.771
v -27.491 -20.996 12.015
v -24.853 -22.355 6.771
v -24.783 -19.781 6.771
v -27.491 -20.996 12.015
v -24.853 -22.355 6.771
v -26.910 -23.906 6.771
v -29.404 -23.265 6.771
v -30.458 -20.915 6.771
v -29.278 -18.626 6.771
v -26.753 -18.121 6.771
v -24.783 -19.781 6.771
v -25.596 -20.145 9.047
v -26.974 -18.983 9.047
v -27.491 -20.996 14.488
v -26.974 -18.983 9.047
v -28.742 -19.337 9.047
v -27.491 -20.996 14.488
v -28.742 -19.337 9.047
v -29.568 -20.939 9.047
v -27.491 -20.996 14.488
v -29.568 -20.939 9.047
v -28.830 -22.584 9.047
v -27.491 -20.996 14.488
v -28.830 -22.584 9.047
v -27.084 -23.033 9.047
v -27.491 -20.996 14.488
v -27.084 -23.033 9.047
v -25.645 -21.947 9.047
v -27.491 -20.996 14.488
v -25.645 -21.947 9.047
v -25.596 -20.145 9.047
v -27.491 -20.996 14.488
v -25.645 -21.947 9.047
v -27.084 -23.033 9.047
v -28.830 -22.584 9.047
v -29.568 -20.939 9.047
v -28.742 -19.337 9.047
v -26.974 -18.983 9.047
v -25.596 -20.145 9.047
v 41.515 12.155 16.316
v 41.765 12.268 16.316
v 41.653 12.518 16.316
v 41.403 12.406 16.316
v 41.403 12.406 13.412
v 41.653 12.518 13.412
v 41.765 12.268 13.412
v 41.515 12.155 13.412
v 41.515 12.155 13.412
v 41.765 12.268 13.412
v 41.765 12.268 16.316
v 41.515 12.155 16.316
v 41.765 12.268 13.412
v 41.653 12.518 13.412
v 41.653 12.518 16.316
v 41.765 12.268 16.316
v 41.653 12.518 13.412
v 41.403 12.406 13.412
v 41.403 12.406 16.316
v 41.653 12.518 16.316
v 41.403 12.406 13.412
v 41.515 12.155 13.412
v 41.515 12.155 16.316
v 41.403 12.406 16.316
v 43.698 13.285 15.311
v 42.161 14.581 15.311
v 41.584 12.337 19.405
v 42.161 14.581 15.311
v 40.189 14.187 15.311
v 41.584 12.337 19.405
v 40.189 14.187 15.311
v 39.268 12.399 15.311
v 41.584 12.337 19.405
v 39.268 12.399 15.311
v 40.091 10.565 15.311
v 41.584 12.337 19.405
v 40.091 10.565 15.311
v 42.038 10.064 15.311
v 41.584 12.337 19.405
v 42.038 10.064 15.311
v 43.644 11.275 15.311
v 41.584 12.337 19.405
v 43.644 11.275 15.311
v 43.698 13.285 15.311
v 41.584 12.337 19.405
v 43.644 11.275 15.311
v 42.038 10.064 15.311
v 40.091 10.565 15.311
v 39.268 12.399 15.311
v 40.189 14.187 15.311
v 42.161 14.581 15.311
v 43.698 13.285 15.311
v 43.064 13.000 17.088
v 41.988 13.908 17.088
v 41.584 12.337 21.336
v 41.988 13.908 17.088
v 40.608 13.632 17.088
v 41.584 12.337 21.336
v 40.608 13.632 17.088
v 39.963 12.381 17.088
v 41.584 12.337 21.336
v 39.963 12.381 17.088
v 40.539 11.096 17.088
v 41.584 12.337 21.336
v 40.539 11.096 17.088
v 41.902 10.746 17.088
v 41.584 12.337 21.336
v 41.902 10.746 17.088
v 43.026 11.593 17.088
v 41.584 12.337 21.336
v 43.026 11.593 17.088
v 43.064 13.000 17.088
v 41.584 12.337 21.336
v 43.026 11.593 17.088
v 41.902 10.746 17.088
v 40.539 11.096 17.088
v 39.963 12.381 17.088
v 40.608 13.632 17.088
v 41.988 13.908 17.088
v 43.064 13.000 17.088
v 50.195 14.075 17.805
v 50.446 14.187 17.805
v 50.333 14.437 17.805
v 50.083 14.325 17.805
v 50.083 14.325 15.065
v 50.333 14.437 15.065
v 50.446 14.187 15.065
v 50.195 14.075 15.065
v 50.195 14.075 15.065
v 50.446 14.187 15.065
v 50.446 14.187 17.805
v 50.195 14.075 17.805
v 50.446 14.187 15.065
v 50.333 14.437 15.065
v 50.333 14.437 17.805
v 50.446 14.187 17.805
v 50.333 14.437 15.065
v 50.083 14.325 15.065
v 50.083 14.325 17.805
v 50.333 14.437 17.805
v 50.083 14.325 15.065
v 50.195 14.075 15.065
v 50.195 14.075 17.805
v 50.083 14.325 17.805
v 52.251 15.147 16.861
v 50.806 16.365 16.861
v 50.264 14.256 20.708
v 50.806 16.365 16.861
v 48.954 15.995 16.861
v 50.264 14.256 20.708
v 48.954 15.995 16.861
v 48.088 14.315 16.861
v 50.264 14.256 20.708
v 48.088 14.315 16.861
v 48.861 12.591 16.861
v 50.264 14.256 20.708
v 48.861 12.591 16.861
v 50.691 12.121 16.861
v 50.264 14.256 20.708
v 50.691 12.121 16.861
v 52.200 13.259 16.861
v 50.264 14.256 20.708
v 52.200 13.259 16.861
v 52.251 15.147 16.861
v 50.264 14.256 20.708
v 52.200 13.259 16.861
v 50.691 12.121 16.861
v 48.861 12.591 16.861
v 48.088 14.315 16.861
v 48.954 15.995 16.861
v 50.806 16.365 16.861
v 52.251 15.147 16.861
v 51.655 14.880 18.531
v 50.644 15.732 18.531
v 50.264 14.256 22.522
v 50.644 15.732 18.531
v 49.347 15.473 18.531
v 50.264 14.256 22.522
v 49.347 15.473 18.531
v 48.741 14.297 18.531
v 50.264 14.256 22.522
v 48.741 14.297 18.531
v 49.282 13.091 18.531
v 50.264 14.256 22.522
v 49.282 13.091 18.531
v 50.563 12.762 18.531
v 50.264 14.256 22.522
v 50.563 12.762 18.531
v 51.619 13.558 18.531
v 50.264 14.256 22.522
v 51.619 13.558 18.531
v 51.655 14.880 18.531
v 50.264 14.256 22.522
v 51.619 13.558 18.531
v 50.563 12.762 18.531
v 49.282 13.091 18.531
v 48.741 14.297 18.531
v 49.347 15.473 18.531
v 50.644 15.732 18.531
v 51.655 14.880 18.531
v -38.699 -19.740 5.197
v -38.449 -19.628 5.197
v -38.561 -19.378 5.197
v -38.811 -19.490 5.197
v -38.811 -19.490 2.351
v -38.561 -19.378 2.351
v -38.449 -19.628 2.351
v -38.699 -19.740 2.351
v -38.699 -19.740 2.351
v -38.449 -19.628 2.351
v -38.449 -19.628 5.197
v -38.699 -19.740 5.197
v -38.449 -19.628 2.351
v -38.561 -19.378 2.351
v -38.561 -19.378 5.197
v -38.449 -19.628 5.197
v -38.561 -19.378 2.351
v -38.811 -19.490 2.351
v -38.811 -19.490 5.197
v -38.561 -19.378 5.197
v -38.811 -19.490 2.351
v -38.699 -19.740 2.351
v -38.699 -19.740 5.197
v -38.811 -19.490 5.197
v -36.561 -18.631 4.214
v -38.066 -17.363 4.214
v -38.630 -19.559 8.220
v -38.066 -17.363 4.214
v -39.995 -17.748 4.214
v -38.630 -19.559 8.220
v -39.995 -17.748 4.214
v -40.897 -19.497 4.214
v -38.630 -19.559 8.220
v -40.897 -19.497 4.214
v -40.092 -21.293 4.214
v -38.630 -19.559 8.220
v -40.092 -21.293 4.214
v -38.186 -21.783 4.214
v -38.630 -19.559 8.220
v -38.186 -21.783 4.214
v -36.614 -20.598 4.214
v -38.630 -19.559 8.220
v -36.614 -20.598 4.214
v -36.561 -18.631 4.214
v -38.630 -19.559 8.220
v -36.614 -20.598 4.214
v -38.186 -21.783 4.214
v -40.092 -21.293 4.214
v -40.897 -19.497 4.214
v -39.995 -17.748 4.214
v -38.066 -17.363 4.214
v -36.561 -18.631 4.214
v -37.182 -18.909 5.953
v -38.235 -18.021 5.953
v -38.630 -19.559 10.110
v -38.235 -18.021 5.953
v -39.586 -18.291 5.953
v -38.630 -19.559 10.110
v -39.586 -18.291 5.953
v -40.217 -19.516 5.953
v -38.630 -19.559 10.110
v -40.217 -19.516 5.953
v -39.653 -20.773 5.953
v -38.630 -19.559 10.110
v -39.653 -20.773 5.953
v -38.319 -21.115 5.953
v -38.630 -19.559 10.110
v -38.319 -21.115 5.953
v -37.219 -20.286 5.953
v -38.630 -19.559 10.110
v -37.219 -20.286 5.953
v -37.182 -18.909 5.953
v -38.630 -19.559 10.110
v -37.219 -20.286 5.953
v -38.319 -21.115 5.953
v -39.653 -20.773 5.953
v -40.217 -19.516 5.953
v -39.586 -18.291 5.953
v -38.235 -18.021 5.953
v -37.182 -18.909 5.953
v 0.862 -6.764 10.055
v 1.112 -6.652 10.055
v 1.000 -6.402 10.055
v 0.749 -6.514 10.055
v 0.749 -6.514 7.172
v 1.000 -6.402 7.172
v 1.112 -6.652 7.172
v 0.862 -6.764 7.172
v 0.862 -6.764 7.172
v 1.112 -6.652 7.172
v 1.112 -6.652 10.055
v 0.862 -6.764 10.055
v 1.112 -6.652 7.172
v 1.000 -6.402 7.172
v 1.000 -6.402 10.055
v 1.112 -6.652 10.055
v 1.000 -6.402 7.172
v 0.749 -6.514 7.172
v 0.749 -6.514 10.055
v 1.000 -6.402 10.055
v 0.749 -6.514 7.172
v 0.862 -6.764 7.172
v 0.862 -6.764 10.055
v 0.749 -6.514 10.055
v 3.029 -5.642 9.059
v 1.503 -4.355 9.059
v 0.931 -6.583 13.122
v 1.503 -4.355 9.059
v -0.454 -4.746 9.059
v 0.931 -6.583 13.122
v -0.454 -4.746 9.059
v -1.368 -6.521 9.059
v 0.931 -6.583 13.122
v -1.368 -6.521 9.059
v -0.552 -8.342 9.059
v 0.931 -6.583 13.122
v -0.552 -8.342 9.059
v 1.381 -8.838 9.059
v 0.931 -6.583 13.122
v 1.381 -8.838 9.059
v 2.975 -7.637 9.059
v 0.931 -6.583 13.122
v 2.975 -7.637 9.059
v 3.029 -5.642 9.059
v 0.931 -6.583 13.122
v 2.975 -7.637 9.059
v 1.381 -8.838 9.059
v -0.552 -8.342 9.059
v -1.368 -6.521 9.059
v -0.454 -4.746 9.059
v 1.503 -4.355 9.059
v 3.029 -5.642 9.059
v 2.400 -5.924 10.822
v 1.331 -5.024 10.822
v 0.931 -6.583 15.039
v 1.331 -5.024 10.822
v -0.039 -5.297 10.822
v 0.931 -6.583 15.039
v -0.039 -5.297 10.822
v -0.679 -6.539 10.822
v 0.931 -6.583 15.039
v -0.679 -6.539 10.822
v -0.107 -7.814 10.822
v 0.931 -6.583 15.039
v -0.107 -7.814 10.822
v 1.246 -8.162 10.822
v 0.931 -6.583 15.039
v 1.246 -8.162 10.822
v 2.362 -7.321 10.822
v 0.931 -6.583 15.039
v 2.362 -7.321 10.822
v 2.400 -5.924 10.822
v 0.931 -6.583 15.039
v 2.362 -7.321 10.822
v 1.246 -8.162 10.822
v -0.107 -7.814 10.822
v -0.679 -6.539 10.822
v -0.039 -5.297 10.822
v 1.331 -5.024 10.822
v 2.400 -5.924 10.822
v 48.875 39.596 14.233
v 49.125 39.709 14.233
v 49.013 39.959 14.233
v 48.763 39.847 14.233
v 48.763 39.847 11.026
v 49.013 39.959 11.026
v 49.125 39.709 11.026
v 48.875 39.596 11.026
v 48.875 39.596 11.026
v 49.125 39.709 11.026
v 49.125 39.709 14.233
v 48.875 39.596 14.233
v 49.125 39.709 11.026
v 49.013 39.959 11.026
v 49.013 39.959 14.233
v 49.125 39.709 14.233
v 49.013 39.959 11.026
v 48.763 39.847 11.026
v 48.763 39.847 14.233
v 49.013 39.959 14.233
v 48.763 39.847 11.026
v 48.875 39.596 11.026
v 48.875 39.596 14.233
v 48.763 39.847 14.233
v 51.296 40.832 13.116
v 49.586 42.274 13.116
v 48.944 39.778 17.669
v 49.586 42.274 13.116
v 47.393 41.835 13.116
v 48.944 39.778 17.669
v 47.393 41.835 13.116
v 46.368 39.848 13.116
v 48.944 39.778 17.669
v 46.368 39.848 13.116
v 47.283 37.807 13.116
v 48.944 39.778 17.669
v 47.283 37.807 13.116
v 49.449 37.250 13.116
v 48.944 39.778 17.669
v 49.449 37.250 13.116
v 51.235 38.597 13.116
v 48.944 39.778 17.669
v 51.235 38.597 13.116
v 51.296 40.832 13.116
v 48.944 39.778 17.669
v 51.235 38.597 13.116
v 49.449 37.250 13.116
v 47.283 37.807 13.116
v 46.368 39.848 13.116
v 47.393 41.835 13.116
v 49.586 42.274 13.116
v 51.296 40.832 13.116
v 50.590 40.516 15.092
v 49.393 41.525 15.092
v 48.944 39.778 19.817
v 49.393 41.525 15.092
v 47.858 41.218 15.092
v 48.944 39.778 19.817
v 47.858 41.218 15.092
v 47.141 39.827 15.092
v 48.944 39.778 19.817
v 47.141 39.827 15.092
v 47.782 38.398 15.092
v 48.944 39.778 19.817
v 47.782 38.398 15.092
v 49.298 38.008 15.092
v 48.944 39.778 19.817
v 49.298 38.008 15.092
v 50.548 38.951 15.092
v 48.944 39.778 19.817
v 50.548 38.951 15.092
v 50.590 40.516 15.092
v 48.944 39.778 19.817
v 50.548 38.951 15.092
v 49.298 38.008 15.092
v 47.782 38.398 15.092
v 47.141 39.827 15.092
v 47.858 41.218 15.092
v 49.393 41.525 15.092
v 50.590 40.516 15.092
v 16.644 1.512 12.065
v 16.894 1.624 12.065
v 16.782 1.874 12.065
v 16.532 1.762 12.065
v 16.532 1.762 9.449
v 16.782 1.874 9.449
v 16.894 1.624 9.449
v 16.644 1.512 9.449
v 16.644 1.512 9.449
v 16.894 1.624 9.449
v 16.894 1.624 12.065
v 16.644 1.512 12.065
v 16.894 1.624 9.449
v 16.782 1.874 9.449
v 16.782 1.874 12.065
v 16.894 1.624 12.065
v 16.782 1.874 9.449
v 16.532 1.762 9.449
v 16.532 1.762 12.065
v 16.782 1.874 12.065
v 16.532 1.762 9.449
v 16.644 1.512 9.449
v 16.644 1.512 12.065
v 16.532 1.762 12.065
v 18.603 2.541 11.168
v 17.229 3.699 11.168
v 16.713 1.693 14.827
v 17.229 3.699 11.168
v 15.466 3.347 11.168
v 16.713 1.693 14.827
v 15.466 3.347 11.168
v 14.643 1.749 11.168
v 16.713 1.693 14.827
v 14.643 1.749 11.168
v 15.379 0.109 11.168
v 16.713 1.693 14.827
v 15.379 0.109 11.168
v 17.119 -0.338 11.168
v 16.713 1.693 14.827
v 17.119 -0.338 11.168
v 18.554 0.744 11.168
v 16.713 1.693 14.827
v 18.554 0.744 11.168
v 18.603 2.541 11.168
v 16.713 1.693 14.827
v 18.554 0.744 11.168
v 17.119 -0.338 11.168
v 15.379 0.109 11.168
v 14.643 1.749 11.168
v 15.466 3.347 11.168
v 17.229 3.699 11.168
v 18.603 2.541 11.168
v 18.036 2.286 12.756
v 17.074 3.097 12.756
v 16.713 1.693 16.552
v 17.074 3.097 12.756
v 15.840 2.850 12.756
v 16.713 1.693 16.552
v 15.840 2.850 12.756
v 15.264 1.732 12.756
v 16.713 1.693 16.552
v 15.264 1.732 12.756
v 15.779 0.585 12.756
v 16.713 1.693 16.552
v 15.779 0.585 12.756
v 16.997 0.271 12.756
v 16.713 1.693 16.552
v 16.997 0.271 12.756
v 18.002 1.029 12.756
v 16.713 1.693 16.552
v 18.002 1.029 12.756
v 18.036 2.286 12.756
v 16.713 1.693 16.552
v 18.002 1.029 12.756
v 16.997 0.271 12.756
v 15.779 0.585 12.756
v 15.264 1.732 12.756
v 15.840 2.850 12.756
v 17.074 3.097 12.756
v 18.036 2.286 12.756
v 46.683 26.930 15.846
v 46.934 27.043 15.846
v 46.821 27.293 15.846
v 46.571 27.181 15.846
v 46.571 27.181 12.180
v 46.821 27.293 12.180
v 46.934 27.043 12.180
v 46.683 26.930 12.180
v 46.683 26.930 12.180
v 46.934 27.043 12.180
v 46.934 27.043 15.846
v 46.683 26.930 15.846
v 46.934 27.043 12.180
v 46.821 27.293 12.180
v 46.821 27.293 15.846
v 46.934 27.043 15.846
v 46.821 27.293 12.180
v 46.571 27.181 12.180
v 46.571 27.181 15.846
v 46.821 27.293 15.846
v 46.571 27.181 12.180
v 46.683 26.930 12.180
v 46.683 26.930 15.846
v 46.571 27.181 15.846
v 49.463 28.328 14.559
v 47.492 29.990 14.559
v 46.752 27.112 19.808
v 47.492 29.990 14.559
v 44.964 29.484 14.559
v 46.752 27.112 19.808
v 44.964 29.484 14.559
v 43.782 27.192 14.559
v 46.752 27.112 19.808
v 43.782 27.192 14.559
v 44.838 24.840 14.559
v 46.752 27.112 19.808
v 44.838 24.840 14.559
v 47.335 24.198 14.559
v 46.752 27.112 19.808
v 47.335 24.198 14.559
v 49.394 25.750 14.559
v 46.752 27.112 19.808
v 49.394 25.750 14.559
v 49.463 28.328 14.559
v 46.752 27.112 19.808
v 49.394 25.750 14.559
v 47.335 24.198 14.559
v 44.838 24.840 14.559
v 43.782 27.192 14.559
v 44.964 29.484 14.559
v 47.492 29.990 14.559
v 49.463 28.328 14.559
v 48.650 27.963 16.837
v 47.270 29.126 16.837
v 46.752 27.112 22.284
v 47.270 29.126 16.837
v 45.500 28.772 16.837
v 46.752 27.112 22.284
v 45.500 28.772 16.837
v 44.673 27.168 16.837
v 46.752 27.112 22.284
v 44.673 27.168 16.837
v 45.412 25.521 16.837
v 46.752 27.112 22.284
v 45.412 25.521 16.837
v 47.160 25.072 16.837
v 46.752 27.112 22.284
v 47.160 25.072 16.837
v 48.601 26.159 16.837
v 46.752 27.112 22.284
v 48.601 26.159 16.837
v 48.650 27.963 16.837
v 46.752 27.112 22.284
v 48.601 26.159 16.837
v 47.160 25.072 16.837
v 45.412 25.521 16.837
v 44.673 27.168 16.837
v 45.500 28.772 16.837
v 47.270 29.126 16.837
v 48.650 27.963 16.837
v 26.448 38.730 9.478
v 26.698 38.842 9.478
v 26.586 39.092 9.478
v 26.336 38.980 9.478
v 26.336 38.980 6.421
v 26.586 39.092 6.421
v 26.698 38.842 6.421
v 26.448 38.730 6.421
v 26.448 38.730 6.421
v 26.698 38.842 6.421
v 26.698 38.842 9.478
v 26.448 38.730 9.478
v 26.698 38.842 6.421
v 26.586 39.092 6.421
v 26.586 39.092 9.478
v 26.698 38.842 9.478
v 26.586 39.092 6.421
v 26.336 38.980 6.421
v 26.336 38.980 9.478
v 26.586 39.092 9.478
v 26.336 38.980 6.421
v 26.448 38.730 6.421
v 26.448 38.730 9.478
v 26.336 38.980 9.478
v 28.752 39.914 8.417
v 27.126 41.284 8.417
v 26.517 38.911 12.744
v 27.126 41.284 8.417
v 25.042 40.867 8.417
v 26.517 38.911 12.744
v 25.042 40.867 8.417
v 24.068 38.978 8.417
v 26.517 38.911 12.744
v 24.068 38.978 8.417
v 24.938 37.038 8.417
v 26.517 38.911 12.744
v 24.938 37.038 8.417
v 26.997 36.509 8.417
v 26.517 38.911 12.744
v 26.997 36.509 8.417
v 28.694 37.789 8.417
v 26.517 38.911 12.744
v 28.694 37.789 8.417
v 28.752 39.914 8.417
v 26.517 38.911 12.744
v 28.694 37.789 8.417
v 26.997 36.509 8.417
v 24.938 37.038 8.417
v 24.068 38.978 8.417
v 25.042 40.867 8.417
v 27.126 41.284 8.417
v 28.752 39.914 8.417
v 28.081 39.613 10.295
v 26.944 40.572 10.295
v 26.517 38.911 14.785
v 26.944 40.572 10.295
v 25.485 40.280 10.295
v 26.517 38.911 14.785
v 25.485 40.280 10.295
v 24.803 38.958 10.295
v 26.517 38.911 14.785
v 24.803 38.958 10.295
v 25.412 37.600 10.295
v 26.517 38.911 14.785
v 25.412 37.600 10.295
v 26.853 37.230 10.295
v 26.517 38.911 14.785
v 26.853 37.230 10.295
v 28.041 38.126 10.295
v 26.517 38.911 14.785
v 28.041 38.126 10.295
v 28.081 39.613 10.295
v 26.517 38.911 14.785
v 28.041 38.126 10.295
v 26.853 37.230 10.295
v 25.412 37.600 10.295
v 24.803 38.958 10.295
v 25.485 40.280 10.295
v 26.944 40.572 10.295
v 28.081 39.613 10.295
v -34.403 -53.132 7.052
v -34.153 -53.020 7.052
v -34.265 -52.770 7.052
v -34.516 -52.882 7.052
v -34.516 -52.882 4.426
v -34.265 -52.770 4.426
v -34.153 -53.020 4.426
v -34.403 -53.132 4.426
v -34.403 -53.132 4.426
v -34.153 -53.020 4.426
v -34.153 -53.020 7.052
v -34.403 -53.132 7.052
v -34.153 -53.020 4.426
v -34.265 -52.770 4.426
v -34.265 -52.770 7.052
v -34.153 -53.020 7.052
v -34.265 -52.770 4.426
v -34.516 -52.882 4.426
v -34.516 -52.882 7.052
v -34.265 -52.770 7.052
v -34.516 -52.882 4.426
v -34.403 -53.132 4.426
v -34.403 -53.132 7.052
v -34.516 -52.882 7.052
v -32.437 -52.100 6.151
v -33.817 -50.936 6.151
v -34.334 -52.951 9.826
v -33.817 -50.936 6.151
v -35.587 -51.290 6.151
v -34.334 -52.951 9.826
v -35.587 -51.290 6.151
v -36.414 -52.894 6.151
v -34.334 -52.951 9.826
v -36.414 -52.894 6.151
v -35.675 -54.541 6.151
v -34.334 -52.951 9.826
v -35.675 -54.541 6.151
v -33.927 -54.990 6.151
v -34.334 -52.951 9.826
v -33.927 -54.990 6.151
v -32.485 -53.904 6.151
v -34.334 -52.951 9.826
v -32.485 -53.904 6.151
v -32.437 -52.100 6.151
v -34.334 -52.951 9.826
v -32.485 -53.904 6.151
v -33.927 -54.990 6.151
v -35.675 -54.541 6.151
v -36.414 -52.894 6.151
v -35.587 -51.290 6.151
v -33.817 -50.936 6.151
v -32.437 -52.100 6.151
v -33.006 -52.355 7.746
v -33.972 -51.541 7.746
v -34.334 -52.951 11.559
v -33.972 -51.541 7.746
v -35.211 -51.788 7.746
v -34.334 -52.951 11.559
v -35.211 -51.788 7.746
v -35.790 -52.911 7.746
v -34.334 -52.951 11.559
v -35.790 -52.911 7.746
v -35.273 -54.064 7.746
v -34.334 -52.951 11.559
v -35.273 -54.064 7.746
v -34.049 -54.379 7.746
v -34.334 -52.951 11.559
v -34.049 -54.379 7.746
v -33.040 -53.618 7.746
v -34.334 -52.951 11.559
v -33.040 -53.618 7.746
v -33.006 -52.355 7.746
v -34.334 -52.951 11.559
v -33.040 -53.618 7.746
v -34.049 -54.379 7.746
v -35.273 -54.064 7.746
v -35.790 -52.911 7.746
v -35.211 -51.788 7.746
v -33.972 -51.541 7.746
v -33.006 -52.355 7.746
v -37.017 -28.049 6.359
v -36.767 -27.937 6.359
v -36.879 -27.686 6.359
v -37.130 -27.798 6.359
v -37.130 -27.798 3.745
v -36.879 -27.686 3.745
v -36.767 -27.937 3.745
v -37.017 -28.049 3.745
v -37.017 -28.049 3.745
v -36.767 -27.937 3.745
v -36.767 -27.937 6.359
v -37.017 -28.049 6.359
v -36.767 -27.937 3.745
v -36.879 -27.686 3.745
v -36.879 -27.686 6.359
v -36.767 -27.937 6.359
v -36.879 -27.686 3.745
v -37.130 -27.798 3.745
v -37.130 -27.798 6.359
v -36.879 -27.686 6.359
v -37.130 -27.798 3.745
v -37.017 -28.049 3.745
v -37.017 -28.049 6.359
v -37.130 -27.798 6.359
v -35.060 -27.021 5.462
v -36.433 -25.863 5.462
v -36.948 -27.867 9.118
v -36.433 -25.863 5.462
v -38.194 -26.215 5.462
v -36.948 -27.867 9.118
v -38.194 -26.215 5.462
v -39.017 -27.811 5.462
v -36.948 -27.867 9.118
v -39.017 -27.811 5.462
v -38.282 -29.450 5.462
v -36.948 -27.867 9.118
v -38.282 -29.450 5.462
v -36.543 -29.897 5.462
v -36.948 -27.867 9.118
v -36.543 -29.897 5.462
v -35.109 -28.816 5.462
v -36.948 -27.867 9.118
v -35.109 -28.816 5.462
v -35.060 -27.021 5.462
v -36.948 -27.867 9.118
v -35.109 -28.816 5.462
v -36.543 -29.897 5.462
v -38.282 -29.450 5.462
v -39.017 -27.811 5.462
v -38.194 -26.215 5.462
v -36.433 -25.863 5.462
v -35.060 -27.021 5.462
v -35.627 -27.275 7.049
v -36.588 -26.465 7.049
v -36.948 -27.867 10.843
v -36.588 -26.465 7.049
v -37.820 -26.711 7.049
v -36.948 -27.867 10.843
v -37.820 -26.711 7.049
v -38.396 -27.828 7.049
v -36.948 -27.867 10.843
v -38.396 -27.828 7.049
v -37.882 -28.975 7.049
v -36.948 -27.867 10.843
v -37.882 -28.975 7.049
v -36.664 -29.288 7.049
v -36.948 -27.867 10.843
v -36.664 -29.288 7.049
v -35.661 -28.531 7.049
v -36.948 -27.867 10.843
v -35.661 -28.531 7.049
v -35.627 -27.275 7.049
v -36.948 -27.867 10.843
v -35.661 -28.531 7.049
v -36.664 -29.288 7.049
v -37.882 -28.975 7.049
v -38.396 -27.828 7.049
v -37.820 -26.711 7.049
v -36.588 -26.465 7.049
v -35.627 -27.275 7.049
v -57.299 -35.942 3.796
v -57.049 -35.830 3.796
v -57.161 -35.579 3.796
v -57.411 -35.692 3.796
v -57.411 -35.692 1.119
v -57.161 -35.579 1.119
v -57.049 -35.830 1.119
v -57.299 -35.942 1.119
v -57.299 -35.942 1.119
v -57.049 -35.830 1.119
v -57.049 -35.830 3.796
v -57.299 -35.942 3.796
v -57.049 -35.830 1.119
v -57.161 -35.579 1.119
v -57.161 -35.579 3.796
v -57.049 -35.830 3.796
v -57.161 -35.579 1.119
v -57.411 -35.692 1.119
v -57.411 -35.692 3.796
v -57.161 -35.579 3.796
v -57.411 -35.692 1.119
v -57.299 -35.942 1.119
v -57.299 -35.942 3.796
v -57.411 -35.692 3.796
v -55.293 -34.892 2.876
v -56.701 -33.704 2.876
v -57.230 -35.761 6.627
v -56.701 -33.704 2.876
v -58.508 -34.065 2.876
v -57.230 -35.761 6.627
v -58.508 -34.065 2.876
v -59.352 -35.703 2.876
v -57.230 -35.761 6.627
v -59.352 -35.703 2.876
v -58.598 -37.384 2.876
v -57.230 -35.761 6.627
v -58.598 -37.384 2.876
v -56.814 -37.842 2.876
v -57.230 -35.761 6.627
v -56.814 -37.842 2.876
v -55.343 -36.733 2.876
v -57.230 -35.761 6.627
v -55.343 -36.733 2.876
v -55.293 -34.892 2.876
v -57.230 -35.761 6.627
v -55.343 -36.733 2.876
v -56.814 -37.842 2.876
v -58.598 -37.384 2.876
v -59.352 -35.703 2.876
v -58.508 -34.065 2.876
v -56.701 -33.704 2.876
v -55.293 -34.892 2.876
v -55.874 -35.152 4.504
v -56.860 -34.321 4.504
v -57.230 -35.761 8.396
v -56.860 -34.321 4.504
v -58.125 -34.574 4.504
v -57.230 -35.761 8.396
v -58.125 -34.574 4.504
v -58.715 -35.720 4.504
v -57.230 -35.761 8.396
v -58.715 -35.720 4.504
v -58.188 -36.897 4.504
v -57.230 -35.761 8.396
v -58.188 -36.897 4.504
v -56.939 -37.218 4.504
v -57.230 -35.761 8.396
v -56.939 -37.218 4.504
v -55.909 -36.441 4.504
v -57.230 -35.761 8.396
v -55.909 -36.441 4.504
v -55.874 -35.152 4.504
v -57.230 -35.761 8.396
v -55.909 -36.441 4.504
v -56.939 -37.218 4.504
v -58.188 -36.897 4.504
v -58.715 -35.720 4.504
v -58.125 -34.574 4.504
v -56.860 -34.321 4.504
v -55.874 -35.152 4.504
v -26.603 14.698 3.865
v -26.353 14.810 3.865
v -26.465 15.060 3.865
v -26.715 14.948 3.865
v -26.715 14.948 0.199
v -26.465 15.060 0.199
v -26.353 14.810 0.199
v -26.603 14.698 0.199
v -26.603 14.698 0.199
v -26.353 14.810 0.199
v -26.353 14.810 3.865
v -26.603 14.698 3.865
v -26.353 14.810 0.199
v -26.465 15.060 0.199
v -26.465 15.060 3.865
v -26.353 14.810 3.865
v -26.465 15.060 0.199
v -26.715 14.948 0.199
v -26.715 14.948 3.865
v -26.465 15.060 3.865
v -26.715 14.948 0.199
v -26.603 14.698 0.199
v -26.603 14.698 3.865
v -26.715 14.948 3.865
v -23.823 16.095 2.578
v -25.795 17.757 2.578
v -26.534 14.879 7.827
v -25.795 17.757 2.578
v -28.323 17.251 2.578
v -26.534 14.879 7.827
v -28.323 17.251 2.578
v -29.504 14.960 2.578
v -26.534 14.879 7.827
v -29.504 14.960 2.578
v -28.449 12.607 2.578
v -26.534 14.879 7.827
v -28.449 12.607 2.578
v -25.952 11.966 2.578
v -26.534 14.879 7.827
v -25.952 11.966 2.578
v -23.893 13.518 2.578
v -26.534 14.879 7.827
v -23.893 13.518 2.578
v -23.823 16.095 2.578
v -26.534 14.879 7.827
v -23.893 13.518 2.578
v -25.952 11.966 2.578
v -28.449 12.607 2.578
v -29.504 14.960 2.578
v -28.323 17.251 2.578
v -25.795 17.757 2.578
v -23.823 16.095 2.578
v -24.636 15.730 4.856
v -26.016 16.893 4.856
v -26.534 14.879 10.303
v -26.016 16.893 4.856
v -27.786 16.540 4.856
v -26.534 14.879 10.303
v -27.786 16.540 4.856
v -28.613 14.935 4.856
v -26.534 14.879 10.303
v -28.613 14.935 4.856
v -27.874 13.289 4.856
v -26.534 14.879 10.303
v -27.874 13.289 4.856
v -26.126 12.840 4.856
v -26.534 14.879 10.303
v -26.126 12.840 4.856
v -24.685 13.926 4.856
v -26.534 14.879 10.303
v -24.685 13.926 4.856
v -24.636 15.730 4.856
v -26.534 14.879 10.303
v -24.685 13.926 4.856
v -26.126 12.840 4.856
v -27.874 13.289 4.856
v -28.613 14.935 4.856
v -27.786 16.540 4.856
v -26.016 16.893 4.856
v -24.636 15.730 4.856
v 1.670 33.738 4.959
v 1.921 33.850 4.959
v 1.808 34.100 4.959
v 1.558 33.988 4.959
v 1.558 33.988 2.089
v 1.808 34.100 2.089
v 1.921 33.850 2.089
v 1.670 33.738 2.089
v 1.670 33.738 2.089
v 1.921 33.850 2.089
v 1.921 33.850 4.959
v 1.670 33.738 4.959
v 1.921 33.850 2.089
v 1.808 34.100 2.089
v 1.808 34.100 4.959
v 1.921 33.850 4.959
v 1.808 34.100 2.089
v 1.558 33.988 2.089
v 1.558 33.988 4.959
v 1.808 34.100 4.959
v 1.558 33.988 2.089
v 1.670 33.738 2.089
v 1.670 33.738 4.959
v 1.558 33.988 4.959
v 3.827 34.856 3.967
v 2.309 36.136 3.967
v 1.739 33.919 8.010
v 2.309 36.136 3.967
v 0.362 35.746 3.967
v 1.739 33.919 8.010
v 0.362 35.746 3.967
v -0.548 33.981 3.967
v 1.739 33.919 8.010
v -0.548 33.981 3.967
v 0.264 32.169 3.967
v 1.739 33.919 8.010
v 0.264 32.169 3.967
v 2.188 31.675 3.967
v 1.739 33.919 8.010
v 2.188 31.675 3.967
v 3.773 32.871 3.967
v 1.739 33.919 8.010
v 3.773 32.871 3.967
v 3.827 34.856 3.967
v 1.739 33.919 8.010
v 3.773 32.871 3.967
v 2.188 31.675 3.967
v 0.264 32.169 3.967
v -0.548 33.981 3.967
v 0.362 35.746 3.967
v 2.309 36.136 3.967
v 3.827 34.856 3.967
v 3.201 34.575 5.722
v 2.138 35.471 5.722
v 1.739 33.919 9.917
v 2.138 35.471 5.722
v 0.775 35.198 5.722
v 1.739 33.919 9.917
v 0.775 35.198 5.722
v 0.138 33.963 5.722
v 1.739 33.919 9.917
v 0.138 33.963 5.722
v 0.707 32.694 5.722
v 1.739 33.919 9.917
v 0.707 32.694 5.722
v 2.053 32.348 5.722
v 1.739 33.919 9.917
v 2.053 32.348 5.722
v 3.163 33.185 5.722
v 1.739 33.919 9.917
v 3.163 33.185 5.722
v 3.201 34.575 5.722
v 1.739 33.919 9.917
v 3.163 33.185 5.722
v 2.053 32.348 5.722
v 0.707 32.694 5.722
v 0.138 33.963 5.722
v 0.775 35.198 5.722
v 2.138 35.471 5.722
v 3.201 34.575 5.722
v -18.804 -8.003 6.573
v -18.554 -7.891 6.573
v -18.666 -7.641 6.573
v -18.916 -7.753 6.573
v -18.916 -7.753 3.869
v -18.666 -7.641 3.869
v -18.554 -7.891 3.869
v -18.804 -8.003 3.869
v -18.804 -8.003 3.869
v -18.554 -7.891 3.869
v -18.554 -7.891 6.573
v -18.804 -8.003 6.573
v -18.554 -7.891 3.869
v -18.666 -7.641 3.869
v -18.666 -7.641 6.573
v -18.554 -7.891 6.573
v -18.666 -7.641 3.869
v -18.916 -7.753 3.869
v -18.916 -7.753 6.573
v -18.666 -7.641 6.573
v -18.916 -7.753 3.869
v -18.804 -8.003 3.869
v -18.804 -8.003 6.573
v -18.916 -7.753 6.573
v -16.777 -6.944 5.643
v -18.201 -5.743 5.643
v -18.735 -7.822 9.435
v -18.201 -5.743 5.643
v -20.027 -6.108 5.643
v -18.735 -7.822 9.435
v -20.027 -6.108 5.643
v -20.881 -7.764 5.643
v -18.735 -7.822 9.435
v -20.881 -7.764 5.643
v -20.118 -9.463 5.643
v -18.735 -7.822 9.435
v -20.118 -9.463 5.643
v -18.314 -9.927 5.643
v -18.735 -7.822 9.435
v -18.314 -9.927 5.643
v -16.827 -8.805 5.643
v -18.735 -7.822 9.435
v -16.827 -8.805 5.643
v -16.777 -6.944 5.643
v -18.735 -7.822 9.435
v -16.827 -8.805 5.643
v -18.314 -9.927 5.643
v -20.118 -9.463 5.643
v -20.881 -7.764 5.643
v -20.027 -6.108 5.643
v -18.201 -5.743 5.643
v -16.777 -6.944 5.643
v -17.364 -7.207 7.288
v -18.361 -6.367 7.288
v -18.735 -7.822 11.224
v -18.361 -6.367 7.288
v -19.640 -6.622 7.288
v -18.735 -7.822 11.224
v -19.640 -6.622 7.288
v -20.237 -7.781 7.288
v -18.735 -7.822 11.224
v -20.237 -7.781 7.288
v -19.703 -8.971 7.288
v -18.735 -7.822 11.224
v -19.703 -8.971 7.288
v -18.440 -9.295 7.288
v -18.735 -7.822 11.224
v -18.440 -9.295 7.288
v -17.399 -8.510 7.288
v -18.735 -7.822 11.224
v -17.399 -8.510 7.288
v -17.364 -7.207 7.288
v -18.735 -7.822 11.224
v -17.399 -8.510 7.288
v -18.440 -9.295 7.288
v -19.703 -8.971 7.288
v -20.237 -7.781 7.288
v -19.640 -6.622 7.288
v -18.361 -6.367 7.288
v -17.364 -7.207 7.288
v 47.871 7.705 18.805
v 48.121 7.817 18.805
v 48.009 8.068 18.805
v 47.758 7.955 18.805
v 47.758 7.955 15.662
v 48.009 8.068 15.662
v 48.121 7.817 15.662
v 47.871 7.705 15.662
v 47.871 7.705 15.662
v 48.121 7.817 15.662
v 48.121 7.817 18.805
v 47.871 7.705 18.805
v 48.121 7.817 15.662
v 48.009 8.068 15.662
v 48.009 8.068 18.805
v 48.121 7.817 18.805
v 48.009 8.068 15.662
v 47.758 7.955 15.662
v 47.758 7.955 18.805
v 48.009 8.068 18.805
v 47.758 7.955 15.662
v 47.871 7.705 15.662
v 47.871 7.705 18.805
v 47.758 7.955 18.805
v 50.242 8.919 17.712
v 48.568 10.330 17.712
v 47.940 7.886 22.169
v 48.568 10.330 17.712
v 46.421 9.901 17.712
v 47.940 7.886 22.169
v 46.421 9.901 17.712
v 45.418 7.955 17.712
v 47.940 7.886 22.169
v 45.418 7.955 17.712
v 46.314 5.957 17.712
v 47.940 7.886 22.169
v 46.314 5.957 17.712
v 48.434 5.412 17.712
v 47.940 7.886 22.169
v 48.434 5.412 17.712
v 50.182 6.730 17.712
v 47.940 7.886 22.169
v 50.182 6.730 17.712
v 50.242 8.919 17.712
v 47.940 7.886 22.169
v 50.182 6.730 17.712
v 48.434 5.412 17.712
v 46.314 5.957 17.712
v 45.418 7.955 17.712
v 46.421 9.901 17.712
v 48.568 10.330 17.712
v 50.242 8.919 17.712
v 49.551 8.609 19.646
v 48.379 9.597 19.646
v 47.940 7.886 24.272
v 48.379 9.597 19.646
v 46.876 9.296 19.646
v 47.940 7.886 24.272
v 46.876 9.296 19.646
v 46.174 7.934 19.646
v 47.940 7.886 24.272
v 46.174 7.934 19.646
v 46.801 6.536 19.646
v 47.940 7.886 24.272
v 46.801 6.536 19.646
v 48.286 6.154 19.646
v 47.940 7.886 24.272
v 48.286 6.154 19.646
v 49.509 7.077 19.646
v 47.940 7.886 24.272
v 49.509 7.077 19.646
v 49.551 8.609 19.646
v 47.940 7.886 24.272
v 49.509 7.077 19.646
v 48.286 6.154 19.646
v 46.801 6.536 19.646
v 46.174 7.934 19.646
v 46.876 9.296 19.646
v 48.379 9.597 19.646
v 49.551 8.609 19.646
v -13.186 24.182 3.527
v -12.936 24.294 3.527
v -13.048 24.545 3.527
v -13.298 24.432 3.527
v -13.298 24.432 0.850
v -13.048 24.545 0.850
v -12.936 24.294 0.850
v -13.186 24.182 0.850
v -13.186 24.182 0.850
v -12.936 24.294 0.850
v -12.936 24.294 3.527
v -13.186 24.182 3.527
v -12.936 24.294 0.850
v -13.048 24.545 0.850
v -13.048 24.545 3.527
v -12.936 24.294 3.527
v -13.048 24.545 0.850
v -13.298 24.432 0.850
v -13.298 24.432 3.527
v -13.048 24.545 3.527
v -13.298 24.432 0.850
v -13.186 24.182 0.850
v -13.186 24.182 3.527
v -13.298 24.432 3.527
v -11.179 25.233 2.607
v -12.588 26.420 2.607
v -13.117 24.363 6.359
v -12.588 26.420 2.607
v -14.396 26.059 2.607
v -13.117 24.363 6.359
v -14.396 26.059 2.607
v -15.240 24.421 2.607
v -13.117 24.363 6.359
v -15.240 24.421 2.607
v -14.486 22.739 2.607
v -13.117 24.363 6.359
v -14.486 22.739 2.607
v -12.701 22.281 2.607
v -13.117 24.363 6.359
v -12.701 22.281 2.607
v -11.229 23.390 2.607
v -13.117 24.363 6.359
v -11.229 23.390 2.607
v -11.179 25.233 2.607
v -13.117 24.363 6.359
v -11.229 23.390 2.607
v -12.701 22.281 2.607
v -14.486 22.739 2.607
v -15.240 24.421 2.607
v -14.396 26.059 2.607
v -12.588 26.420 2.607
v -11.179 25.233 2.607
v -11.761 24.972 4.235
v -12.747 25.803 4.235
v -13.117 24.363 8.129
v -12.747 25.803 4.235
v -14.012 25.550 4.235
v -13.117 24.363 8.129
v -14.012 25.550 4.235
v -14.603 24.404 4.235
v -13.117 24.363 8.129
v -14.603 24.404 4.235
v -14.075 23.227 4.235
v -13.117 24.363 8.129
v -14.075 23.227 4.235
v -12.826 22.906 4.235
v -13.117 24.363 8.129
v -12.826 22.906 4.235
v -11.796 23.682 4.235
v -13.117 24.363 8.129
v -11.796 23.682 4.235
v -11.761 24.972 4.235
v -13.117 24.363 8.129
v -11.796 23.682 4.235
v -12.826 22.906 4.235
v -14.075 23.227 4.235
v -14.603 24.404 4.235
v -14.012 25.550 4.235
v -12.747 25.803 4.235
v -11.761 24.972 4.235
v -22.020 -2.391 6.262
v -21.770 -2.279 6.262
v -21.882 -2.029 6.262
v -22.132 -2.141 6.262
v -22.132 -2.141 2.654
v -21.882 -2.029 2.654
v -21.770 -2.279 2.654
v -22.020 -2.391 2.654
v -22.020 -2.391 2.654
v -21.770 -2.279 2.654
v -21.770 -2.279 6.262
v -22.020 -2.391 6.262
v -21.770 -2.279 2.654
v -21.882 -2.029 2.654
v -21.882 -2.029 6.262
v -21.770 -2.279 6.262
v -21.882 -2.029 2.654
v -22.132 -2.141 2.654
v -22.132 -2.141 6.262
v -21.882 -2.029 6.262
v -22.132 -2.141 2.654
v -22.020 -2.391 2.654
v -22.020 -2.391 6.262
v -22.132 -2.141 6.262
v -19.286 -1.015 4.996
v -21.224 0.619 4.996
v -21.951 -2.210 10.157
v -21.224 0.619 4.996
v -23.710 0.122 4.996
v -21.951 -2.210 10.157
v -23.710 0.122 4.996
v -24.871 -2.131 4.996
v -21.951 -2.210 10.157
v -24.871 -2.131 4.996
v -23.834 -4.444 4.996
v -21.951 -2.210 10.157
v -23.834 -4.444 4.996
v -21.379 -5.075 4.996
v -21.951 -2.210 10.157
v -21.379 -5.075 4.996
v -19.355 -3.549 4.996
v -21.951 -2.210 10.157
v -19.355 -3.549 4.996
v -19.286 -1.015 4.996
v -21.951 -2.210 10.157
v -19.355 -3.549 4.996
v -21.379 -5.075 4.996
v -23.834 -4.444 4.996
v -24.871 -2.131 4.996
v -23.710 0.122 4.996
v -21.224 0.619 4.996
v -19.286 -1.015 4.996
v -20.085 -1.373 7.236
v -21.442 -0.230 7.236
v -21.951 -2.210 12.591
v -21.442 -0.230 7.236
v -23.182 -0.577 7.236
v -21.951 -2.210 12.591
v -23.182 -0.577 7.236
v -23.995 -2.155 7.236
v -21.951 -2.210 12.591
v -23.995 -2.155 7.236
v -23.269 -3.774 7.236
v -21.951 -2.210 12.591
v -23.269 -3.774 7.236
v -21.550 -4.215 7.236
v -21.951 -2.210 12.591
v -21.550 -4.215 7.236
v -20.133 -3.147 7.236
v -21.951 -2.210 12.591
v -20.133 -3.147 7.236
v -20.085 -1.373 7.236
v -21.951 -2.210 12.591
v -20.133 -3.147 7.236
v -21.550 -4.215 7.236
v -23.269 -3.774 7.236
v -23.995 -2.155 7.236
v -23.182 -0.577 7.236
v -21.442 -0.230 7.236
v -20.085 -1.373 7.236
v -45.877 -8.582 3.854
v -45.627 -8.470 3.854
v -45.739 -8.219 3.854
v -45.989 -8.332 3.854
v -45.989 -8.332 0.090
v -45.739 -8.219 0.090
v -45.627 -8.470 0.090
v -45.877 -8.582 0.090
v -45.877 -8.582 0.090
v -45.627 -8.470 0.090
v -45.627 -8.470 3.854
v -45.877 -8.582 3.854
v -45.627 -8.470 0.090
v -45.739 -8.219 0.090
v -45.739 -8.219 3.854
v -45.627 -8.470 3.854
v -45.739 -8.219 0.090
v -45.989 -8.332 0.090
v -45.989 -8.332 3.854
v -45.739 -8.219 3.854
v -45.989 -8.332 0.090
v -45.877 -8.582 0.090
v -45.877 -8.582 3.854
v -45.989 -8.332 3.854
v -43.020 -7.150 2.530
v -45.047 -5.442 2.530
v -45.808 -8.401 7.928
v -45.047 -5.442 2.530
v -47.647 -5.961 2.530
v -45.808 -8.401 7.928
v -47.647 -5.961 2.530
v -48.862 -8.318 2.530
v -45.808 -8.401 7.928
v -48.862 -8.318 2.530
v -47.777 -10.737 2.530
v -45.808 -8.401 7.928
v -47.777 -10.737 2.530
v -45.209 -11.396 2.530
v -45.808 -8.401 7.928
v -45.209 -11.396 2.530
v -43.092 -9.800 2.530
v -45.808 -8.401 7.928
v -43.092 -9.800 2.530
v -43.020 -7.150 2.530
v -45.808 -8.401 7.928
v -43.092 -9.800 2.530
v -45.209 -11.396 2.530
v -47.777 -10.737 2.530
v -48.862 -8.318 2.530
v -47.647 -5.961 2.530
v -45.047 -5.442 2.530
v -43.020 -7.150 2.530
v -43.857 -7.525 4.873
v -45.276 -6.329 4.873
v -45.808 -8.401 10.474
v -45.276 -6.329 4.873
v -47.095 -6.693 4.873
v -45.808 -8.401 10.474
v -47.095 -6.693 4.873
v -47.946 -8.343 4.873
v -45.808 -8.401 10.474
v -47.946 -8.343 4.873
v -47.186 -10.036 4.873
v -45.808 -8.401 10.474
v -47.186 -10.036 4.873
v -45.389 -10.498 4.873
v -45.808 -8.401 10.474
v -45.389 -10.498 4.873
v -43.907 -9.380 4.873
v -45.808 -8.401 10.474
v -43.907 -9.380 4.873
v -43.857 -7.525 4.873
v -45.808 -8.401 10.474
v -43.907 -9.380 4.873
v -45.389 -10.498 4.873
v -47.186 -10.036 4.873
v -47.946 -8.343 4.873
v -47.095 -6.693 4.873
v -45.276 -6.329 4.873
v -43.857 -7.525 4.873
v -8.955 34.193 3.723
v -8.705 34.306 3.723
v -8.817 34.556 3.723
v -9.067 34.444 3.723
v -9.067 34.444 0.500
v -8.817 34.556 0.500
v -8.705 34.306 0.500
v -8.955 34.193 0.500
v -8.955 34.193 0.500
v -8.705 34.306 0.500
v -8.705 34.306 3.723
v -8.955 34.193 3.723
v -8.705 34.306 0.500
v -8.817 34.556 0.500
v -8.817 34.556 3.723
v -8.705 34.306 3.723
v -8.817 34.556 0.500
v -9.067 34.444 0.500
v -9.067 34.444 3.723
v -8.817 34.556 3.723
v -9.067 34.444 0.500
v -8.955 34.193 0.500
v -8.955 34.193 3.723
v -9.067 34.444 3.723
v -6.522 35.435 2.600
v -8.241 36.884 2.600
v -8.886 34.375 7.178
v -8.241 36.884 2.600
v -10.446 36.444 2.600
v -8.886 34.375 7.178
v -10.446 36.444 2.600
v -11.476 34.445 2.600
v -8.886 34.375 7.178
v -11.476 34.445 2.600
v -10.556 32.393 2.600
v -8.886 34.375 7.178
v -10.556 32.393 2.600
v -8.378 31.834 2.600
v -8.886 34.375 7.178
v -8.378 31.834 2.600
v -6.583 33.187 2.600
v -8.886 34.375 7.178
v -6.583 33.187 2.600
v -6.522 35.435 2.600
v -8.886 34.375 7.178
v -6.583 33.187 2.600
v -8.378 31.834 2.600
v -10.556 32.393 2.600
v -11.476 34.445 2.600
v -10.446 36.444 2.600
v -8.241 36.884 2.600
v -6.522 35.435 2.600
v -7.231 35.117 4.587
v -8.434 36.131 4.587
v -8.886 34.375 9.337
v -8.434 36.131 4.587
v -9.978 35.823 4.587
v -8.886 34.375 9.337
v -9.978 35.823 4.587
v -10.699 34.424 4.587
v -8.886 34.375 9.337
v -10.699 34.424 4.587
v -10.055 32.988 4.587
v -8.886 34.375 9.337
v -10.055 32.988 4.587
v -8.530 32.596 4.587
v -8.886 34.375 9.337
v -8.530 32.596 4.587
v -7.274 33.544 4.587
v -8.886 34.375 9.337
v -7.274 33.544 4.587
v -7.231 35.117 4.587
v -8.886 34.375 9.337
v -7.274 33.544 4.587
v -8.530 32.596 4.587
v -10.055 32.988 4.587
v -10.699 34.424 4.587
v -9.978 35.823 4.587
v -8.434 36.131 4.587
v -7.231 35.117 4.587
v -22.382 6.301 5.123
v -22.132 6.413 5.123
v -22.244 6.663 5.123
v -22.494 6.551 5.123
v -22.494 6.551 1.588
v -22.244 6.663 1.588
v -22.132 6.413 1.588
v -22.382 6.301 1.588
v -22.382 6.301 1.588
v -22.132 6.413 1.588
v -22.132 6.413 5.123
v -22.382 6.301 5.123
v -22.132 6.413 1.588
v -22.244 6.663 1.588
v -22.244 6.663 5.123
v -22.132 6.413 5.123
v -22.244 6.663 1.588
v -22.494 6.551 1.588
v -22.494 6.551 5.123
v -22.244 6.663 5.123
v -22.494 6.551 1.588
v -22.382 6.301 1.588
v -22.382 6.301 5.123
v -22.494 6.551 5.123
v -19.705 7.652 3.885
v -21.602 9.251 3.885
v -22.313 6.482 8.935
v -21.602 9.251 3.885
v -24.034 8.764 3.885
v -22.313 6.482 8.935
v -24.034 8.764 3.885
v -25.171 6.559 3.885
v -22.313 6.482 8.935
v -25.171 6.559 3.885
v -24.155 4.296 3.885
v -22.313 6.482 8.935
v -24.155 4.296 3.885
v -21.753 3.679 3.885
v -22.313 6.482 8.935
v -21.753 3.679 3.885
v -19.772 5.172 3.885
v -22.313 6.482 8.935
v -19.772 5.172 3.885
v -19.705 7.652 3.885
v -22.313 6.482 8.935
v -19.772 5.172 3.885
v -21.753 3.679 3.885
v -24.155 4.296 3.885
v -25.171 6.559 3.885
v -24.034 8.764 3.885
v -21.602 9.251 3.885
v -19.705 7.652 3.885
v -20.487 7.301 6.076
v -21.815 8.420 6.076
v -22.313 6.482 11.317
v -21.815 8.420 6.076
v -23.518 8.080 6.076
v -22.313 6.482 11.317
v -23.518 8.080 6.076
v -24.313 6.536 6.076
v -22.313 6.482 11.317
v -24.313 6.536 6.076
v -23.603 4.952 6.076
v -22.313 6.482 11.317
v -23.603 4.952 6.076
v -21.921 4.520 6.076
v -22.313 6.482 11.317
v -21.921 4.520 6.076
v -20.534 5.565 6.076
v -22.313 6.482 11.317
v -20.534 5.565 6.076
v -20.487 7.301 6.076
v -22.313 6.482 11.317
v -20.534 5.565 6.076
v -21.921 4.520 6.076
v -23.603 4.952 6.076
v -24.313 6.536 6.076
v -23.518 8.080 6.076
v -21.815 8.420 6.076
v -20.487 7.301 6.076
v 44.136 3.766 19.157
v 44.387 3.878 19.157
v 44.274 4.129 19.157
v 44.024 4.016 19.157
v 44.024 4.016 15.518
v 44.274 4.129 15.518
v 44.387 3.878 15.518
v 44.136 3.766 15.518
v 44.136 3.766 15.518
v 44.387 3.878 15.518
v 44.387 3.878 19.157
v 44.136 3.766 19.157
v 44.387 3.878 15.518
v 44.274 4.129 15.518
v 44.274 4.129 19.157
v 44.387 3.878 19.157
v 44.274 4.129 15.518
v 44.024 4.016 15.518
v 44.024 4.016 19.157
v 44.274 4.129 19.157
v 44.024 4.016 15.518
v 44.136 3.766 15.518
v 44.136 3.766 19.157
v 44.024 4.016 19.157
v 46.895 5.154 17.880
v 44.939 6.802 17.880
v 44.205 3.947 23.086
v 44.939 6.802 17.880
v 42.431 6.301 17.880
v 44.205 3.947 23.086
v 42.431 6.301 17.880
v 41.259 4.027 17.880
v 44.205 3.947 23.086
v 41.259 4.027 17.880
v 42.306 1.694 17.880
v 44.205 3.947 23.086
v 42.306 1.694 17.880
v 44.783 1.057 17.880
v 44.205 3.947 23.086
v 44.783 1.057 17.880
v 46.825 2.597 17.880
v 44.205 3.947 23.086
v 46.825 2.597 17.880
v 46.895 5.154 17.880
v 44.205 3.947 23.086
v 46.825 2.597 17.880
v 44.783 1.057 17.880
v 42.306 1.694 17.880
v 41.259 4.027 17.880
v 42.431 6.301 17.880
v 44.939 6.802 17.880
v 46.895 5.154 17.880
v 46.088 4.792 20.139
v 44.719 5.946 20.139
v 44.205 3.947 25.542
v 44.719 5.946 20.139
v 42.963 5.595 20.139
v 44.205 3.947 25.542
v 42.963 5.595 20.139
v 42.143 4.003 20.139
v 44.205 3.947 25.542
v 42.143 4.003 20.139
v 42.876 2.370 20.139
v 44.205 3.947 25.542
v 42.876 2.370 20.139
v 44.610 1.924 20.139
v 44.205 3.947 25.542
v 44.610 1.924 20.139
v 46.039 3.002 20.139
v 44.205 3.947 25.542
v 46.039 3.002 20.139
v 46.088 4.792 20.139
v 44.205 3.947 25.542
v 46.039 3.002 20.139
v 44.610 1.924 20.139
v 42.876 2.370 20.139
v 42.143 4.003 20.139
v 42.963 5.595 20.139
v 44.719 5.946 20.139
v 46.088 4.792 20.139
v -58.022 -24.910 3.301
v -57.772 -24.798 3.301
v -57.884 -24.547 3.301
v -58.134 -24.660 3.301
v -58.134 -24.660 0.396
v -57.884 -24.547 0.396
v -57.772 -24.798 0.396
v -58.022 -24.910 0.396
v -58.022 -24.910 0.396
v -57.772 -24.798 0.396
v -57.772 -24.798 3.301
v -58.022 -24.910 3.301
v -57.772 -24.798 0.396
v -57.884 -24.547 0.396
v -57.884 -24.547 3.301
v -57.772 -24.798 3.301
v -57.884 -24.547 0.396
v -58.134 -24.660 0.396
v -58.134 -24.660 3.301
v -57.884 -24.547 3.301
v -58.134 -24.660 0.396
v -58.022 -24.910 0.396
v -58.022 -24.910 3.301
v -58.134 -24.660 3.301
v -55.838 -23.780 2.296
v -57.376 -22.483 2.296
v -57.953 -24.729 6.392
v -57.376 -22.483 2.296
v -59.349 -22.878 2.296
v -57.953 -24.729 6.392
v -59.349 -22.878 2.296
v -60.271 -24.666 2.296
v -57.953 -24.729 6.392
v -60.271 -24.666 2.296
v -59.447 -26.501 2.296
v -57.953 -24.729 6.392
v -59.447 -26.501 2.296
v -57.499 -27.002 2.296
v -57.953 -24.729 6.392
v -57.499 -27.002 2.296
v -55.892 -25.791 2.296
v -57.953 -24.729 6.392
v -55.892 -25.791 2.296
v -55.838 -23.780 2.296
v -57.953 -24.729 6.392
v -55.892 -25.791 2.296
v -57.499 -27.002 2.296
v -59.447 -26.501 2.296
v -60.271 -24.666 2.296
v -59.349 -22.878 2.296
v -57.376 -22.483 2.296
v -55.838 -23.780 2.296
v -56.472 -24.064 4.073
v -57.549 -23.157 4.073
v -57.953 -24.729 8.324
v -57.549 -23.157 4.073
v -58.930 -23.433 4.073
v -57.953 -24.729 8.324
v -58.930 -23.433 4.073
v -59.575 -24.685 4.073
v -57.953 -24.729 8.324
v -59.575 -24.685 4.073
v -58.999 -25.969 4.073
v -57.953 -24.729 8.324
v -58.999 -25.969 4.073
v -57.635 -26.320 4.073
v -57.953 -24.729 8.324
v -57.635 -26.320 4.073
v -56.511 -25.472 4.073
v -57.953 -24.729 8.324
v -56.511 -25.472 4.073
v -56.472 -24.064 4.073
v -57.953 -24.729 8.324
v -56.511 -25.472 4.073
v -57.635 -26.320 4.073
v -58.999 -25.969 4.073
v -59.575 -24.685 4.073
v -58.930 -23.433 4.073
v -57.549 -23.157 4.073
v -56.472 -24.064 4.073
v -18.111 -38.454 11.522
v -17.861 -38.341 11.522
v -17.973 -38.091 11.522
v -18.223 -38.203 11.522
v -18.223 -38.203 7.751
v -17.973 -38.091 7.751
v -17.861 -38.341 7.751
v -18.111 -38.454 7.751
v -18.111 -38.454 7.751
v -17.861 -38.341 7.751
v -17.861 -38.341 11.522
v -18.111 -38.454 11.522
v -17.861 -38.341 7.751
v -17.973 -38.091 7.751
v -17.973 -38.091 11.522
v -17.861 -38.341 11.522
v -17.973 -38.091 7.751
v -18.223 -38.203 7.751
v -18.223 -38.203 11.522
v -17.973 -38.091 11.522
v -18.223 -38.203 7.751
v -18.111 -38.454 7.751
v -18.111 -38.454 11.522
v -18.223 -38.203 11.522
v -15.249 -37.020 10.196
v -17.280 -35.308 10.196
v -18.042 -38.272 15.604
v -17.280 -35.308 10.196
v -19.885 -35.828 10.196
v -18.042 -38.272 15.604
v -19.885 -35.828 10.196
v -21.102 -38.189 10.196
v -18.042 -38.272 15.604
v -21.102 -38.189 10.196
v -20.015 -40.613 10.196
v -18.042 -38.272 15.604
v -20.015 -40.613 10.196
v -17.442 -41.274 10.196
v -18.042 -38.272 15.604
v -17.442 -41.274 10.196
v -15.321 -39.675 10.196
v -18.042 -38.272 15.604
v -15.321 -39.675 10.196
v -15.249 -37.020 10.196
v -18.042 -38.272 15.604
v -15.321 -39.675 10.196
v -17.442 -41.274 10.196
v -20.015 -40.613 10.196
v -21.102 -38.189 10.196
v -19.885 -35.828 10.196
v -17.280 -35.308 10.196
v -15.249 -37.020 10.196
v -16.087 -37.395 12.543
v -17.509 -36.197 12.543
v -18.042 -38.272 18.155
v -17.509 -36.197 12.543
v -19.332 -36.561 12.543
v -18.042 -38.272 18.155
v -19.332 -36.561 12.543
v -20.184 -38.214 12.543
v -18.042 -38.272 18.155
v -20.184 -38.214 12.543
v -19.423 -39.911 12.543
v -18.042 -38.272 18.155
v -19.423 -39.911 12.543
v -17.622 -40.374 12.543
v -18.042 -38.272 18.155
v -17.622 -40.374 12.543
v -16.137 -39.254 12.543
v -18.042 -38.272 18.155
v -16.137 -39.254 12.543
v -16.087 -37.395 12.543
v -18.042 -38.272 18.155
v -16.137 -39.254 12.543
v -17.622 -40.374 12.543
v -19.423 -39.911 12.543
v -20.184 -38.214 12.543
v -19.332 -36.561 12.543
v -17.509 -36.197 12.543
v -16.087 -37.395 12.543
v 6.794 -32.354 17.036
v 7.045 -32.242 17.036
v 6.932 -31.992 17.036
v 6.682 -32.104 17.036
v 6.682 -32.104 13.224
v 6.932 -31.992 13.224
v 7.045 -32.242 13.224
v 6.794 -32.354 13.224
v 6.794 -32.354 13.224
v 7.045 -32.242 13.224
v 7.045 -32.242 17.036
v 6.794 -32.354 17.036
v 7.045 -32.242 13.224
v 6.932 -31.992 13.224
v 6.932 -31.992 17.036
v 7.045 -32.242 17.036
v 6.932 -31.992 13.224
v 6.682 -32.104 13.224
v 6.682 -32.104 17.036
v 6.932 -31.992 17.036
v 6.682 -32.104 13.224
v 6.794 -32.354 13.224
v 6.794 -32.354 17.036
v 6.682 -32.104 17.036
v 9.688 -30.906 15.694
v 7.634 -29.175 15.694
v 6.863 -32.173 21.164
v 7.634 -29.175 15.694
v 4.999 -29.701 15.694
v 6.863 -32.173 21.164
v 4.999 -29.701 15.694
v 3.769 -32.089 15.694
v 6.863 -32.173 21.164
v 3.769 -32.089 15.694
v 4.868 -34.540 15.694
v 6.863 -32.173 21.164
v 4.868 -34.540 15.694
v 7.470 -35.209 15.694
v 6.863 -32.173 21.164
v 7.470 -35.209 15.694
v 9.615 -33.592 15.694
v 6.863 -32.173 21.164
v 9.615 -33.592 15.694
v 9.688 -30.906 15.694
v 6.863 -32.173 21.164
v 9.615 -33.592 15.694
v 7.470 -35.209 15.694
v 4.868 -34.540 15.694
v 3.769 -32.089 15.694
v 4.999 -29.701 15.694
v 7.634 -29.175 15.694
v 9.688 -30.906 15.694
v 8.841 -31.286 18.068
v 7.403 -30.074 18.068
v 6.863 -32.173 23.744
v 7.403 -30.074 18.068
v 5.559 -30.443 18.068
v 6.863 -32.173 23.744
v 5.559 -30.443 18.068
v 4.697 -32.114 18.068
v 6.863 -32.173 23.744
v 4.697 -32.114 18.068
v 5.467 -33.830 18.068
v 6.863 -32.173 23.744
v 5.467 -33.830 18.068
v 7.288 -34.298 18.068
v 6.863 -32.173 23.744
v 7.288 -34.298 18.068
v 8.790 -33.166 18.068
v 6.863 -32.173 23.744
v 8.790 -33.166 18.068
v 8.841 -31.286 18.068
v 6.863 -32.173 23.744
v 8.790 -33.166 18.068
v 7.288 -34.298 18.068
v 5.467 -33.830 18.068
v 4.697 -32.114 18.068
v 5.559 -30.443 18.068
v 7.403 -30.074 18.068
v 8.841 -31.286 18.068
v 40.017 59.968 10.188
v 40.267 60.080 10.188
v 40.155 60.331 10.188
v 39.904 60.218 10.188
v 39.904 60.218 7.359
v 40.155 60.331 7.359
v 40.267 60.080 7.359
v 40.017 59.968 7.359
v 40.017 59.968 7.359
v 40.267 60.080 7.359
v 40.267 60.080 10.188
v 40.017 59.968 10.188
v 40.267 60.080 7.359
v 40.155 60.331 7.359
v 40.155 60.331 10.188
v 40.267 60.080 10.188
v 40.155 60.331 7.359
v 39.904 60.218 7.359
v 39.904 60.218 10.188
v 40.155 60.331 10.188
v 39.904 60.218 7.359
v 40.017 59.968 7.359
v 40.017 59.968 10.188
v 39.904 60.218 10.188
v 42.142 61.072 9.212
v 40.646 62.332 9.212
v 40.086 60.149 13.193
v 40.646 62.332 9.212
v 38.729 61.949 9.212
v 40.086 60.149 13.193
v 38.729 61.949 9.212
v 37.833 60.210 9.212
v 40.086 60.149 13.193
v 37.833 60.210 9.212
v 38.633 58.426 9.212
v 40.086 60.149 13.193
v 38.633 58.426 9.212
v 40.527 57.939 9.212
v 40.086 60.149 13.193
v 40.527 57.939 9.212
v 42.089 59.117 9.212
v 40.086 60.149 13.193
v 42.089 59.117 9.212
v 42.142 61.072 9.212
v 40.086 60.149 13.193
v 42.089 59.117 9.212
v 40.527 57.939 9.212
v 38.633 58.426 9.212
v 37.833 60.210 9.212
v 38.729 61.949 9.212
v 40.646 62.332 9.212
v 42.142 61.072 9.212
v 41.525 60.795 10.940
v 40.478 61.677 10.940
v 40.086 60.149 15.071
v 40.478 61.677 10.940
v 39.136 61.409 10.940
v 40.086 60.149 15.071
v 39.136 61.409 10.940
v 38.509 60.192 10.940
v 40.086 60.149 15.071
v 38.509 60.192 10.940
v 39.069 58.943 10.940
v 40.086 60.149 15.071
v 39.069 58.943 10.940
v 40.395 58.602 10.940
v 40.086 60.149 15.071
v 40.395 58.602 10.940
v 41.488 59.427 10.940
v 40.086 60.149 15.071
v 41.488 59.427 10.940
v 41.525 60.795 10.940
v 40.086 60.149 15.071
v 41.488 59.427 10.940
v 40.395 58.602 10.940
v 39.069 58.943 10.940
v 38.509 60.192 10.940
v 39.136 61.409 10.940
v 40.478 61.677 10.940
v 41.525 60.795 10.940
v -34.902 -11.615 4.767
v -34.652 -11.503 4.767
v -34.764 -11.253 4.767
v -35.014 -11.365 4.767
v -35.014 -11.365 1.959
v -34.764 -11.253 1.959
v -34.652 -11.503 1.959
v -34.902 -11.615 1.959
v -34.902 -11.615 1.959
v -34.652 -11.503 1.959
v -34.652 -11.503 4.767
v -34.902 -11.615 4.767
v -34.652 -11.503 1.959
v -34.764 -11.253 1.959
v -34.764 -11.253 4.767
v -34.652 -11.503 4.767
v -34.764 -11.253 1.959
v -35.014 -11.365 1.959
v -35.014 -11.365 4.767
v -34.764 -11.253 4.767
v -35.014 -11.365 1.959
v -34.902 -11.615 1.959
v -34.902 -11.615 4.767
v -35.014 -11.365 4.767
v -32.793 -10.519 3.798
v -34.277 -9.268 3.798
v -34.833 -11.434 7.748
v -34.277 -9.268 3.798
v -36.179 -9.649 3.798
v -34.833 -11.434 7.748
v -36.179 -9.649 3.798
v -37.068 -11.373 3.798
v -34.833 -11.434 7.748
v -37.068 -11.373 3.798
v -36.274 -13.144 3.798
v -34.833 -11.434 7.748
v -36.274 -13.144 3.798
v -34.395 -13.627 3.798
v -34.833 -11.434 7.748
v -34.395 -13.627 3.798
v -32.846 -12.458 3.798
v -34.833 -11.434 7.748
v -32.846 -12.458 3.798
v -32.793 -10.519 3.798
v -34.833 -11.434 7.748
v -32.846 -12.458 3.798
v -34.395 -13.627 3.798
v -36.274 -13.144 3.798
v -37.068 -11.373 3.798
v -36.179 -9.649 3.798
v -34.277 -9.268 3.798
v -32.793 -10.519 3.798
v -33.405 -10.793 5.513
v -34.444 -9.918 5.513
v -34.833 -11.434 9.612
v -34.444 -9.918 5.513
v -35.775 -10.184 5.513
v -34.833 -11.434 9.612
v -35.775 -10.184 5.513
v -36.398 -11.392 5.513
v -34.833 -11.434 9.612
v -36.398 -11.392 5.513
v -35.842 -12.631 5.513
v -34.833 -11.434 9.612
v -35.842 -12.631 5.513
v -34.526 -12.969 5.513
v -34.833 -11.434 9.612
v -34.526 -12.969 5.513
v -33.442 -12.151 5.513
v -34.833 -11.434 9.612
v -33.442 -12.151 5.513
v -33.405 -10.793 5.513
v -34.833 -11.434 9.612
v -33.442 -12.151 5.513
v -34.526 -12.969 5.513
v -35.842 -12.631 5.513
v -36.398 -11.392 5.513
v -35.775 -10.184 5.513
v -34.444 -9.918 5.513
v -33.405 -10.793 5.513
v 23.514 -11.681 17.218
v 23.764 -11.569 17.218
v 23.652 -11.318 17.218
v 23.401 -11.431 17.218
v 23.401 -11.431 13.595
v 23.652 -11.318 13.595
v 23.764 -11.569 13.595
v 23.514 -11.681 13.595
v 23.514 -11.681 13.595
v 23.764 -11.569 13.595
v 23.764 -11.569 17.218
v 23.514 -11.681 17.218
v 23.764 -11.569 13.595
v 23.652 -11.318 13.595
v 23.652 -11.318 17.218
v 23.764 -11.569 17.218
v 23.652 -11.318 13.595
v 23.401 -11.431 13.595
v 23.401 -11.431 17.218
v 23.652 -11.318 17.218
v 23.401 -11.431 13.595
v 23.514 -11.681 13.595
v 23.514 -11.681 17.218
v 23.401 -11.431 17.218
v 26.260 -10.299 15.947
v 24.313 -8.658 15.947
v 23.583 -11.500 21.130
v 24.313 -8.658 15.947
v 21.816 -9.157 15.947
v 23.583 -11.500 21.130
v 21.816 -9.157 15.947
v 20.650 -11.420 15.947
v 23.583 -11.500 21.130
v 20.650 -11.420 15.947
v 21.692 -13.743 15.947
v 23.583 -11.500 21.130
v 21.692 -13.743 15.947
v 24.158 -14.377 15.947
v 23.583 -11.500 21.130
v 24.158 -14.377 15.947
v 26.191 -12.844 15.947
v 23.583 -11.500 21.130
v 26.191 -12.844 15.947
v 26.260 -10.299 15.947
v 23.583 -11.500 21.130
v 26.191 -12.844 15.947
v 24.158 -14.377 15.947
v 21.692 -13.743 15.947
v 20.650 -11.420 15.947
v 21.816 -9.157 15.947
v 24.313 -8.658 15.947
v 26.260 -10.299 15.947
v 25.457 -10.659 18.196
v 24.094 -9.511 18.196
v 23.583 -11.500 23.575
v 24.094 -9.511 18.196
v 22.346 -9.860 18.196
v 23.583 -11.500 23.575
v 22.346 -9.860 18.196
v 21.530 -11.444 18.196
v 23.583 -11.500 23.575
v 21.530 -11.444 18.196
v 22.259 -13.070 18.196
v 23.583 -11.500 23.575
v 22.259 -13.070 18.196
v 23.985 -13.514 18.196
v 23.583 -11.500 23.575
v 23.985 -13.514 18.196
v 25.408 -12.441 18.196
v 23.583 -11.500 23.575
v 25.408 -12.441 18.196
v 25.457 -10.659 18.196
v 23.583 -11.500 23.575
v 25.408 -12.441 18.196
v 23.985 -13.514 18.196
v 22.259 -13.070 18.196
v 21.530 -11.444 18.196
v 22.346 -9.860 18.196
v 24.094 -9.511 18.196
v 25.457 -10.659 18.196
v 18.095 57.931 6.942
v 18.345 58.043 6.942
v 18.233 58.293 6.942
v 17.983 58.181 6.942
v 17.983 58.181 3.549
v 18.233 58.293 3.549
v 18.345 58.043 3.549
v 18.095 57.931 3.549
v 18.095 57.931 3.549
v 18.345 58.043 3.549
v 18.345 58.043 6.942
v 18.095 57.931 6.942
v 18.345 58.043 3.549
v 18.233 58.293 3.549
v 18.233 58.293 6.942
v 18.345 58.043 6.942
v 18.233 58.293 3.549
v 17.983 58.181 3.549
v 17.983 58.181 6.942
v 18.233 58.293 6.942
v 17.983 58.181 3.549
v 18.095 57.931 3.549
v 18.095 57.931 6.942
v 17.983 58.181 6.942
v 20.661 59.232 5.756
v 18.845 60.763 5.756
v 18.164 58.112 10.591
v 18.845 60.763 5.756
v 16.516 60.297 5.756
v 18.164 58.112 10.591
v 16.516 60.297 5.756
v 15.428 58.186 5.756
v 18.164 58.112 10.591
v 15.428 58.186 5.756
v 16.400 56.020 5.756
v 18.164 58.112 10.591
v 16.400 56.020 5.756
v 18.700 55.429 5.756
v 18.164 58.112 10.591
v 18.700 55.429 5.756
v 20.596 56.858 5.756
v 18.164 58.112 10.591
v 20.596 56.858 5.756
v 20.661 59.232 5.756
v 18.164 58.112 10.591
v 20.596 56.858 5.756
v 18.700 55.429 5.756
v 16.400 56.020 5.756
v 15.428 58.186 5.756
v 16.516 60.297 5.756
v 18.845 60.763 5.756
v 20.661 59.232 5.756
v 19.912 58.896 7.854
v 18.641 59.967 7.854
v 18.164 58.112 12.871
v 18.641 59.967 7.854
v 17.011 59.642 7.854
v 18.164 58.112 12.871
v 17.011 59.642 7.854
v 16.249 58.164 7.854
v 18.164 58.112 12.871
v 16.249 58.164 7.854
v 16.929 56.647 7.854
v 18.164 58.112 12.871
v 16.929 56.647 7.854
v 18.539 56.234 7.854
v 18.164 58.112 12.871
v 18.539 56.234 7.854
v 19.867 57.235 7.854
v 18.164 58.112 12.871
v 19.867 57.235 7.854
v 19.912 58.896 7.854
v 18.164 58.112 12.871
v 19.867 57.235 7.854
v 18.539 56.234 7.854
v 16.929 56.647 7.854
v 16.249 58.164 7.854
v 17.011 59.642 7.854
v 18.641 59.967 7.854
v 19.912 58.896 7.854
v 24.228 28.039 9.862
v 24.478 28.151 9.862
v 24.366 28.401 9.862
v 24.115 28.289 9.862
v 24.115 28.289 7.087
v 24.366 28.401 7.087
v 24.478 28.151 7.087
v 24.228 28.039 7.087
v 24.228 28.039 7.087
v 24.478 28.151 7.087
v 24.478 28.151 9.862
v 24.228 28.039 9.862
v 24.478 28.151 7.087
v 24.366 28.401 7.087
v 24.366 28.401 9.862
v 24.478 28.151 9.862
v 24.366 28.401 7.087
v 24.115 28.289 7.087
v 24.115 28.289 9.862
v 24.366 28.401 9.862
v 24.115 28.289 7.087
v 24.228 28.039 7.087
v 24.228 28.039 9.862
v 24.115 28.289 9.862
v 26.311 29.123 8.905
v 24.846 30.358 8.905
v 24.297 28.220 12.805
v 24.846 30.358 8.905
v 22.968 29.983 8.905
v 24.297 28.220 12.805
v 22.968 29.983 8.905
v 22.090 28.280 8.905
v 24.297 28.220 12.805
v 22.090 28.280 8.905
v 22.874 26.532 8.905
v 24.297 28.220 12.805
v 22.874 26.532 8.905
v 24.729 26.055 8.905
v 24.297 28.220 12.805
v 24.729 26.055 8.905
v 26.259 27.209 8.905
v 24.297 28.220 12.805
v 26.259 27.209 8.905
v 26.311 29.123 8.905
v 24.297 28.220 12.805
v 26.259 27.209 8.905
v 24.729 26.055 8.905
v 22.874 26.532 8.905
v 22.090 28.280 8.905
v 22.968 29.983 8.905
v 24.846 30.358 8.905
v 26.311 29.123 8.905
v 25.707 28.852 10.598
v 24.681 29.717 10.598
v 24.297 28.220 14.645
v 24.681 29.717 10.598
v 23.366 29.454 10.598
v 24.297 28.220 14.645
v 23.366 29.454 10.598
v 22.752 28.262 10.598
v 24.297 28.220 14.645
v 22.752 28.262 10.598
v 23.301 27.038 10.598
v 24.297 28.220 14.645
v 23.301 27.038 10.598
v 24.599 26.705 10.598
v 24.297 28.220 14.645
v 24.599 26.705 10.598
v 25.670 27.512 10.598
v 24.297 28.220 14.645
v 25.670 27.512 10.598
v 25.707 28.852 10.598
v 24.297 28.220 14.645
v 25.670 27.512 10.598
v 24.599 26.705 10.598
v 23.301 27.038 10.598
v 22.752 28.262 10.598
v 23.366 29.454 10.598
v 24.681 29.717 10.598
v 25.707 28.852 10.598
v -13.053 -4.947 8.083
v -12.803 -4.835 8.083
v -12.915 -4.585 8.083
v -13.166 -4.697 8.083
v -13.166 -4.697 4.324
v -12.915 -4.585 4.324
v -12.803 -4.835 4.324
v -13.053 -4.947 4.324
v -13.053 -4.947 4.324
v -12.803 -4.835 4.324
v -12.803 -4.835 8.083
v -13.053 -4.947 8.083
v -12.803 -4.835 4.324
v -12.915 -4.585 4.324
v -12.915 -4.585 8.083
v -12.803 -4.835 8.083
v -12.915 -4.585 4.324
v -13.166 -4.697 4.324
v -13.166 -4.697 8.083
v -12.915 -4.585 8.083
v -13.166 -4.697 4.324
v -13.053 -4.947 4.324
v -13.053 -4.947 8.083
v -13.166 -4.697 8.083
v -10.201 -3.517 6.761
v -12.225 -1.811 6.761
v -12.984 -4.766 12.151
v -12.225 -1.811 6.761
v -14.821 -2.330 6.761
v -12.984 -4.766 12.151
v -14.821 -2.330 6.761
v -16.034 -4.683 6.761
v -12.984 -4.766 12.151
v -16.034 -4.683 6.761
v -14.950 -7.099 6.761
v -12.984 -4.766 12.151
v -14.950 -7.099 6.761
v -12.387 -7.757 6.761
v -12.984 -4.766 12.151
v -12.387 -7.757 6.761
v -10.273 -6.164 6.761
v -12.984 -4.766 12.151
v -10.273 -6.164 6.761
v -10.201 -3.517 6.761
v -12.984 -4.766 12.151
v -10.273 -6.164 6.761
v -12.387 -7.757 6.761
v -14.950 -7.099 6.761
v -16.034 -4.683 6.761
v -14.821 -2.330 6.761
v -12.225 -1.811 6.761
v -10.201 -3.517 6.761
v -11.036 -3.892 9.100
v -12.453 -2.698 9.100
v -12.984 -4.766 14.693
v -12.453 -2.698 9.100
v -14.270 -3.061 9.100
v -12.984 -4.766 14.693
v -14.270 -3.061 9.100
v -15.119 -4.708 9.100
v -12.984 -4.766 14.693
v -15.119 -4.708 9.100
v -14.361 -6.399 9.100
v -12.984 -4.766 14.693
v -14.361 -6.399 9.100
v -12.566 -6.860 9.100
v -12.984 -4.766 14.693
v -12.566 -6.860 9.100
v -11.086 -5.744 9.100
v -12.984 -4.766 14.693
v -11.086 -5.744 9.100
v -11.036 -3.892 9.100
v -12.984 -4.766 14.693
v -11.086 -5.744 9.100
v -12.566 -6.860 9.100
v -14.361 -6.399 9.100
v -15.119 -4.708 9.100
v -14.270 -3.061 9.100
v -12.453 -2.698 9.100
v -11.036 -3.892 9.100
v 13.248 44.211 6.158
v 13.498 44.324 6.158
v 13.386 44.574 6.158
v 13.136 44.462 6.158
v 13.136 44.462 3.448
v 13.386 44.574 3.448
v 13.498 44.324 3.448
v 13.248 44.211 3.448
v 13.248 44.211 3.448
v 13.498 44.324 3.448
v 13.498 44.324 6.158
v 13.248 44.211 6.158
v 13.498 44.324 3.448
v 13.386 44.574 3.448
v 13.386 44.574 6.158
v 13.498 44.324 6.158
v 13.386 44.574 3.448
v 13.136 44.462 3.448
v 13.136 44.462 6.158
v 13.386 44.574 6.158
v 13.136 44.462 3.448
v 13.248 44.211 3.448
v 13.248 44.211 6.158
v 13.136 44.462 6.158
v 15.280 45.273 5.226
v 13.852 46.476 5.226
v 13.317 44.393 9.026
v 13.852 46.476 5.226
v 12.022 46.110 5.226
v 13.317 44.393 9.026
v 12.022 46.110 5.226
v 11.167 44.451 5.226
v 13.317 44.393 9.026
v 11.167 44.451 5.226
v 11.931 42.748 5.226
v 13.317 44.393 9.026
v 11.931 42.748 5.226
v 13.739 42.283 5.226
v 13.317 44.393 9.026
v 13.739 42.283 5.226
v 15.229 43.407 5.226
v 13.317 44.393 9.026
v 15.229 43.407 5.226
v 15.280 45.273 5.226
v 13.317 44.393 9.026
v 15.229 43.407 5.226
v 13.739 42.283 5.226
v 11.931 42.748 5.226
v 11.167 44.451 5.226
v 12.022 46.110 5.226
v 13.852 46.476 5.226
v 15.280 45.273 5.226
v 14.691 45.009 6.875
v 13.692 45.851 6.875
v 13.317 44.393 10.819
v 13.692 45.851 6.875
v 12.410 45.595 6.875
v 13.317 44.393 10.819
v 12.410 45.595 6.875
v 11.812 44.433 6.875
v 13.317 44.393 10.819
v 11.812 44.433 6.875
v 12.347 43.241 6.875
v 13.317 44.393 10.819
v 12.347 43.241 6.875
v 13.612 42.916 6.875
v 13.317 44.393 10.819
v 13.612 42.916 6.875
v 14.655 43.703 6.875
v 13.317 44.393 10.819
v 14.655 43.703 6.875
v 14.691 45.009 6.875
v 13.317 44.393 10.819
v 14.655 43.703 6.875
v 13.612 42.916 6.875
v 12.347 43.241 6.875
v 11.812 44.433 6.875
v 12.410 45.595 6.875
v 13.692 45.851 6.875
v 14.691 45.009 6.875
v -22.427 -64.229 9.640
v -22.177 -64.117 9.640
v -22.289 -63.866 9.640
v -22.539 -63.979 9.640
v -22.539 -63.979 6.061
v -22.289 -63.866 6.061
v -22.177 -64.117 6.061
v -22.427 -64.229 6.061
v -22.427 -64.229 6.061
v -22.177 -64.117 6.061
v -22.177 -64.117 9.640
v -22.427 -64.229 9.640
v -22.177 -64.117 6.061
v -22.289 -63.866 6.061
v -22.289 -63.866 9.640
v -22.177 -64.117 9.640
v -22.289 -63.866 6.061
v -22.539 -63.979 6.061
v -22.539 -63.979 9.640
v -22.289 -63.866 9.640
v -22.539 -63.979 6.061
v -22.427 -64.229 6.061
v -22.427 -64.229 9.640
v -22.539 -63.979 9.640
v -19.715 -62.862 8.385
v -21.637 -61.242 8.385
v -22.358 -64.048 13.502
v -21.637 -61.242 8.385
v -24.102 -61.735 8.385
v -22.358 -64.048 13.502
v -24.102 -61.735 8.385
v -25.253 -63.969 8.385
v -22.358 -64.048 13.502
v -25.253 -63.969 8.385
v -24.225 -66.263 8.385
v -22.358 -64.048 13.502
v -24.225 -66.263 8.385
v -21.790 -66.888 8.385
v -22.358 -64.048 13.502
v -21.790 -66.888 8.385
v -19.783 -65.375 8.385
v -22.358 -64.048 13.502
v -19.783 -65.375 8.385
v -19.715 -62.862 8.385
v -22.358 -64.048 13.502
v -19.783 -65.375 8.385
v -21.790 -66.888 8.385
v -24.225 -66.263 8.385
v -25.253 -63.969 8.385
v -24.102 -61.735 8.385
v -21.637 -61.242 8.385
v -19.715 -62.862 8.385
v -20.508 -63.218 10.606
v -21.853 -62.084 10.606
v -22.358 -64.048 15.916
v -21.853 -62.084 10.606
v -23.579 -62.429 10.606
v -22.358 -64.048 15.916
v -23.579 -62.429 10.606
v -24.385 -63.993 10.606
v -22.358 -64.048 15.916
v -24.385 -63.993 10.606
v -23.665 -65.598 10.606
v -22.358 -64.048 15.916
v -23.665 -65.598 10.606
v -21.961 -66.036 10.606
v -22.358 -64.048 15.916
v -21.961 -66.036 10.606
v -20.556 -64.977 10.606
v -22.358 -64.048 15.916
v -20.556 -64.977 10.606
v -20.508 -63.218 10.606
v -22.358 -64.048 15.916
v -20.556 -64.977 10.606
v -21.961 -66.036 10.606
v -23.665 -65.598 10.606
v -24.385 -63.993 10.606
v -23.579 -62.429 10.606
v -21.853 -62.084 10.606
v -20.508 -63.218 10.606
v 24.077 53.283 7.790
v 24.327 53.396 7.790
v 24.215 53.646 7.790
v 23.964 53.534 7.790
v 23.964 53.534 4.921
v 24.215 53.646 4.921
v 24.327 53.396 4.921
v 24.077 53.283 4.921
v 24.077 53.283 4.921
v 24.327 53.396 4.921
v 24.327 53.396 7.790
v 24.077 53.283 7.790
v 24.327 53.396 4.921
v 24.215 53.646 4.921
v 24.215 53.646 7.790
v 24.327 53.396 7.790
v 24.215 53.646 4.921
v 23.964 53.534 4.921
v 23.964 53.534 7.790
v 24.215 53.646 7.790
v 23.964 53.534 4.921
v 24.077 53.283 4.921
v 24.077 53.283 7.790
v 23.964 53.534 7.790
v 26.233 54.401 6.799
v 24.715 55.681 6.799
v 24.146 53.465 10.841
v 24.715 55.681 6.799
v 22.768 55.291 6.799
v 24.146 53.465 10.841
v 22.768 55.291 6.799
v 21.858 53.527 6.799
v 24.146 53.465 10.841
v 21.858 53.527 6.799
v 22.671 51.715 6.799
v 24.146 53.465 10.841
v 22.671 51.715 6.799
v 24.594 51.221 6.799
v 24.146 53.465 10.841
v 24.594 51.221 6.799
v 26.179 52.416 6.799
v 24.146 53.465 10.841
v 26.179 52.416 6.799
v 26.233 54.401 6.799
v 24.146 53.465 10.841
v 26.179 52.416 6.799
v 24.594 51.221 6.799
v 22.671 51.715 6.799
v 21.858 53.527 6.799
v 22.768 55.291 6.799
v 24.715 55.681 6.799
v 26.233 54.401 6.799
v 25.607 54.120 8.553
v 24.544 55.016 8.553
v 24.146 53.465 12.748
v 24.544 55.016 8.553
v 23.181 54.743 8.553
v 24.146 53.465 12.748
v 23.181 54.743 8.553
v 22.545 53.508 8.553
v 24.146 53.465 12.748
v 22.545 53.508 8.553
v 23.113 52.240 8.553
v 24.146 53.465 12.748
v 23.113 52.240 8.553
v 24.459 51.894 8.553
v 24.146 53.465 12.748
v 24.459 51.894 8.553
v 25.569 52.731 8.553
v 24.146 53.465 12.748
v 25.569 52.731 8.553
v 25.607 54.120 8.553
v 24.146 53.465 12.748
v 25.569 52.731 8.553
v 24.459 51.894 8.553
v 23.113 52.240 8.553
v 22.545 53.508 8.553
v 23.181 54.743 8.553
v 24.544 55.016 8.553
v 25.607 54.120 8.553
v -27.421 -6.627 5.737
v -27.171 -6.514 5.737
v -27.283 -6.264 5.737
v -27.533 -6.376 5.737
v -27.533 -6.376 2.439
v -27.283 -6.264 2.439
v -27.171 -6.514 2.439
v -27.421 -6.627 2.439
v -27.421 -6.627 2.439
v -27.171 -6.514 2.439
v -27.171 -6.514 5.737
v -27.421 -6.627 5.737
v -27.171 -6.514 2.439
v -27.283 -6.264 2.439
v -27.283 -6.264 5.737
v -27.171 -6.514 5.737
v -27.283 -6.264 2.439
v -27.533 -6.376 2.439
v -27.533 -6.376 5.737
v -27.283 -6.264 5.737
v -27.533 -6.376 2.439
v -27.421 -6.627 2.439
v -27.421 -6.627 5.737
v -27.533 -6.376 5.737
v -24.929 -5.359 4.586
v -26.691 -3.874 4.586
v -27.352 -6.445 9.277
v -26.691 -3.874 4.586
v -28.951 -4.325 4.586
v -27.352 -6.445 9.277
v -28.951 -4.325 4.586
v -30.006 -6.373 4.586
v -27.352 -6.445 9.277
v -30.006 -6.373 4.586
v -29.063 -8.476 4.586
v -27.352 -6.445 9.277
v -29.063 -8.476 4.586
v -26.832 -9.049 4.586
v -27.352 -6.445 9.277
v -26.832 -9.049 4.586
v -24.992 -7.662 4.586
v -27.352 -6.445 9.277
v -24.992 -7.662 4.586
v -24.929 -5.359 4.586
v -27.352 -6.445 9.277
v -24.992 -7.662 4.586
v -26.832 -9.049 4.586
v -29.063 -8.476 4.586
v -30.006 -6.373 4.586
v -28.951 -4.325 4.586
v -26.691 -3.874 4.586
v -24.929 -5.359 4.586
v -25.656 -5.685 6.622
v -26.889 -4.645 6.622
v -27.352 -6.445 11.490
v -26.889 -4.645 6.622
v -28.471 -4.961 6.622
v -27.352 -6.445 11.490
v -28.471 -4.961 6.622
v -29.210 -6.395 6.622
v -27.352 -6.445 11.490
v -29.210 -6.395 6.622
v -28.550 -7.867 6.622
v -27.352 -6.445 11.490
v -28.550 -7.867 6.622
v -26.988 -8.268 6.622
v -27.352 -6.445 11.490
v -26.988 -8.268 6.622
v -25.700 -7.297 6.622
v -27.352 -6.445 11.490
v -25.700 -7.297 6.622
v -25.656 -5.685 6.622
v -27.352 -6.445 11.490
v -25.700 -7.297 6.622
v -26.988 -8.268 6.622
v -28.550 -7.867 6.622
v -29.210 -6.395 6.622
v -28.471 -4.961 6.622
v -26.889 -4.645 6.622
v -25.656 -5.685 6.622
v -15.578 -13.100 8.406
v -15.328 -12.988 8.406
v -15.440 -12.737 8.406
v -15.690 -12.850 8.406
v -15.690 -12.850 5.113
v -15.440 -12.737 5.113
v -15.328 -12.988 5.113
v -15.578 -13.100 5.113
v -15.578 -13.100 5.113
v -15.328 -12.988 5.113
v -15.328 -12.988 8.406
v -15.578 -13.100 8.406
v -15.328 -12.988 5.113
v -15.440 -12.737 5.113
v -15.440 -12.737 8.406
v -15.328 -12.988 8.406
v -15.440 -12.737 5.113
v -15.690 -12.850 5.113
v -15.690 -12.850 8.406
v -15.440 -12.737 8.406
v -15.690 -12.850 5.113
v -15.578 -13.100 5.113
v -15.578 -13.100 8.406
v -15.690 -12.850 8.406
v -13.089 -11.833 7.257
v -14.849 -10.350 7.257
v -15.509 -12.919 11.942
v -14.849 -10.350 7.257
v -17.105 -10.801 7.257
v -15.509 -12.919 11.942
v -17.105 -10.801 7.257
v -18.160 -12.847 7.257
v -15.509 -12.919 11.942
v -18.160 -12.847 7.257
v -17.218 -14.946 7.257
v -15.509 -12.919 11.942
v -17.218 -14.946 7.257
v -14.989 -15.519 7.257
v -15.509 -12.919 11.942
v -14.989 -15.519 7.257
v -13.152 -14.134 7.257
v -15.509 -12.919 11.942
v -13.152 -14.134 7.257
v -13.089 -11.833 7.257
v -15.509 -12.919 11.942
v -13.152 -14.134 7.257
v -14.989 -15.519 7.257
v -17.218 -14.946 7.257
v -18.160 -12.847 7.257
v -17.105 -10.801 7.257
v -14.849 -10.350 7.257
v -13.089 -11.833 7.257
v -13.815 -12.159 9.290
v -15.047 -11.121 9.290
v -15.509 -12.919 14.152
v -15.047 -11.121 9.290
v -16.626 -11.437 9.290
v -15.509 -12.919 14.152
v -16.626 -11.437 9.290
v -17.364 -12.868 9.290
v -15.509 -12.919 14.152
v -17.364 -12.868 9.290
v -16.705 -14.338 9.290
v -15.509 -12.919 14.152
v -16.705 -14.338 9.290
v -15.145 -14.739 9.290
v -15.509 -12.919 14.152
v -15.145 -14.739 9.290
v -13.859 -13.769 9.290
v -15.509 -12.919 14.152
v -13.859 -13.769 9.290
v -13.815 -12.159 9.290
v -15.509 -12.919 14.152
v -13.859 -13.769 9.290
v -15.145 -14.739 9.290
v -16.705 -14.338 9.290
v -17.364 -12.868 9.290
v -16.626 -11.437 9.290
v -15.047 -11.121 9.290
v -13.815 -12.159 9.290
v 37.147 49.751 11.401
v 37.397 49.863 11.401
v 37.285 50.113 11.401
v 37.035 50.001 11.401
v 37.035 50.001 7.679
v 37.285 50.113 7.679
v 37.397 49.863 7.679
v 37.147 49.751 7.679
v 37.147 49.751 7.679
v 37.397 49.863 7.679
v 37.397 49.863 11.401
v 37.147 49.751 11.401
v 37.397 49.863 7.679
v 37.285 50.113 7.679
v 37.285 50.113 11.401
v 37.397 49.863 11.401
v 37.285 50.113 7.679
v 37.035 50.001 7.679
v 37.035 50.001 11.401
v 37.285 50.113 11.401
v 37.035 50.001 7.679
v 37.147 49.751 7.679
v 37.147 49.751 11.401
v 37.035 50.001 11.401
v 39.970 51.168 10.093
v 37.967 52.856 10.093
v 37.216 49.932 15.426
v 37.967 52.856 10.093
v 35.399 52.342 10.093
v 37.216 49.932 15.426
v 35.399 52.342 10.093
v 34.198 50.014 10.093
v 37.216 49.932 15.426
v 34.198 50.014 10.093
v 35.271 47.624 10.093
v 37.216 49.932 15.426
v 35.271 47.624 10.093
v 37.808 46.972 10.093
v 37.216 49.932 15.426
v 37.808 46.972 10.093
v 39.899 48.549 10.093
v 37.216 49.932 15.426
v 39.899 48.549 10.093
v 39.970 51.168 10.093
v 37.216 49.932 15.426
v 39.899 48.549 10.093
v 37.808 46.972 10.093
v 35.271 47.624 10.093
v 34.198 50.014 10.093
v 35.399 52.342 10.093
v 37.967 52.856 10.093
v 39.970 51.168 10.093
v 39.144 50.797 12.407
v 37.742 51.979 12.407
v 37.216 49.932 17.942
v 37.742 51.979 12.407
v 35.944 51.619 12.407
v 37.216 49.932 17.942
v 35.944 51.619 12.407
v 35.104 49.989 12.407
v 37.216 49.932 17.942
v 35.104 49.989 12.407
v 35.854 48.316 12.407
v 37.216 49.932 17.942
v 35.854 48.316 12.407
v 37.630 47.860 12.407
v 37.216 49.932 17.942
v 37.630 47.860 12.407
v 39.094 48.964 12.407
v 37.216 49.932 17.942
v 39.094 48.964 12.407
v 39.144 50.797 12.407
v 37.216 49.932 17.942
v 39.094 48.964 12.407
v 37.630 47.860 12.407
v 35.854 48.316 12.407
v 35.104 49.989 12.407
v 35.944 51.619 12.407
v 37.742 51.979 12.407
v 39.144 50.797 12.407
v 0.912 -1.409 9.515
v 1.162 -1.296 9.515
v 1.050 -1.046 9.515
v 0.800 -1.158 9.515
v 0.800 -1.158 6.298
v 1.050 -1.046 6.298
v 1.162 -1.296 6.298
v 0.912 -1.409 6.298
v 0.912 -1.409 6.298
v 1.162 -1.296 6.298
v 1.162 -1.296 9.515
v 0.912 -1.409 9.515
v 1.162 -1.296 6.298
v 1.050 -1.046 6.298
v 1.050 -1.046 9.515
v 1.162 -1.296 9.515
v 1.050 -1.046 6.298
v 0.800 -1.158 6.298
v 0.800 -1.158 9.515
v 1.050 -1.046 9.515
v 0.800 -1.158 6.298
v 0.912 -1.409 6.298
v 0.912 -1.409 9.515
v 0.800 -1.158 9.515
v 3.341 -0.169 8.395
v 1.625 1.277 8.395
v 0.981 -1.227 12.963
v 1.625 1.277 8.395
v -0.576 0.838 8.395
v 0.981 -1.227 12.963
v -0.576 0.838 8.395
v -1.604 -1.157 8.395
v 0.981 -1.227 12.963
v -1.604 -1.157 8.395
v -0.686 -3.205 8.395
v 0.981 -1.227 12.963
v -0.686 -3.205 8.395
v 1.488 -3.763 8.395
v 0.981 -1.227 12.963
v 1.488 -3.763 8.395
v 3.280 -2.412 8.395
v 0.981 -1.227 12.963
v 3.280 -2.412 8.395
v 3.341 -0.169 8.395
v 0.981 -1.227 12.963
v 3.280 -2.412 8.395
v 1.488 -3.763 8.395
v -0.686 -3.205 8.395
v -1.604 -1.157 8.395
v -0.576 0.838 8.395
v 1.625 1.277 8.395
v 3.341 -0.169 8.395
v 2.633 -0.486 10.377
v 1.431 0.526 10.377
v 0.981 -1.227 15.118
v 1.431 0.526 10.377
v -0.109 0.218 10.377
v 0.981 -1.227 15.118
v -0.109 0.218 10.377
v -0.829 -1.178 10.377
v 0.981 -1.227 15.118
v -0.829 -1.178 10.377
v -0.186 -2.611 10.377
v 0.981 -1.227 15.118
v -0.186 -2.611 10.377
v 1.336 -3.002 10.377
v 0.981 -1.227 15.118
v 1.336 -3.002 10.377
v 2.590 -2.057 10.377
v 0.981 -1.227 15.118
v 2.590 -2.057 10.377
v 2.633 -0.486 10.377
v 0.981 -1.227 15.118
v 2.590 -2.057 10.377
v 1.336 -3.002 10.377
v -0.186 -2.611 10.377
v -0.829 -1.178 10.377
v -0.109 0.218 10.377
v 1.431 0.526 10.377
v 2.633 -0.486 10.377
v 0.686 17.059 6.875
v 0.937 17.172 6.875
v 0.824 17.422 6.875
v 0.574 17.310 6.875
v 0.574 17.310 3.664
v 0.824 17.422 3.664
v 0.937 17.172 3.664
v 0.686 17.059 3.664
v 0.686 17.059 3.664
v 0.937 17.172 3.664
v 0.937 17.172 6.875
v 0.686 17.059 6.875
v 0.937 17.172 3.664
v 0.824 17.422 3.664
v 0.824 17.422 6.875
v 0.937 17.172 6.875
v 0.824 17.422 3.664
v 0.574 17.310 3.664
v 0.574 17.310 6.875
v 0.824 17.422 6.875
v 0.574 17.310 3.664
v 0.686 17.059 3.664
v 0.686 17.059 6.875
v 0.574 17.310 6.875
v 3.110 18.297 5.757
v 1.398 19.740 5.757
v 0.755 17.241 10.315
v 1.398 19.740 5.757
v -0.798 19.301 5.757
v 0.755 17.241 10.315
v -0.798 19.301 5.757
v -1.824 17.311 5.757
v 0.755 17.241 10.315
v -1.824 17.311 5.757
v -0.908 15.268 5.757
v 0.755 17.241 10.315
v -0.908 15.268 5.757
v 1.261 14.710 5.757
v 0.755 17.241 10.315
v 1.261 14.710 5.757
v 3.049 16.058 5.757
v 0.755 17.241 10.315
v 3.049 16.058 5.757
v 3.110 18.297 5.757
v 0.755 17.241 10.315
v 3.049 16.058 5.757
v 1.261 14.710 5.757
v -0.908 15.268 5.757
v -1.824 17.311 5.757
v -0.798 19.301 5.757
v 1.398 19.740 5.757
v 3.110 18.297 5.757
v 2.403 17.980 7.735
v 1.205 18.990 7.735
v 0.755 17.241 12.466
v 1.205 18.990 7.735
v -0.332 18.683 7.735
v 0.755 17.241 12.466
v -0.332 18.683 7.735
v -1.050 17.290 7.735
v 0.755 17.241 12.466
v -1.050 17.290 7.735
v -0.409 15.860 7.735
v 0.755 17.241 12.466
v -0.409 15.860 7.735
v 1.109 15.469 7.735
v 0.755 17.241 12.466
v 1.109 15.469 7.735
v 2.361 16.413 7.735
v 0.755 17.241 12.466
v 2.361 16.413 7.735
v 2.403 17.980 7.735
v 0.755 17.241 12.466
v 2.361 16.413 7.735
v 1.109 15.469 7.735
v -0.409 15.860 7.735
v -1.050 17.290 7.735
v -0.332 18.683 7.735
v 1.205 18.990 7.735
v 2.403 17.980 7.735
v 13.273 -11.337 13.735
v 13.523 -11.225 13.735
v 13.411 -10.975 13.735
v 13.160 -11.087 13.735
v 13.160 -11.087 11.052
v 13.411 -10.975 11.052
v 13.523 -11.225 11.052
v 13.273 -11.337 11.052
v 13.273 -11.337 11.052
v 13.523 -11.225 11.052
v 13.523 -11.225 13.735
v 13.273 -11.337 13.735
v 13.523 -11.225 11.052
v 13.411 -10.975 11.052
v 13.411 -10.975 13.735
v 13.523 -11.225 13.735
v 13.411 -10.975 11.052
v 13.160 -11.087 11.052
v 13.160 -11.087 13.735
v 13.411 -10.975 13.735
v 13.160 -11.087 11.052
v 13.273 -11.337 11.052
v 13.273 -11.337 13.735
v 13.160 -11.087 13.735
v 15.283 -10.285 12.813
v 13.871 -9.095 12.813
v 13.342 -11.156 16.572
v 13.871 -9.095 12.813
v 12.060 -9.457 12.813
v 13.342 -11.156 16.572
v 12.060 -9.457 12.813
v 11.214 -11.098 12.813
v 13.342 -11.156 16.572
v 11.214 -11.098 12.813
v 11.970 -12.783 12.813
v 13.342 -11.156 16.572
v 11.970 -12.783 12.813
v 13.759 -13.243 12.813
v 13.342 -11.156 16.572
v 13.759 -13.243 12.813
v 15.233 -12.131 12.813
v 13.342 -11.156 16.572
v 15.233 -12.131 12.813
v 15.283 -10.285 12.813
v 13.342 -11.156 16.572
v 15.233 -12.131 12.813
v 13.759 -13.243 12.813
v 11.970 -12.783 12.813
v 11.214 -11.098 12.813
v 12.060 -9.457 12.813
v 13.871 -9.095 12.813
v 15.283 -10.285 12.813
v 14.701 -10.546 14.444
v 13.712 -9.713 14.444
v 13.342 -11.156 18.346
v 13.712 -9.713 14.444
v 12.445 -9.967 14.444
v 13.342 -11.156 18.346
v 12.445 -9.967 14.444
v 11.853 -11.116 14.444
v 13.342 -11.156 18.346
v 11.853 -11.116 14.444
v 12.382 -12.295 14.444
v 13.342 -11.156 18.346
v 12.382 -12.295 14.444
v 13.634 -12.617 14.444
v 13.342 -11.156 18.346
v 13.634 -12.617 14.444
v 14.666 -11.839 14.444
v 13.342 -11.156 18.346
v 14.666 -11.839 14.444
v 14.701 -10.546 14.444
v 13.342 -11.156 18.346
v 14.666 -11.839 14.444
v 13.634 -12.617 14.444
v 12.382 -12.295 14.444
v 11.853 -11.116 14.444
v 12.445 -9.967 14.444
v 13.712 -9.713 14.444
v 14.701 -10.546 14.444
v -1.068 22.223 5.668
v -0.818 22.335 5.668
v -0.930 22.586 5.668
v -1.181 22.473 5.668
v -1.181 22.473 2.766
v -0.930 22.586 2.766
v -0.818 22.335 2.766
v -1.068 22.223 2.766
v -1.068 22.223 2.766
v -0.818 22.335 2.766
v -0.818 22.335 5.668
v -1.068 22.223 5.668
v -0.818 22.335 2.766
v -0.930 22.586 2.766
v -0.930 22.586 5.668
v -0.818 22.335 5.668
v -0.930 22.586 2.766
v -1.181 22.473 2.766
v -1.181 22.473 5.668
v -0.930 22.586 5.668
v -1.181 22.473 2.766
v -1.068 22.223 2.766
v -1.068 22.223 5.668
v -1.181 22.473 5.668
v 1.113 23.352 4.665
v -0.423 24.647 4.665
v -0.999 22.404 8.755
v -0.423 24.647 4.665
v -2.393 24.253 4.665
v -0.999 22.404 8.755
v -2.393 24.253 4.665
v -3.314 22.467 4.665
v -0.999 22.404 8.755
v -3.314 22.467 4.665
v -2.492 20.634 4.665
v -0.999 22.404 8.755
v -2.492 20.634 4.665
v -0.546 20.134 4.665
v -0.999 22.404 8.755
v -0.546 20.134 4.665
v 1.059 21.344 4.665
v -0.999 22.404 8.755
v 1.059 21.344 4.665
v 1.113 23.352 4.665
v -0.999 22.404 8.755
v 1.059 21.344 4.665
v -0.546 20.134 4.665
v -2.492 20.634 4.665
v -3.314 22.467 4.665
v -2.393 24.253 4.665
v -0.423 24.647 4.665
v 1.113 23.352 4.665
v 0.480 23.068 6.440
v -0.596 23.974 6.440
v -0.999 22.404 10.685
v -0.596 23.974 6.440
v -1.975 23.699 6.440
v -0.999 22.404 10.685
v -1.975 23.699 6.440
v -2.620 22.448 6.440
v -0.999 22.404 10.685
v -2.620 22.448 6.440
v -2.044 21.165 6.440
v -0.999 22.404 10.685
v -2.044 21.165 6.440
v -0.682 20.815 6.440
v -0.999 22.404 10.685
v -0.682 20.815 6.440
v 0.441 21.662 6.440
v -0.999 22.404 10.685
v 0.441 21.662 6.440
v 0.480 23.068 6.440
v -0.999 22.404 10.685
v 0.441 21.662 6.440
v -0.682 20.815 6.440
v -2.044 21.165 6.440
v -2.620 22.448 6.440
v -1.975 23.699 6.440
v -0.596 23.974 6.440
v 0.480 23.068 6.440
v 11.400 11.544 9.759
v 11.650 11.656 9.759
v 11.538 11.906 9.759
v 11.287 11.794 9.759
v 11.287 11.794 6.556
v 11.538 11.906 6.556
v 11.650 11.656 6.556
v 11.400 11.544 6.556
v 11.400 11.544 6.556
v 11.650 11.656 6.556
v 11.650 11.656 9.759
v 11.400 11.544 9.759
v 11.650 11.656 6.556
v 11.538 11.906 6.556
v 11.538 11.906 9.759
v 11.650 11.656 9.759
v 11.538 11.906 6.556
v 11.287 11.794 6.556
v 11.287 11.794 9.759
v 11.538 11.906 9.759
v 11.287 11.794 6.556
v 11.400 11.544 6.556
v 11.400 11.544 9.759
v 11.287 11.794 9.759
v 13.817 12.778 8.644
v 12.109 14.218 8.644
v 11.469 11.725 13.191
v 12.109 14.218 8.644
v 9.919 13.780 8.644
v 11.469 11.725 13.191
v 9.919 13.780 8.644
v 8.896 11.795 8.644
v 11.469 11.725 13.191
v 8.896 11.795 8.644
v 9.810 9.757 8.644
v 11.469 11.725 13.191
v 9.810 9.757 8.644
v 11.973 9.201 8.644
v 11.469 11.725 13.191
v 11.973 9.201 8.644
v 13.756 10.546 8.644
v 11.469 11.725 13.191
v 13.756 10.546 8.644
v 13.817 12.778 8.644
v 11.469 11.725 13.191
v 13.756 10.546 8.644
v 11.973 9.201 8.644
v 9.810 9.757 8.644
v 8.896 11.795 8.644
v 9.919 13.780 8.644
v 12.109 14.218 8.644
v 13.817 12.778 8.644
v 13.112 12.462 10.617
v 11.917 13.470 10.617
v 11.469 11.725 15.335
v 11.917 13.470 10.617
v 10.384 13.164 10.617
v 11.469 11.725 15.335
v 10.384 13.164 10.617
v 9.668 11.774 10.617
v 11.469 11.725 15.335
v 9.668 11.774 10.617
v 10.307 10.348 10.617
v 11.469 11.725 15.335
v 10.307 10.348 10.617
v 11.822 9.958 10.617
v 11.469 11.725 15.335
v 11.822 9.958 10.617
v 13.070 10.900 10.617
v 11.469 11.725 15.335
v 13.070 10.900 10.617
v 13.112 12.462 10.617
v 11.469 11.725 15.335
v 13.070 10.900 10.617
v 11.822 9.958 10.617
v 10.307 10.348 10.617
v 9.668 11.774 10.617
v 10.384 13.164 10.617
v 11.917 13.470 10.617
v 13.112 12.462 10.617
v 17.918 23.293 9.594
v 18.168 23.406 9.594
v 18.056 23.656 9.594
v 17.805 23.544 9.594
v 17.805 23.544 6.364
v 18.056 23.656 6.364
v 18.168 23.406 6.364
v 17.918 23.293 6.364
v 17.918 23.293 6.364
v 18.168 23.406 6.364
v 18.168 23.406 9.594
v 17.918 23.293 9.594
v 18.168 23.406 6.364
v 18.056 23.656 6.364
v 18.056 23.656 9.594
v 18.168 23.406 9.594
v 18.056 23.656 6.364
v 17.805 23.544 6.364
v 17.805 23.544 9.594
v 18.056 23.656 9.594
v 17.805 23.544 6.364
v 17.918 23.293 6.364
v 17.918 23.293 9.594
v 17.805 23.544 9.594
v 20.356 24.538 8.469
v 18.633 25.990 8.469
v 17.987 23.475 13.056
v 18.633 25.990 8.469
v 16.423 25.548 8.469
v 17.987 23.475 13.056
v 16.423 25.548 8.469
v 15.391 23.545 8.469
v 17.987 23.475 13.056
v 15.391 23.545 8.469
v 16.313 21.489 8.469
v 17.987 23.475 13.056
v 16.313 21.489 8.469
v 18.496 20.928 8.469
v 17.987 23.475 13.056
v 18.496 20.928 8.469
v 20.295 22.285 8.469
v 17.987 23.475 13.056
v 20.295 22.285 8.469
v 20.356 24.538 8.469
v 17.987 23.475 13.056
v 20.295 22.285 8.469
v 18.496 20.928 8.469
v 16.313 21.489 8.469
v 15.391 23.545 8.469
v 16.423 25.548 8.469
v 18.633 25.990 8.469
v 20.356 24.538 8.469
v 19.645 24.219 10.460
v 18.439 25.235 10.460
v 17.987 23.475 15.220
v 18.439 25.235 10.460
v 16.892 24.926 10.460
v 17.987 23.475 15.220
v 16.892 24.926 10.460
v 16.170 23.524 10.460
v 17.987 23.475 15.220
v 16.170 23.524 10.460
v 16.815 22.085 10.460
v 17.987 23.475 15.220
v 16.815 22.085 10.460
v 18.343 21.692 10.460
v 17.987 23.475 15.220
v 18.343 21.692 10.460
v 19.602 22.642 10.460
v 17.987 23.475 15.220
v 19.602 22.642 10.460
v 19.645 24.219 10.460
v 17.987 23.475 15.220
v 19.602 22.642 10.460
v 18.343 21.692 10.460
v 16.815 22.085 10.460
v 16.170 23.524 10.460
v 16.892 24.926 10.460
v 18.439 25.235 10.460
v 19.645 24.219 10.460
v 30.305 -2.196 17.082
v 30.556 -2.084 17.082
v 30.443 -1.833 17.082
v 30.193 -1.946 17.082
v 30.193 -1.946 13.329
v 30.443 -1.833 13.329
v 30.556 -2.084 13.329
v 30.305 -2.196 13.329
v 30.305 -2.196 13.329
v 30.556 -2.084 13.329
v 30.556 -2.084 17.082
v 30.305 -2.196 17.082
v 30.556 -2.084 13.329
v 30.443 -1.833 13.329
v 30.443 -1.833 17.082
v 30.556 -2.084 17.082
v 30.443 -1.833 13.329
v 30.193 -1.946 13.329
v 30.193 -1.946 17.082
v 30.443 -1.833 17.082
v 30.193 -1.946 13.329
v 30.305 -2.196 13.329
v 30.305 -2.196 17.082
v 30.193 -1.946 17.082
v 33.153 -0.768 15.762
v 31.132 0.935 15.762
v 30.374 -2.015 21.143
v 31.132 0.935 15.762
v 28.541 0.417 15.762
v 30.374 -2.015 21.143
v 28.541 0.417 15.762
v 27.330 -1.932 15.762
v 30.374 -2.015 21.143
v 27.330 -1.932 15.762
v 28.412 -4.343 15.762
v 30.374 -2.015 21.143
v 28.412 -4.343 15.762
v 30.971 -5.001 15.762
v 30.374 -2.015 21.143
v 30.971 -5.001 15.762
v 33.081 -3.410 15.762
v 30.374 -2.015 21.143
v 33.081 -3.410 15.762
v 33.153 -0.768 15.762
v 30.374 -2.015 21.143
v 33.081 -3.410 15.762
v 30.971 -5.001 15.762
v 28.412 -4.343 15.762
v 27.330 -1.932 15.762
v 28.541 0.417 15.762
v 31.132 0.935 15.762
v 33.153 -0.768 15.762
v 32.319 -1.142 18.097
v 30.905 0.050 18.097
v 30.374 -2.015 23.681
v 30.905 0.050 18.097
v 29.091 -0.313 18.097
v 30.374 -2.015 23.681
v 29.091 -0.313 18.097
v 28.243 -1.957 18.097
v 30.374 -2.015 23.681
v 28.243 -1.957 18.097
v 29.000 -3.645 18.097
v 30.374 -2.015 23.681
v 29.000 -3.645 18.097
v 30.792 -4.105 18.097
v 30.374 -2.015 23.681
v 30.792 -4.105 18.097
v 32.269 -2.991 18.097
v 30.374 -2.015 23.681
v 32.269 -2.991 18.097
v 32.319 -1.142 18.097
v 30.374 -2.015 23.681
v 32.269 -2.991 18.097
v 30.792 -4.105 18.097
v 29.000 -3.645 18.097
v 28.243 -1.957 18.097
v 29.091 -0.313 18.097
v 30.905 0.050 18.097
v 32.319 -1.142 18.097
v -21.755 -30.193 10.415
v -21.505 -30.081 10.415
v -21.617 -29.831 10.415
v -21.867 -29.943 10.415
v -21.867 -29.943 6.661
v -21.617 -29.831 6.661
v -21.505 -30.081 6.661
v -21.755 -30.193 6.661
v -21.755 -30.193 6.661
v -21.505 -30.081 6.661
v -21.505 -30.081 10.415
v -21.755 -30.193 10.415
v -21.505 -30.081 6.661
v -21.617 -29.831 6.661
v -21.617 -29.831 10.415
v -21.505 -30.081 10.415
v -21.617 -29.831 6.661
v -21.867 -29.943 6.661
v -21.867 -29.943 10.415
v -21.617 -29.831 10.415
v -21.867 -29.943 6.661
v -21.755 -30.193 6.661
v -21.755 -30.193 10.415
v -21.867 -29.943 10.415
v -18.906 -28.765 9.095
v -20.928 -27.061 9.095
v -21.686 -30.012 14.477
v -20.928 -27.061 9.095
v -23.520 -27.580 9.095
v -21.686 -30.012 14.477
v -23.520 -27.580 9.095
v -24.732 -29.930 9.095
v -21.686 -30.012 14.477
v -24.732 -29.930 9.095
v -23.649 -32.342 9.095
v -21.686 -30.012 14.477
v -23.649 -32.342 9.095
v -21.089 -33.000 9.095
v -21.686 -30.012 14.477
v -21.089 -33.000 9.095
v -18.978 -31.408 9.095
v -21.686 -30.012 14.477
v -18.978 -31.408 9.095
v -18.906 -28.765 9.095
v -21.686 -30.012 14.477
v -18.978 -31.408 9.095
v -21.089 -33.000 9.095
v -23.649 -32.342 9.095
v -24.732 -29.930 9.095
v -23.520 -27.580 9.095
v -20.928 -27.061 9.095
v -18.906 -28.765 9.095
v -19.740 -29.139 11.431
v -21.155 -27.947 11.431
v -21.686 -30.012 17.016
v -21.155 -27.947 11.431
v -22.970 -28.309 11.431
v -21.686 -30.012 17.016
v -22.970 -28.309 11.431
v -23.818 -29.954 11.431
v -21.686 -30.012 17.016
v -23.818 -29.954 11.431
v -23.060 -31.643 11.431
v -21.686 -30.012 17.016
v -23.060 -31.643 11.431
v -21.268 -32.104 11.431
v -21.686 -30.012 17.016
v -21.268 -32.104 11.431
v -19.790 -30.989 11.431
v -21.686 -30.012 17.016
v -19.790 -30.989 11.431
v -19.740 -29.139 11.431
v -21.686 -30.012 17.016
v -19.790 -30.989 11.431
v -21.268 -32.104 11.431
v -23.060 -31.643 11.431
v -23.818 -29.954 11.431
v -22.970 -28.309 11.431
v -21.155 -27.947 11.431
v -19.740 -29.139 11.431
v 23.327 59.490 7.010
v 23.578 59.602 7.010
v 23.465 59.853 7.010
v 23.215 59.740 7.010
v 23.215 59.740 4.307
v 23.465 59.853 4.307
v 23.578 59.602 4.307
v 23.327 59.490 4.307
v 23.327 59.490 4.307
v 23.578 59.602 4.307
v 23.578 59.602 7.010
v 23.327 59.490 7.010
v 23.578 59.602 4.307
v 23.465 59.853 4.307
v 23.465 59.853 7.010
v 23.578 59.602 7.010
v 23.465 59.853 4.307
v 23.215 59.740 4.307
v 23.215 59.740 7.010
v 23.465 59.853 7.010
v 23.215 59.740 4.307
v 23.327 59.490 4.307
v 23.327 59.490 7.010
v 23.215 59.740 7.010
v 25.354 60.549 6.080
v 23.930 61.749 6.080
v 23.396 59.671 9.870
v 23.930 61.749 6.080
v 22.105 61.384 6.080
v 23.396 59.671 9.870
v 22.105 61.384 6.080
v 21.252 59.730 6.080
v 23.396 59.671 9.870
v 21.252 59.730 6.080
v 22.014 58.031 6.080
v 23.396 59.671 9.870
v 22.014 58.031 6.080
v 23.817 57.568 6.080
v 23.396 59.671 9.870
v 23.817 57.568 6.080
v 25.303 58.689 6.080
v 23.396 59.671 9.870
v 25.303 58.689 6.080
v 25.354 60.549 6.080
v 23.396 59.671 9.870
v 25.303 58.689 6.080
v 23.817 57.568 6.080
v 22.014 58.031 6.080
v 21.252 59.730 6.080
v 22.105 61.384 6.080
v 23.930 61.749 6.080
v 25.354 60.549 6.080
v 24.766 60.286 7.725
v 23.770 61.126 7.725
v 23.396 59.671 11.658
v 23.770 61.126 7.725
v 22.492 60.870 7.725
v 23.396 59.671 11.658
v 22.492 60.870 7.725
v 21.895 59.712 7.725
v 23.396 59.671 11.658
v 21.895 59.712 7.725
v 22.429 58.523 7.725
v 23.396 59.671 11.658
v 22.429 58.523 7.725
v 23.691 58.199 7.725
v 23.396 59.671 11.658
v 23.691 58.199 7.725
v 24.731 58.983 7.725
v 23.396 59.671 11.658
v 24.731 58.983 7.725
v 24.766 60.286 7.725
v 23.396 59.671 11.658
v 24.731 58.983 7.725
v 23.691 58.199 7.725
v 22.429 58.523 7.725
v 21.895 59.712 7.725
v 22.492 60.870 7.725
v 23.770 61.126 7.725
v 24.766 60.286 7.725
v -17.648 20.460 3.515
v -17.398 20.573 3.515
v -17.510 20.823 3.515
v -17.761 20.711 3.515
v -17.761 20.711 0.660
v -17.510 20.823 0.660
v -17.398 20.573 0.660
v -17.648 20.460 0.660
v -17.648 20.460 0.660
v -17.398 20.573 0.660
v -17.398 20.573 3.515
v -17.648 20.460 3.515
v -17.398 20.573 0.660
v -17.510 20.823 0.660
v -17.510 20.823 3.515
v -17.398 20.573 3.515
v -17.510 20.823 0.660
v -17.761 20.711 0.660
v -17.761 20.711 3.515
v -17.510 20.823 3.515
v -17.761 20.711 0.660
v -17.648 20.460 0.660
v -17.648 20.460 3.515
v -17.761 20.711 3.515
v -15.503 21.573 2.529
v -17.013 22.846 2.529
v -17.579 20.642 6.550
v -17.013 22.846 2.529
v -18.949 22.459 2.529
v -17.579 20.642 6.550
v -18.949 22.459 2.529
v -19.854 20.703 2.529
v -17.579 20.642 6.550
v -19.854 20.703 2.529
v -19.046 18.901 2.529
v -17.579 20.642 6.550
v -19.046 18.901 2.529
v -17.133 18.410 2.529
v -17.579 20.642 6.550
v -17.133 18.410 2.529
v -15.556 19.599 2.529
v -17.579 20.642 6.550
v -15.556 19.599 2.529
v -15.503 21.573 2.529
v -17.579 20.642 6.550
v -15.556 19.599 2.529
v -17.133 18.410 2.529
v -19.046 18.901 2.529
v -19.854 20.703 2.529
v -18.949 22.459 2.529
v -17.013 22.846 2.529
v -15.503 21.573 2.529
v -16.126 21.294 4.274
v -17.183 22.184 4.274
v -17.579 20.642 8.446
v -17.183 22.184 4.274
v -18.538 21.913 4.274
v -17.579 20.642 8.446
v -18.538 21.913 4.274
v -19.172 20.685 4.274
v -17.579 20.642 8.446
v -19.172 20.685 4.274
v -18.606 19.423 4.274
v -17.579 20.642 8.446
v -18.606 19.423 4.274
v -17.267 19.079 4.274
v -17.579 20.642 8.446
v -17.267 19.079 4.274
v -16.163 19.912 4.274
v -17.579 20.642 8.446
v -16.163 19.912 4.274
v -16.126 21.294 4.274
v -17.579 20.642 8.446
v -16.163 19.912 4.274
v -17.267 19.079 4.274
v -18.606 19.423 4.274
v -19.172 20.685 4.274
v -18.538 21.913 4.274
v -17.183 22.184 4.274
v -16.126 21.294 4.274
v -36.292 -58.888 7.584
v -36.042 -58.776 7.584
v -36.154 -58.525 7.584
v -36.404 -58.638 7.584
v -36.404 -58.638 4.033
v -36.154 -58.525 4.033
v -36.042 -58.776 4.033
v -36.292 -58.888 4.033
v -36.292 -58.888 4.033
v -36.042 -58.776 4.033
v -36.042 -58.776 7.584
v -36.292 -58.888 7.584
v -36.042 -58.776 4.033
v -36.154 -58.525 4.033
v -36.154 -58.525 7.584
v -36.042 -58.776 7.584
v -36.154 -58.525 4.033
v -36.404 -58.638 4.033
v -36.404 -58.638 7.584
v -36.154 -58.525 7.584
v -36.404 -58.638 4.033
v -36.292 -58.888 4.033
v -36.292 -58.888 7.584
v -36.404 -58.638 7.584
v -33.603 -57.531 6.339
v -35.508 -55.925 6.339
v -36.223 -58.707 11.413
v -35.508 -55.925 6.339
v -37.952 -56.414 6.339
v -36.223 -58.707 11.413
v -37.952 -56.414 6.339
v -39.094 -58.629 6.339
v -36.223 -58.707 11.413
v -39.094 -58.629 6.339
v -38.074 -60.903 6.339
v -36.223 -58.707 11.413
v -38.074 -60.903 6.339
v -35.660 -61.523 6.339
v -36.223 -58.707 11.413
v -35.660 -61.523 6.339
v -33.670 -60.022 6.339
v -36.223 -58.707 11.413
v -33.670 -60.022 6.339
v -33.603 -57.531 6.339
v -36.223 -58.707 11.413
v -33.670 -60.022 6.339
v -35.660 -61.523 6.339
v -38.074 -60.903 6.339
v -39.094 -58.629 6.339
v -37.952 -56.414 6.339
v -35.508 -55.925 6.339
v -33.603 -57.531 6.339
v -34.389 -57.884 8.541
v -35.723 -56.760 8.541
v -36.223 -58.707 13.806
v -35.723 -56.760 8.541
v -37.434 -57.101 8.541
v -36.223 -58.707 13.806
v -37.434 -57.101 8.541
v -38.233 -58.652 8.541
v -36.223 -58.707 13.806
v -38.233 -58.652 8.541
v -37.519 -60.244 8.541
v -36.223 -58.707 13.806
v -37.519 -60.244 8.541
v -35.829 -60.678 8.541
v -36.223 -58.707 13.806
v -35.829 -60.678 8.541
v -34.436 -59.628 8.541
v -36.223 -58.707 13.806
v -34.436 -59.628 8.541
v -34.389 -57.884 8.541
v -36.223 -58.707 13.806
v -34.436 -59.628 8.541
v -35.829 -60.678 8.541
v -37.519 -60.244 8.541
v -38.233 -58.652 8.541
v -37.434 -57.101 8.541
v -35.723 -56.760 8.541
v -34.389 -57.884 8.541
v 29.141 65.215 8.208
v 29.392 65.327 8.208
v 29.279 65.578 8.208
v 29.029 65.465 8.208
v 29.029 65.465 4.744
v 29.279 65.578 4.744
v 29.392 65.327 4.744
v 29.141 65.215 4.744
v 29.141 65.215 4.744
v 29.392 65.327 4.744
v 29.392 65.327 8.208
v 29.141 65.215 8.208
v 29.392 65.327 4.744
v 29.279 65.578 4.744
v 29.279 65.578 8.208
v 29.392 65.327 8.208
v 29.279 65.578 4.744
v 29.029 65.465 4.744
v 29.029 65.465 8.208
v 29.279 65.578 8.208
v 29.029 65.465 4.744
v 29.141 65.215 4.744
v 29.141 65.215 8.208
v 29.029 65.465 8.208
v 31.763 66.541 6.995
v 29.907 68.106 6.995
v 29.210 65.396 11.937
v 29.907 68.106 6.995
v 27.526 67.630 6.995
v 29.210 65.396 11.937
v 27.526 67.630 6.995
v 26.414 65.472 6.995
v 29.210 65.396 11.937
v 26.414 65.472 6.995
v 27.407 63.257 6.995
v 29.210 65.396 11.937
v 27.407 63.257 6.995
v 29.759 62.653 6.995
v 29.210 65.396 11.937
v 29.759 62.653 6.995
v 31.697 64.115 6.995
v 29.210 65.396 11.937
v 31.697 64.115 6.995
v 31.763 66.541 6.995
v 29.210 65.396 11.937
v 31.697 64.115 6.995
v 29.759 62.653 6.995
v 27.407 63.257 6.995
v 26.414 65.472 6.995
v 27.526 67.630 6.995
v 29.907 68.106 6.995
v 31.763 66.541 6.995
v 30.997 66.198 9.140
v 29.698 67.293 9.140
v 29.210 65.396 14.269
v 29.698 67.293 9.140
v 28.031 66.960 9.140
v 29.210 65.396 14.269
v 28.031 66.960 9.140
v 27.253 65.450 9.140
v 29.210 65.396 14.269
v 27.253 65.450 9.140
v 27.948 63.899 9.140
v 29.210 65.396 14.269
v 27.948 63.899 9.140
v 29.594 63.476 9.140
v 29.210 65.396 14.269
v 29.594 63.476 9.140
v 30.951 64.499 9.140
v 29.210 65.396 14.269
v 30.951 64.499 9.140
v 30.997 66.198 9.140
v 29.210 65.396 14.269
v 30.951 64.499 9.140
v 29.594 63.476 9.140
v 27.948 63.899 9.140
v 27.253 65.450 9.140
v 28.031 66.960 9.140
v 29.698 67.293 9.140
v 30.997 66.198 9.140
v 6.147 38.892 6.069
v 6.397 39.005 6.069
v 6.285 39.255 6.069
v 6.035 39.143 6.069
v 6.035 39.143 2.392
v 6.285 39.255 2.392
v 6.397 39.005 2.392
v 6.147 38.892 2.392
v 6.147 38.892 2.392
v 6.397 39.005 2.392
v 6.397 39.005 6.069
v 6.147 38.892 6.069
v 6.397 39.005 2.392
v 6.285 39.255 2.392
v 6.285 39.255 6.069
v 6.397 39.005 6.069
v 6.285 39.255 2.392
v 6.035 39.143 2.392
v 6.035 39.143 6.069
v 6.285 39.255 6.069
v 6.035 39.143 2.392
v 6.147 38.892 2.392
v 6.147 38.892 6.069
v 6.035 39.143 6.069
v 8.935 40.294 4.777
v 6.958 41.960 4.777
v 6.216 39.074 10.043
v 6.958 41.960 4.777
v 4.422 41.453 4.777
v 6.216 39.074 10.043
v 4.422 41.453 4.777
v 3.237 39.155 4.777
v 6.216 39.074 10.043
v 3.237 39.155 4.777
v 4.295 36.795 4.777
v 6.216 39.074 10.043
v 4.295 36.795 4.777
v 6.800 36.151 4.777
v 6.216 39.074 10.043
v 6.800 36.151 4.777
v 8.865 37.708 4.777
v 6.216 39.074 10.043
v 8.865 37.708 4.777
v 8.935 40.294 4.777
v 6.216 39.074 10.043
v 8.865 37.708 4.777
v 6.800 36.151 4.777
v 4.295 36.795 4.777
v 3.237 39.155 4.777
v 4.422 41.453 4.777
v 6.958 41.960 4.777
v 8.935 40.294 4.777
v 8.120 39.928 7.062
v 6.735 41.094 7.062
v 6.216 39.074 12.526
v 6.735 41.094 7.062
v 4.960 40.740 7.062
v 6.216 39.074 12.526
v 4.960 40.740 7.062
v 4.131 39.130 7.062
v 6.216 39.074 12.526
v 4.131 39.130 7.062
v 4.871 37.478 7.062
v 6.216 39.074 12.526
v 4.871 37.478 7.062
v 6.625 37.028 7.062
v 6.216 39.074 12.526
v 6.625 37.028 7.062
v 8.070 38.118 7.062
v 6.216 39.074 12.526
v 8.070 38.118 7.062
v 8.120 39.928 7.062
v 6.216 39.074 12.526
v 8.070 38.118 7.062
v 6.625 37.028 7.062
v 4.871 37.478 7.062
v 4.131 39.130 7.062
v 4.960 40.740 7.062
v 6.735 41.094 7.062
v 8.120 39.928 7.062
v 37.093 70.596 9.365
v 37.343 70.708 9.365
v 37.231 70.958 9.365
v 36.981 70.846 9.365
v 36.981 70.846 5.599
v 37.231 70.958 5.599
v 37.343 70.708 5.599
v 37.093 70.596 5.599
v 37.093 70.596 5.599
v 37.343 70.708 5.599
v 37.343 70.708 9.365
v 37.093 70.596 9.365
v 37.343 70.708 5.599
v 37.231 70.958 5.599
v 37.231 70.958 9.365
v 37.343 70.708 9.365
v 37.231 70.958 5.599
v 36.981 70.846 5.599
v 36.981 70.846 9.365
v 37.231 70.958 9.365
v 36.981 70.846 5.599
v 37.093 70.596 5.599
v 37.093 70.596 9.365
v 36.981 70.846 9.365
v 39.951 72.028 8.041
v 37.923 73.737 8.041
v 37.162 70.777 13.441
v 37.923 73.737 8.041
v 35.322 73.218 8.041
v 37.162 70.777 13.441
v 35.322 73.218 8.041
v 34.106 70.860 8.041
v 37.162 70.777 13.441
v 34.106 70.860 8.041
v 35.192 68.439 8.041
v 37.162 70.777 13.441
v 35.192 68.439 8.041
v 37.761 67.779 8.041
v 37.162 70.777 13.441
v 37.761 67.779 8.041
v 39.879 69.376 8.041
v 37.162 70.777 13.441
v 39.879 69.376 8.041
v 39.951 72.028 8.041
v 37.162 70.777 13.441
v 39.879 69.376 8.041
v 37.761 67.779 8.041
v 35.192 68.439 8.041
v 34.106 70.860 8.041
v 35.322 73.218 8.041
v 37.923 73.737 8.041
v 39.951 72.028 8.041
v 39.114 71.653 10.384
v 37.695 72.849 10.384
v 37.162 70.777 15.989
v 37.695 72.849 10.384
v 35.874 72.485 10.384
v 37.162 70.777 15.989
v 35.874 72.485 10.384
v 35.023 70.835 10.384
v 37.162 70.777 15.989
v 35.023 70.835 10.384
v 35.783 69.141 10.384
v 37.162 70.777 15.989
v 35.783 69.141 10.384
v 37.582 68.679 10.384
v 37.162 70.777 15.989
v 37.582 68.679 10.384
v 39.064 69.796 10.384
v 37.162 70.777 15.989
v 39.064 69.796 10.384
v 39.114 71.653 10.384
v 37.162 70.777 15.989
v 39.064 69.796 10.384
v 37.582 68.679 10.384
v 35.783 69.141 10.384
v 35.023 70.835 10.384
v 35.874 72.485 10.384
v 37.695 72.849 10.384
v 39.114 71.653 10.384
v -10.440 -9.982 9.352
v -10.189 -9.870 9.352
v -10.302 -9.619 9.352
v -10.552 -9.732 9.352
v -10.552 -9.732 5.538
v -10.302 -9.619 5.538
v -10.189 -9.870 5.538
v -10.440 -9.982 5.538
v -10.440 -9.982 5.538
v -10.189 -9.870 5.538
v -10.189 -9.870 9.352
v -10.440 -9.982 9.352
v -10.189 -9.870 5.538
v -10.302 -9.619 5.538
v -10.302 -9.619 9.352
v -10.189 -9.870 9.352
v -10.302 -9.619 5.538
v -10.552 -9.732 5.538
v -10.552 -9.732 9.352
v -10.302 -9.619 9.352
v -10.552 -9.732 5.538
v -10.440 -9.982 5.538
v -10.440 -9.982 9.352
v -10.552 -9.732 9.352
v -7.544 -8.533 8.009
v -9.600 -6.800 8.009
v -10.371 -9.801 13.482
v -9.600 -6.800 8.009
v -12.236 -7.327 8.009
v -10.371 -9.801 13.482
v -12.236 -7.327 8.009
v -13.467 -9.716 8.009
v -10.371 -9.801 13.482
v -13.467 -9.716 8.009
v -12.367 -12.169 8.009
v -10.371 -9.801 13.482
v -12.367 -12.169 8.009
v -9.763 -12.838 8.009
v -10.371 -9.801 13.482
v -9.763 -12.838 8.009
v -7.617 -11.220 8.009
v -10.371 -9.801 13.482
v -7.617 -11.220 8.009
v -7.544 -8.533 8.009
v -10.371 -9.801 13.482
v -7.617 -11.220 8.009
v -9.763 -12.838 8.009
v -12.367 -12.169 8.009
v -13.467 -9.716 8.009
v -12.236 -7.327 8.009
v -9.600 -6.800 8.009
v -7.544 -8.533 8.009
v -8.392 -8.913 10.384
v -9.831 -7.700 10.384
v -10.371 -9.801 16.064
v -9.831 -7.700 10.384
v -11.676 -8.069 10.384
v -10.371 -9.801 16.064
v -11.676 -8.069 10.384
v -12.538 -9.742 10.384
v -10.371 -9.801 16.064
v -12.538 -9.742 10.384
v -11.768 -11.459 10.384
v -10.371 -9.801 16.064
v -11.768 -11.459 10.384
v -9.946 -11.927 10.384
v -10.371 -9.801 16.064
v -9.946 -11.927 10.384
v -8.443 -10.794 10.384
v -10.371 -9.801 16.064
v -8.443 -10.794 10.384
v -8.392 -8.913 10.384
v -10.371 -9.801 16.064
v -8.443 -10.794 10.384
v -9.946 -11.927 10.384
v -11.768 -11.459 10.384
v -12.538 -9.742 10.384
v -11.676 -8.069 10.384
v -9.831 -7.700 10.384
v -8.392 -8.913 10.384
v -11.657 -33.394 11.476
v -11.407 -33.282 11.476
v -11.519 -33.031 11.476
v -11.769 -33.144 11.476
v -11.769 -33.144 8.905
v -11.519 -33.031 8.905
v -11.407 -33.282 8.905
v -11.657 -33.394 8.905
v -11.657 -33.394 8.905
v -11.407 -33.282 8.905
v -11.407 -33.282 11.476
v -11.657 -33.394 11.476
v -11.407 -33.282 8.905
v -11.519 -33.031 8.905
v -11.519 -33.031 11.476
v -11.407 -33.282 11.476
v -11.519 -33.031 8.905
v -11.769 -33.144 8.905
v -11.769 -33.144 11.476
v -11.519 -33.031 11.476
v -11.769 -33.144 8.905
v -11.657 -33.394 8.905
v -11.657 -33.394 11.476
v -11.769 -33.144 11.476
v -9.733 -32.381 10.595
v -11.082 -31.244 10.595
v -11.588 -33.213 14.187
v -11.082 -31.244 10.595
v -12.812 -31.589 10.595
v -11.588 -33.213 14.187
v -12.812 -31.589 10.595
v -13.620 -33.157 10.595
v -11.588 -33.213 14.187
v -13.620 -33.157 10.595
v -12.898 -34.767 10.595
v -11.588 -33.213 14.187
v -12.898 -34.767 10.595
v -11.189 -35.206 10.595
v -11.588 -33.213 14.187
v -11.189 -35.206 10.595
v -9.781 -34.144 10.595
v -11.588 -33.213 14.187
v -9.781 -34.144 10.595
v -9.733 -32.381 10.595
v -11.588 -33.213 14.187
v -9.781 -34.144 10.595
v -11.189 -35.206 10.595
v -12.898 -34.767 10.595
v -13.620 -33.157 10.595
v -12.812 -31.589 10.595
v -11.082 -31.244 10.595
v -9.733 -32.381 10.595
v -10.289 -32.630 12.154
v -11.234 -31.834 12.154
v -11.588 -33.213 15.881
v -11.234 -31.834 12.154
v -12.445 -32.076 12.154
v -11.588 -33.213 15.881
v -12.445 -32.076 12.154
v -13.011 -33.174 12.154
v -11.588 -33.213 15.881
v -13.011 -33.174 12.154
v -12.505 -34.301 12.154
v -11.588 -33.213 15.881
v -12.505 -34.301 12.154
v -11.309 -34.608 12.154
v -11.588 -33.213 15.881
v -11.309 -34.608 12.154
v -10.323 -33.865 12.154
v -11.588 -33.213 15.881
v -10.323 -33.865 12.154
v -10.289 -32.630 12.154
v -11.588 -33.213 15.881
v -10.323 -33.865 12.154
v -11.309 -34.608 12.154
v -12.505 -34.301 12.154
v -13.011 -33.174 12.154
v -12.445 -32.076 12.154
v -11.234 -31.834 12.154
v -10.289 -32.630 12.154
v 3.608 9.751 7.733
v 3.859 9.863 7.733
v 3.746 10.113 7.733
v 3.496 10.001 7.733
v 3.496 10.001 5.163
v 3.746 10.113 5.163
v 3.859 9.863 5.163
v 3.608 9.751 5.163
v 3.608 9.751 5.163
v 3.859 9.863 5.163
v 3.859 9.863 7.733
v 3.608 9.751 7.733
v 3.859 9.863 5.163
v 3.746 10.113 5.163
v 3.746 10.113 7.733
v 3.859 9.863 7.733
v 3.746 10.113 5.163
v 3.496 10.001 5.163
v 3.496 10.001 7.733
v 3.746 10.113 7.733
v 3.496 10.001 5.163
v 3.608 9.751 5.163
v 3.608 9.751 7.733
v 3.496 10.001 7.733
v 5.531 10.764 6.853
v 4.183 11.900 6.853
v 3.677 9.932 10.442
v 4.183 11.900 6.853
v 2.454 11.554 6.853
v 3.677 9.932 10.442
v 2.454 11.554 6.853
v 1.647 9.987 6.853
v 3.677 9.932 10.442
v 1.647 9.987 6.853
v 2.368 8.379 6.853
v 3.677 9.932 10.442
v 2.368 8.379 6.853
v 4.076 7.940 6.853
v 3.677 9.932 10.442
v 4.076 7.940 6.853
v 5.483 9.001 6.853
v 3.677 9.932 10.442
v 5.483 9.001 6.853
v 5.531 10.764 6.853
v 3.677 9.932 10.442
v 5.483 9.001 6.853
v 4.076 7.940 6.853
v 2.368 8.379 6.853
v 1.647 9.987 6.853
v 2.454 11.554 6.853
v 4.183 11.900 6.853
v 5.531 10.764 6.853
v 4.975 10.514 8.411
v 4.031 11.309 8.411
v 3.677 9.932 12.135
v 4.031 11.309 8.411
v 2.821 11.068 8.411
v 3.677 9.932 12.135
v 2.821 11.068 8.411
v 2.256 9.971 8.411
v 3.677 9.932 12.135
v 2.256 9.971 8.411
v 2.761 8.845 8.411
v 3.677 9.932 12.135
v 2.761 8.845 8.411
v 3.956 8.538 8.411
v 3.677 9.932 12.135
v 3.956 8.538 8.411
v 4.941 9.281 8.411
v 3.677 9.932 12.135
v 4.941 9.281 8.411
v 4.975 10.514 8.411
v 3.677 9.932 12.135
v 4.941 9.281 8.411
v 3.956 8.538 8.411
v 2.761 8.845 8.411
v 2.256 9.971 8.411
v 2.821 11.068 8.411
v 4.031 11.309 8.411
v 4.975 10.514 8.411
v -13.146 -25.824 11.091
v -12.896 -25.712 11.091
v -13.008 -25.461 11.091
v -13.258 -25.574 11.091
v -13.258 -25.574 7.888
v -13.008 -25.461 7.888
v -12.896 -25.712 7.888
v -13.146 -25.824 7.888
v -13.146 -25.824 7.888
v -12.896 -25.712 7.888
v -12.896 -25.712 11.091
v -13.146 -25.824 11.091
v -12.896 -25.712 7.888
v -13.008 -25.461 7.888
v -13.008 -25.461 11.091
v -12.896 -25.712 11.091
v -13.008 -25.461 7.888
v -13.258 -25.574 7.888
v -13.258 -25.574 11.091
v -13.008 -25.461 11.091
v -13.258 -25.574 7.888
v -13.146 -25.824 7.888
v -13.146 -25.824 11.091
v -13.258 -25.574 11.091
v -10.729 -24.589 9.975
v -12.436 -23.150 9.975
v -13.077 -25.643 14.522
v -12.436 -23.150 9.975
v -14.626 -23.588 9.975
v -13.077 -25.643 14.522
v -14.626 -23.588 9.975
v -15.650 -25.573 9.975
v -13.077 -25.643 14.522
v -15.650 -25.573 9.975
v -14.736 -27.611 9.975
v -13.077 -25.643 14.522
v -14.736 -27.611 9.975
v -12.572 -28.167 9.975
v -13.077 -25.643 14.522
v -12.572 -28.167 9.975
v -10.789 -26.822 9.975
v -13.077 -25.643 14.522
v -10.789 -26.822 9.975
v -10.729 -24.589 9.975
v -13.077 -25.643 14.522
v -10.789 -26.822 9.975
v -12.572 -28.167 9.975
v -14.736 -27.611 9.975
v -15.650 -25.573 9.975
v -14.626 -23.588 9.975
v -12.436 -23.150 9.975
v -10.729 -24.589 9.975
v -11.433 -24.905 11.949
v -12.628 -23.898 11.949
v -13.077 -25.643 16.667
v -12.628 -23.898 11.949
v -14.162 -24.204 11.949
v -13.077 -25.643 16.667
v -14.162 -24.204 11.949
v -14.878 -25.594 11.949
v -13.077 -25.643 16.667
v -14.878 -25.594 11.949
v -14.238 -27.020 11.949
v -13.077 -25.643 16.667
v -14.238 -27.020 11.949
v -12.724 -27.409 11.949
v -13.077 -25.643 16.667
v -12.724 -27.409 11.949
v -11.475 -26.468 11.949
v -13.077 -25.643 16.667
v -11.475 -26.468 11.949
v -11.433 -24.905 11.949
v -13.077 -25.643 16.667
v -11.475 -26.468 11.949
v -12.724 -27.409 11.949
v -14.238 -27.020 11.949
v -14.878 -25.594 11.949
v -14.162 -24.204 11.949
v -12.628 -23.898 11.949
v -11.433 -24.905 11.949
v -28.383 -79.414 9.320
v -28.132 -79.301 9.320
v -28.245 -79.051 9.320
v -28.495 -79.163 9.320
v -28.495 -79.163 5.764
v -28.245 -79.051 5.764
v -28.132 -79.301 5.764
v -28.383 -79.414 5.764
v -28.383 -79.414 5.764
v -28.132 -79.301 5.764
v -28.132 -79.301 9.320
v -28.383 -79.414 9.320
v -28.132 -79.301 5.764
v -28.245 -79.051 5.764
v -28.245 -79.051 9.320
v -28.132 -79.301 9.320
v -28.245 -79.051 5.764
v -28.495 -79.163 5.764
v -28.495 -79.163 9.320
v -28.245 -79.051 9.320
v -28.495 -79.163 5.764
v -28.383 -79.414 5.764
v -28.383 -79.414 9.320
v -28.495 -79.163 9.320
v -25.689 -78.055 8.073
v -27.598 -76.446 8.073
v -28.314 -79.232 13.156
v -27.598 -76.446 8.073
v -30.046 -76.935 8.073
v -28.314 -79.232 13.156
v -30.046 -76.935 8.073
v -31.189 -79.154 8.073
v -28.314 -79.232 13.156
v -31.189 -79.154 8.073
v -30.168 -81.432 8.073
v -28.314 -79.232 13.156
v -30.168 -81.432 8.073
v -27.750 -82.053 8.073
v -28.314 -79.232 13.156
v -27.750 -82.053 8.073
v -25.757 -80.550 8.073
v -28.314 -79.232 13.156
v -25.757 -80.550 8.073
v -25.689 -78.055 8.073
v -28.314 -79.232 13.156
v -25.757 -80.550 8.073
v -27.750 -82.053 8.073
v -30.168 -81.432 8.073
v -31.189 -79.154 8.073
v -30.046 -76.935 8.073
v -27.598 -76.446 8.073
v -25.689 -78.055 8.073
v -26.476 -78.408 10.279
v -27.813 -77.282 10.279
v -28.314 -79.232 15.553
v -27.813 -77.282 10.279
v -29.526 -77.624 10.279
v -28.314 -79.232 15.553
v -29.526 -77.624 10.279
v -30.327 -79.178 10.279
v -28.314 -79.232 15.553
v -30.327 -79.178 10.279
v -29.611 -80.772 10.279
v -28.314 -79.232 15.553
v -29.611 -80.772 10.279
v -27.919 -81.207 10.279
v -28.314 -79.232 15.553
v -27.919 -81.207 10.279
v -26.524 -80.155 10.279
v -28.314 -79.232 15.553
v -26.524 -80.155 10.279
v -26.476 -78.408 10.279
v -28.314 -79.232 15.553
v -26.524 -80.155 10.279
v -27.919 -81.207 10.279
v -29.611 -80.772 10.279
v -30.327 -79.178 10.279
v -29.526 -77.624 10.279
v -27.813 -77.282 10.279
v -26.476 -78.408 10.279
v -35.587 2.599 3.858
v -35.337 2.711 3.858
v -35.449 2.962 3.858
v -35.700 2.849 3.858
v -35.700 2.849 0.314
v -35.449 2.962 0.314
v -35.337 2.711 0.314
v -35.587 2.599 0.314
v -35.587 2.599 0.314
v -35.337 2.711 0.314
v -35.337 2.711 3.858
v -35.587 2.599 3.858
v -35.337 2.711 0.314
v -35.449 2.962 0.314
v -35.449 2.962 3.858
v -35.337 2.711 3.858
v -35.449 2.962 0.314
v -35.700 2.849 0.314
v -35.700 2.849 3.858
v -35.449 2.962 3.858
v -35.700 2.849 0.314
v -35.587 2.599 0.314
v -35.587 2.599 3.858
v -35.700 2.849 3.858
v -32.903 3.954 2.616
v -34.805 5.557 2.616
v -35.518 2.780 7.680
v -34.805 5.557 2.616
v -37.244 5.069 2.616
v -35.518 2.780 7.680
v -37.244 5.069 2.616
v -38.384 2.858 2.616
v -35.518 2.780 7.680
v -38.384 2.858 2.616
v -37.366 0.589 2.616
v -35.518 2.780 7.680
v -37.366 0.589 2.616
v -34.956 -0.030 2.616
v -35.518 2.780 7.680
v -34.956 -0.030 2.616
v -32.970 1.467 2.616
v -35.518 2.780 7.680
v -32.970 1.467 2.616
v -32.903 3.954 2.616
v -35.518 2.780 7.680
v -32.970 1.467 2.616
v -34.956 -0.030 2.616
v -37.366 0.589 2.616
v -38.384 2.858 2.616
v -37.244 5.069 2.616
v -34.805 5.557 2.616
v -32.903 3.954 2.616
v -33.687 3.602 4.813
v -35.019 4.724 4.813
v -35.518 2.780 10.068
v -35.019 4.724 4.813
v -36.726 4.383 4.813
v -35.518 2.780 10.068
v -36.726 4.383 4.813
v -37.524 2.835 4.813
v -35.518 2.780 10.068
v -37.524 2.835 4.813
v -36.811 1.246 4.813
v -35.518 2.780 10.068
v -36.811 1.246 4.813
v -35.125 0.813 4.813
v -35.518 2.780 10.068
v -35.125 0.813 4.813
v -33.735 1.861 4.813
v -35.518 2.780 10.068
v -33.735 1.861 4.813
v -33.687 3.602 4.813
v -35.518 2.780 10.068
v -33.735 1.861 4.813
v -35.125 0.813 4.813
v -36.811 1.246 4.813
v -37.524 2.835 4.813
v -36.726 4.383 4.813
v -35.019 4.724 4.813
v -33.687 3.602 4.813
v -32.632 -2.389 4.312
v -32.382 -2.276 4.312
v -32.494 -2.026 4.312
v -32.745 -2.138 4.312
v -32.745 -2.138 1.224
v -32.494 -2.026 1.224
v -32.382 -2.276 1.224
v -32.632 -2.389 1.224
v -32.632 -2.389 1.224
v -32.382 -2.276 1.224
v -32.382 -2.276 4.312
v -32.632 -2.389 4.312
v -32.382 -2.276 1.224
v -32.494 -2.026 1.224
v -32.494 -2.026 4.312
v -32.382 -2.276 4.312
v -32.494 -2.026 1.224
v -32.745 -2.138 1.224
v -32.745 -2.138 4.312
v -32.494 -2.026 4.312
v -32.745 -2.138 1.224
v -32.632 -2.389 1.224
v -32.632 -2.389 4.312
v -32.745 -2.138 4.312
v -30.305 -1.194 3.239
v -31.947 0.190 3.239
v -32.563 -2.207 7.612
v -31.947 0.190 3.239
v -34.053 -0.231 3.239
v -32.563 -2.207 7.612
v -34.053 -0.231 3.239
v -35.037 -2.140 3.239
v -32.563 -2.207 7.612
v -35.037 -2.140 3.239
v -34.158 -4.100 3.239
v -32.563 -2.207 7.612
v -34.158 -4.100 3.239
v -32.078 -4.634 3.239
v -32.563 -2.207 7.612
v -32.078 -4.634 3.239
v -30.363 -3.341 3.239
v -32.563 -2.207 7.612
v -30.363 -3.341 3.239
v -30.305 -1.194 3.239
v -32.563 -2.207 7.612
v -30.363 -3.341 3.239
v -32.078 -4.634 3.239
v -34.158 -4.100 3.239
v -35.037 -2.140 3.239
v -34.053 -0.231 3.239
v -31.947 0.190 3.239
v -30.305 -1.194 3.239
v -30.983 -1.498 5.137
v -32.132 -0.529 5.137
v -32.563 -2.207 9.674
v -32.132 -0.529 5.137
v -33.606 -0.824 5.137
v -32.563 -2.207 9.674
v -33.606 -0.824 5.137
v -34.295 -2.160 5.137
v -32.563 -2.207 9.674
v -34.295 -2.160 5.137
v -33.680 -3.532 5.137
v -32.563 -2.207 9.674
v -33.680 -3.532 5.137
v -32.224 -3.906 5.137
v -32.563 -2.207 9.674
v -32.224 -3.906 5.137
v -31.023 -3.001 5.137
v -32.563 -2.207 9.674
v -31.023 -3.001 5.137
v -30.983 -1.498 5.137
v -32.563 -2.207 9.674
v -31.023 -3.001 5.137
v -32.224 -3.906 5.137
v -33.680 -3.532 5.137
v -34.295 -2.160 5.137
v -33.606 -0.824 5.137
v -32.132 -0.529 5.137
v -30.983 -1.498 5.137
v 22.896 65.770 7.236
v 23.146 65.883 7.236
v 23.034 66.133 7.236
v 22.783 66.021 7.236
v 22.783 66.021 3.584
v 23.034 66.133 3.584
v 23.146 65.883 3.584
v 22.896 65.770 3.584
v 22.896 65.770 3.584
v 23.146 65.883 3.584
v 23.146 65.883 7.236
v 22.896 65.770 7.236
v 23.146 65.883 3.584
v 23.034 66.133 3.584
v 23.034 66.133 7.236
v 23.146 65.883 7.236
v 23.034 66.133 3.584
v 22.783 66.021 3.584
v 22.783 66.021 7.236
v 23.034 66.133 7.236
v 22.783 66.021 3.584
v 22.896 65.770 3.584
v 22.896 65.770 7.236
v 22.783 66.021 7.236
v 25.664 67.162 5.954
v 23.701 68.817 5.954
v 22.965 65.952 11.180
v 23.701 68.817 5.954
v 21.183 68.314 5.954
v 22.965 65.952 11.180
v 21.183 68.314 5.954
v 20.007 66.032 5.954
v 22.965 65.952 11.180
v 20.007 66.032 5.954
v 21.058 63.689 5.954
v 22.965 65.952 11.180
v 21.058 63.689 5.954
v 23.544 63.051 5.954
v 22.965 65.952 11.180
v 23.544 63.051 5.954
v 25.594 64.596 5.954
v 22.965 65.952 11.180
v 25.594 64.596 5.954
v 25.664 67.162 5.954
v 22.965 65.952 11.180
v 25.594 64.596 5.954
v 23.544 63.051 5.954
v 21.058 63.689 5.954
v 20.007 66.032 5.954
v 21.183 68.314 5.954
v 23.701 68.817 5.954
v 25.664 67.162 5.954
v 24.854 66.799 8.222
v 23.480 67.957 8.222
v 22.965 65.952 13.646
v 23.480 67.957 8.222
v 21.718 67.605 8.222
v 22.965 65.952 13.646
v 21.718 67.605 8.222
v 20.894 66.008 8.222
v 22.965 65.952 13.646
v 20.894 66.008 8.222
v 21.630 64.368 8.222
v 22.965 65.952 13.646
v 21.630 64.368 8.222
v 23.370 63.921 8.222
v 22.965 65.952 13.646
v 23.370 63.921 8.222
v 24.805 65.003 8.222
v 22.965 65.952 13.646
v 24.805 65.003 8.222
v 24.854 66.799 8.222
v 22.965 65.952 13.646
v 24.805 65.003 8.222
v 23.370 63.921 8.222
v 21.630 64.368 8.222
v 20.894 66.008 8.222
v 21.718 67.605 8.222
v 23.480 67.957 8.222
v 24.854 66.799 8.222
v 16.973 -20.365 16.846
v 17.223 -20.253 16.846
v 17.111 -20.003 16.846
v 16.861 -20.115 16.846
v 16.861 -20.115 13.956
v 17.111 -20.003 13.956
v 17.223 -20.253 13.956
v 16.973 -20.365 13.956
v 16.973 -20.365 13.956
v 17.223 -20.253 13.956
v 17.223 -20.253 16.846
v 16.973 -20.365 16.846
v 17.223 -20.253 13.956
v 17.111 -20.003 13.956
v 17.111 -20.003 16.846
v 17.223 -20.253 16.846
v 17.111 -20.003 13.956
v 16.861 -20.115 13.956
v 16.861 -20.115 16.846
v 17.111 -20.003 16.846
v 16.861 -20.115 13.956
v 16.973 -20.365 13.956
v 16.973 -20.365 16.846
v 16.861 -20.115 16.846
v 19.145 -19.240 15.847
v 17.616 -17.951 15.847
v 17.042 -20.184 19.920
v 17.616 -17.951 15.847
v 15.654 -18.343 15.847
v 17.042 -20.184 19.920
v 15.654 -18.343 15.847
v 14.737 -20.121 15.847
v 17.042 -20.184 19.920
v 14.737 -20.121 15.847
v 15.556 -21.947 15.847
v 17.042 -20.184 19.920
v 15.556 -21.947 15.847
v 17.494 -22.445 15.847
v 17.042 -20.184 19.920
v 17.494 -22.445 15.847
v 19.091 -21.240 15.847
v 17.042 -20.184 19.920
v 19.091 -21.240 15.847
v 19.145 -19.240 15.847
v 17.042 -20.184 19.920
v 19.091 -21.240 15.847
v 17.494 -22.445 15.847
v 15.556 -21.947 15.847
v 14.737 -20.121 15.847
v 15.654 -18.343 15.847
v 17.616 -17.951 15.847
v 19.145 -19.240 15.847
v 18.514 -19.523 17.615
v 17.444 -18.621 17.615
v 17.042 -20.184 21.841
v 17.444 -18.621 17.615
v 16.070 -18.895 17.615
v 17.042 -20.184 21.841
v 16.070 -18.895 17.615
v 15.429 -20.140 17.615
v 17.042 -20.184 21.841
v 15.429 -20.140 17.615
v 16.002 -21.418 17.615
v 17.042 -20.184 21.841
v 16.002 -21.418 17.615
v 17.358 -21.766 17.615
v 17.042 -20.184 21.841
v 17.358 -21.766 17.615
v 18.476 -20.923 17.615
v 17.042 -20.184 21.841
v 18.476 -20.923 17.615
v 18.514 -19.523 17.615
v 17.042 -20.184 21.841
v 18.476 -20.923 17.615
v 17.358 -21.766 17.615
v 16.002 -21.418 17.615
v 15.429 -20.140 17.615
v 16.070 -18.895 17.615
v 17.444 -18.621 17.615
v 18.514 -19.523 17.615
v -34.959 -43.476 7.283
v -34.709 -43.364 7.283
v -34.821 -43.114 7.283
v -35.071 -43.226 7.283
v -35.071 -43.226 4.431
v -34.821 -43.114 4.431
v -34.709 -43.364 4.431
v -34.959 -43.476 4.431
v -34.959 -43.476 4.431
v -34.709 -43.364 4.431
v -34.709 -43.364 7.283
v -34.959 -43.476 7.283
v -34.709 -43.364 4.431
v -34.821 -43.114 4.431
v -34.821 -43.114 7.283
v -34.709 -43.364 7.283
v -34.821 -43.114 4.431
v -35.071 -43.226 4.431
v -35.071 -43.226 7.283
v -34.821 -43.114 7.283
v -35.071 -43.226 4.431
v -34.959 -43.476 4.431
v -34.959 -43.476 7.283
v -35.071 -43.226 7.283
v -32.816 -42.365 6.298
v -34.324 -41.093 6.298
v -34.890 -43.295 10.314
v -34.324 -41.093 6.298
v -36.259 -41.480 6.298
v -34.890 -43.295 10.314
v -36.259 -41.480 6.298
v -37.162 -43.233 6.298
v -34.890 -43.295 10.314
v -37.162 -43.233 6.298
v -36.355 -45.033 6.298
v -34.890 -43.295 10.314
v -36.355 -45.033 6.298
v -34.444 -45.524 6.298
v -34.890 -43.295 10.314
v -34.444 -45.524 6.298
v -32.869 -44.337 6.298
v -34.890 -43.295 10.314
v -32.869 -44.337 6.298
v -32.816 -42.365 6.298
v -34.890 -43.295 10.314
v -32.869 -44.337 6.298
v -34.444 -45.524 6.298
v -36.355 -45.033 6.298
v -37.162 -43.233 6.298
v -36.259 -41.480 6.298
v -34.324 -41.093 6.298
v -32.816 -42.365 6.298
v -33.438 -42.644 8.041
v -34.494 -41.754 8.041
v -34.890 -43.295 12.209
v -34.494 -41.754 8.041
v -35.848 -42.025 8.041
v -34.890 -43.295 12.209
v -35.848 -42.025 8.041
v -36.481 -43.252 8.041
v -34.890 -43.295 12.209
v -36.481 -43.252 8.041
v -35.915 -44.512 8.041
v -34.890 -43.295 12.209
v -35.915 -44.512 8.041
v -34.578 -44.856 8.041
v -34.890 -43.295 12.209
v -34.578 -44.856 8.041
v -33.475 -44.024 8.041
v -34.890 -43.295 12.209
v -33.475 -44.024 8.041
v -33.438 -42.644 8.041
v -34.890 -43.295 12.209
v -33.475 -44.024 8.041
v -34.578 -44.856 8.041
v -35.915 -44.512 8.041
v -36.481 -43.252 8.041
v -35.848 -42.025 8.041
v -34.494 -41.754 8.041
v -33.438 -42.644 8.041
v -9.043 20.272 4.776
v -8.793 20.385 4.776
v -8.905 20.635 4.776
v -9.155 20.523 4.776
v -9.155 20.523 1.785
v -8.905 20.635 1.785
v -8.793 20.385 1.785
v -9.043 20.272 1.785
v -9.043 20.272 1.785
v -8.793 20.385 1.785
v -8.793 20.385 4.776
v -9.043 20.272 4.776
v -8.793 20.385 1.785
v -8.905 20.635 1.785
v -8.905 20.635 4.776
v -8.793 20.385 4.776
v -8.905 20.635 1.785
v -9.155 20.523 1.785
v -9.155 20.523 4.776
v -8.905 20.635 4.776
v -9.155 20.523 1.785
v -9.043 20.272 1.785
v -9.043 20.272 4.776
v -9.155 20.523 4.776
v -6.791 21.433 3.740
v -8.379 22.771 3.740
v -8.974 20.454 7.966
v -8.379 22.771 3.740
v -10.414 22.364 3.740
v -8.974 20.454 7.966
v -10.414 22.364 3.740
v -11.366 20.518 3.740
v -8.974 20.454 7.966
v -11.366 20.518 3.740
v -10.516 18.624 3.740
v -8.974 20.454 7.966
v -10.516 18.624 3.740
v -8.505 18.107 3.740
v -8.974 20.454 7.966
v -8.505 18.107 3.740
v -6.847 19.357 3.740
v -8.974 20.454 7.966
v -6.847 19.357 3.740
v -6.791 21.433 3.740
v -8.974 20.454 7.966
v -6.847 19.357 3.740
v -8.505 18.107 3.740
v -10.516 18.624 3.740
v -11.366 20.518 3.740
v -10.414 22.364 3.740
v -8.379 22.771 3.740
v -6.791 21.433 3.740
v -7.446 21.139 5.574
v -8.557 22.076 5.574
v -8.974 20.454 9.960
v -8.557 22.076 5.574
v -9.982 21.791 5.574
v -8.974 20.454 9.960
v -9.982 21.791 5.574
v -10.648 20.499 5.574
v -8.974 20.454 9.960
v -10.648 20.499 5.574
v -10.053 19.173 5.574
v -8.974 20.454 9.960
v -10.053 19.173 5.574
v -8.646 18.811 5.574
v -8.974 20.454 9.960
v -8.646 18.811 5.574
v -7.485 19.686 5.574
v -8.974 20.454 9.960
v -7.485 19.686 5.574
v -7.446 21.139 5.574
v -8.974 20.454 9.960
v -7.485 19.686 5.574
v -8.646 18.811 5.574
v -10.053 19.173 5.574
v -10.648 20.499 5.574
v -9.982 21.791 5.574
v -8.557 22.076 5.574
v -7.446 21.139 5.574
v -52.818 -40.056 4.231
v -52.568 -39.943 4.231
v -52.680 -39.693 4.231
v -52.930 -39.805 4.231
v -52.930 -39.805 1.664
v -52.680 -39.693 1.664
v -52.568 -39.943 1.664
v -52.818 -40.056 1.664
v -52.818 -40.056 1.664
v -52.568 -39.943 1.664
v -52.568 -39.943 4.231
v -52.818 -40.056 4.231
v -52.568 -39.943 1.664
v -52.680 -39.693 1.664
v -52.680 -39.693 4.231
v -52.568 -39.943 4.231
v -52.680 -39.693 1.664
v -52.930 -39.805 1.664
v -52.930 -39.805 4.231
v -52.680 -39.693 4.231
v -52.930 -39.805 1.664
v -52.818 -40.056 1.664
v -52.818 -40.056 4.231
v -52.930 -39.805 4.231
v -50.898 -39.044 3.352
v -52.244 -37.910 3.352
v -52.749 -39.874 6.936
v -52.244 -37.910 3.352
v -53.970 -38.255 3.352
v -52.749 -39.874 6.936
v -53.970 -38.255 3.352
v -54.777 -39.819 3.352
v -52.749 -39.874 6.936
v -54.777 -39.819 3.352
v -54.056 -41.425 3.352
v -52.749 -39.874 6.936
v -54.056 -41.425 3.352
v -52.351 -41.864 3.352
v -52.749 -39.874 6.936
v -52.351 -41.864 3.352
v -50.946 -40.804 3.352
v -52.749 -39.874 6.936
v -50.946 -40.804 3.352
v -50.898 -39.044 3.352
v -52.749 -39.874 6.936
v -50.946 -40.804 3.352
v -52.351 -41.864 3.352
v -54.056 -41.425 3.352
v -54.777 -39.819 3.352
v -53.970 -38.255 3.352
v -52.244 -37.910 3.352
v -50.898 -39.044 3.352
v -51.453 -39.293 4.907
v -52.396 -38.499 4.907
v -52.749 -39.874 8.626
v -52.396 -38.499 4.907
v -53.604 -38.741 4.907
v -52.749 -39.874 8.626
v -53.604 -38.741 4.907
v -54.168 -39.836 4.907
v -52.749 -39.874 8.626
v -54.168 -39.836 4.907
v -53.664 -40.960 4.907
v -52.749 -39.874 8.626
v -53.664 -40.960 4.907
v -52.471 -41.267 4.907
v -52.749 -39.874 8.626
v -52.471 -41.267 4.907
v -51.487 -40.525 4.907
v -52.749 -39.874 8.626
v -51.487 -40.525 4.907
v -51.453 -39.293 4.907
v -52.749 -39.874 8.626
v -51.487 -40.525 4.907
v -52.471 -41.267 4.907
v -53.664 -40.960 4.907
v -54.168 -39.836 4.907
v -53.604 -38.741 4.907
v -52.396 -38.499 4.907
v -51.453 -39.293 4.907
v 24.601 21.616 10.802
v 24.851 21.728 10.802
v 24.739 21.978 10.802
v 24.489 21.866 10.802
v 24.489 21.866 8.013
v 24.739 21.978 8.013
v 24.851 21.728 8.013
v 24.601 21.616 8.013
v 24.601 21.616 8.013
v 24.851 21.728 8.013
v 24.851 21.728 10.802
v 24.601 21.616 10.802
v 24.851 21.728 8.013
v 24.739 21.978 8.013
v 24.739 21.978 10.802
v 24.851 21.728 10.802
v 24.739 21.978 8.013
v 24.489 21.866 8.013
v 24.489 21.866 10.802
v 24.739 21.978 10.802
v 24.489 21.866 8.013
v 24.601 21.616 8.013
v 24.601 21.616 10.802
v 24.489 21.866 10.802
v 26.695 22.705 9.840
v 25.223 23.947 9.840
v 24.670 21.797 13.762
v 25.223 23.947 9.840
v 23.334 23.569 9.840
v 24.670 21.797 13.762
v 23.334 23.569 9.840
v 22.451 21.857 9.840
v 24.670 21.797 13.762
v 22.451 21.857 9.840
v 23.240 20.100 9.840
v 24.670 21.797 13.762
v 23.240 20.100 9.840
v 25.105 19.621 9.840
v 24.670 21.797 13.762
v 25.105 19.621 9.840
v 26.643 20.780 9.840
v 24.670 21.797 13.762
v 26.643 20.780 9.840
v 26.695 22.705 9.840
v 24.670 21.797 13.762
v 26.643 20.780 9.840
v 25.105 19.621 9.840
v 23.240 20.100 9.840
v 22.451 21.857 9.840
v 23.334 23.569 9.840
v 25.223 23.947 9.840
v 26.695 22.705 9.840
v 26.088 22.433 11.542
v 25.057 23.302 11.542
v 24.670 21.797 15.611
v 25.057 23.302 11.542
v 23.735 23.038 11.542
v 24.670 21.797 15.611
v 23.735 23.038 11.542
v 23.117 21.839 11.542
v 24.670 21.797 15.611
v 23.117 21.839 11.542
v 23.669 20.609 11.542
v 24.670 21.797 15.611
v 23.669 20.609 11.542
v 24.975 20.273 11.542
v 24.670 21.797 15.611
v 24.975 20.273 11.542
v 26.051 21.085 11.542
v 24.670 21.797 15.611
v 26.051 21.085 11.542
v 26.088 22.433 11.542
v 24.670 21.797 15.611
v 26.051 21.085 11.542
v 24.975 20.273 11.542
v 23.669 20.609 11.542
v 23.117 21.839 11.542
v 23.735 23.038 11.542
v 25.057 23.302 11.542
v 26.088 22.433 11.542
v -29.032 -64.208 7.964
v -28.781 -64.095 7.964
v -28.894 -63.845 7.964
v -29.144 -63.957 7.964
v -29.144 -63.957 4.864
v -28.894 -63.845 4.864
v -28.781 -64.095 4.864
v -29.032 -64.208 4.864
v -29.032 -64.208 4.864
v -28.781 -64.095 4.864
v -28.781 -64.095 7.964
v -29.032 -64.208 7.964
v -28.781 -64.095 4.864
v -28.894 -63.845 4.864
v -28.894 -63.845 7.964
v -28.781 -64.095 7.964
v -28.894 -63.845 4.864
v -29.144 -63.957 4.864
v -29.144 -63.957 7.964
v -28.894 -63.845 7.964
v -29.144 -63.957 4.864
v -29.032 -64.208 4.864
v -29.032 -64.208 7.964
v -29.144 -63.957 7.964
v -26.695 -63.009 6.887
v -28.344 -61.619 6.887
v -28.963 -64.026 11.279
v -28.344 -61.619 6.887
v -30.459 -62.041 6.887
v -28.963 -64.026 11.279
v -30.459 -62.041 6.887
v -31.448 -63.959 6.887
v -28.963 -64.026 11.279
v -31.448 -63.959 6.887
v -30.565 -65.927 6.887
v -28.963 -64.026 11.279
v -30.565 -65.927 6.887
v -28.476 -66.464 6.887
v -28.963 -64.026 11.279
v -28.476 -66.464 6.887
v -26.753 -65.165 6.887
v -28.963 -64.026 11.279
v -26.753 -65.165 6.887
v -26.695 -63.009 6.887
v -28.963 -64.026 11.279
v -26.753 -65.165 6.887
v -28.476 -66.464 6.887
v -30.565 -65.927 6.887
v -31.448 -63.959 6.887
v -30.459 -62.041 6.887
v -28.344 -61.619 6.887
v -26.695 -63.009 6.887
v -27.375 -63.314 8.793
v -28.530 -62.341 8.793
v -28.963 -64.026 13.350
v -28.530 -62.341 8.793
v -30.010 -62.637 8.793
v -28.963 -64.026 13.350
v -30.010 -62.637 8.793
v -30.702 -63.979 8.793
v -28.963 -64.026 13.350
v -30.702 -63.979 8.793
v -30.084 -65.357 8.793
v -28.963 -64.026 13.350
v -30.084 -65.357 8.793
v -28.622 -65.733 8.793
v -28.963 -64.026 13.350
v -28.622 -65.733 8.793
v -27.416 -64.824 8.793
v -28.963 -64.026 13.350
v -27.416 -64.824 8.793
v -27.375 -63.314 8.793
v -28.963 -64.026 13.350
v -27.416 -64.824 8.793
v -28.622 -65.733 8.793
v -30.084 -65.357 8.793
v -30.702 -63.979 8.793
v -30.010 -62.637 8.793
v -28.530 -62.341 8.793
v -27.375 -63.314 8.793
v 8.645 -20.827 14.748
v 8.896 -20.714 14.748
v 8.783 -20.464 14.748
v 8.533 -20.576 14.748
v 8.533 -20.576 11.698
v 8.783 -20.464 11.698
v 8.896 -20.714 11.698
v 8.645 -20.827 11.698
v 8.645 -20.827 11.698
v 8.896 -20.714 11.698
v 8.896 -20.714 14.748
v 8.645 -20.827 14.748
v 8.896 -20.714 11.698
v 8.783 -20.464 11.698
v 8.783 -20.464 14.748
v 8.896 -20.714 14.748
v 8.783 -20.464 11.698
v 8.533 -20.576 11.698
v 8.533 -20.576 14.748
v 8.783 -20.464 14.748
v 8.533 -20.576 11.698
v 8.645 -20.827 11.698
v 8.645 -20.827 14.748
v 8.533 -20.576 14.748
v 10.943 -19.645 13.690
v 9.322 -18.279 13.690
v 8.714 -20.645 18.006
v 9.322 -18.279 13.690
v 7.244 -18.695 13.690
v 8.714 -20.645 18.006
v 7.244 -18.695 13.690
v 6.272 -20.579 13.690
v 8.714 -20.645 18.006
v 6.272 -20.579 13.690
v 7.140 -22.513 13.690
v 8.714 -20.645 18.006
v 7.140 -22.513 13.690
v 9.193 -23.041 13.690
v 8.714 -20.645 18.006
v 9.193 -23.041 13.690
v 10.886 -21.765 13.690
v 8.714 -20.645 18.006
v 10.886 -21.765 13.690
v 10.943 -19.645 13.690
v 8.714 -20.645 18.006
v 10.886 -21.765 13.690
v 9.193 -23.041 13.690
v 7.140 -22.513 13.690
v 6.272 -20.579 13.690
v 7.244 -18.695 13.690
v 9.322 -18.279 13.690
v 10.943 -19.645 13.690
v 10.275 -19.945 15.563
v 9.140 -18.989 15.563
v 8.714 -20.645 20.042
v 9.140 -18.989 15.563
v 7.685 -19.280 15.563
v 8.714 -20.645 20.042
v 7.685 -19.280 15.563
v 7.005 -20.599 15.563
v 8.714 -20.645 20.042
v 7.005 -20.599 15.563
v 7.612 -21.953 15.563
v 8.714 -20.645 20.042
v 7.612 -21.953 15.563
v 9.050 -22.322 15.563
v 8.714 -20.645 20.042
v 9.050 -22.322 15.563
v 10.234 -21.429 15.563
v 8.714 -20.645 20.042
v 10.234 -21.429 15.563
v 10.275 -19.945 15.563
v 8.714 -20.645 20.042
v 10.234 -21.429 15.563
v 9.050 -22.322 15.563
v 7.612 -21.953 15.563
v 7.005 -20.599 15.563
v 7.685 -19.280 15.563
v 9.140 -18.989 15.563
v 10.275 -19.945 15.563
v 41.801 64.981 10.692
v 42.052 65.093 10.692
v 41.939 65.343 10.692
v 41.689 65.231 10.692
v 41.689 65.231 7.080
v 41.939 65.343 7.080
v 42.052 65.093 7.080
v 41.801 64.981 7.080
v 41.801 64.981 7.080
v 42.052 65.093 7.080
v 42.052 65.093 10.692
v 41.801 64.981 10.692
v 42.052 65.093 7.080
v 41.939 65.343 7.080
v 41.939 65.343 10.692
v 42.052 65.093 10.692
v 41.939 65.343 7.080
v 41.689 65.231 7.080
v 41.689 65.231 10.692
v 41.939 65.343 10.692
v 41.689 65.231 7.080
v 41.801 64.981 7.080
v 41.801 64.981 10.692
v 41.689 65.231 10.692
v 44.539 66.359 9.425
v 42.598 67.995 9.425
v 41.870 65.162 14.592
v 42.598 67.995 9.425
v 40.109 67.497 9.425
v 41.870 65.162 14.592
v 40.109 67.497 9.425
v 38.947 65.241 9.425
v 41.870 65.162 14.592
v 38.947 65.241 9.425
v 39.985 62.925 9.425
v 41.870 65.162 14.592
v 39.985 62.925 9.425
v 42.444 62.294 9.425
v 41.870 65.162 14.592
v 42.444 62.294 9.425
v 44.470 63.822 9.425
v 41.870 65.162 14.592
v 44.470 63.822 9.425
v 44.539 66.359 9.425
v 41.870 65.162 14.592
v 44.470 63.822 9.425
v 42.444 62.294 9.425
v 39.985 62.925 9.425
v 38.947 65.241 9.425
v 40.109 67.497 9.425
v 42.598 67.995 9.425
v 44.539 66.359 9.425
v 43.738 66.000 11.667
v 42.380 67.145 11.667
v 41.870 65.162 17.030
v 42.380 67.145 11.667
v 40.638 66.797 11.667
v 41.870 65.162 17.030
v 40.638 66.797 11.667
v 39.824 65.217 11.667
v 41.870 65.162 17.030
v 39.824 65.217 11.667
v 40.551 63.596 11.667
v 41.870 65.162 17.030
v 40.551 63.596 11.667
v 42.272 63.154 11.667
v 41.870 65.162 17.030
v 42.272 63.154 11.667
v 43.690 64.224 11.667
v 41.870 65.162 17.030
v 43.690 64.224 11.667
v 43.738 66.000 11.667
v 41.870 65.162 17.030
v 43.690 64.224 11.667
v 42.272 63.154 11.667
v 40.551 63.596 11.667
v 39.824 65.217 11.667
v 40.638 66.797 11.667
v 42.380 67.145 11.667
v 43.738 66.000 11.667
v 40.962 30.184 13.370
v 41.212 30.296 13.370
v 41.100 30.547 13.370
v 40.850 30.434 13.370
v 40.850 30.434 10.463
v 41.100 30.547 10.463
v 41.212 30.296 10.463
v 40.962 30.184 10.463
v 40.962 30.184 10.463
v 41.212 30.296 10.463
v 41.212 30.296 13.370
v 40.962 30.184 13.370
v 41.212 30.296 10.463
v 41.100 30.547 10.463
v 41.100 30.547 13.370
v 41.212 30.296 13.370
v 41.100 30.547 10.463
v 40.850 30.434 10.463
v 40.850 30.434 13.370
v 41.100 30.547 13.370
v 40.850 30.434 10.463
v 40.962 30.184 10.463
v 40.962 30.184 13.370
v 40.850 30.434 13.370
v 43.149 31.315 12.365
v 41.609 32.613 12.365
v 41.031 30.365 16.465
v 41.609 32.613 12.365
v 39.634 32.219 12.365
v 41.031 30.365 16.465
v 39.634 32.219 12.365
v 38.711 30.428 12.365
v 41.031 30.365 16.465
v 38.711 30.428 12.365
v 39.535 28.591 12.365
v 41.031 30.365 16.465
v 39.535 28.591 12.365
v 41.486 28.089 12.365
v 41.031 30.365 16.465
v 41.486 28.089 12.365
v 43.094 29.302 12.365
v 41.031 30.365 16.465
v 43.094 29.302 12.365
v 43.149 31.315 12.365
v 41.031 30.365 16.465
v 43.094 29.302 12.365
v 41.486 28.089 12.365
v 39.535 28.591 12.365
v 38.711 30.428 12.365
v 39.634 32.219 12.365
v 41.609 32.613 12.365
v 43.149 31.315 12.365
v 42.513 31.030 14.144
v 41.435 31.939 14.144
v 41.031 30.365 18.399
v 41.435 31.939 14.144
v 40.053 31.663 14.144
v 41.031 30.365 18.399
v 40.053 31.663 14.144
v 39.407 30.409 14.144
v 41.031 30.365 18.399
v 39.407 30.409 14.144
v 39.984 29.123 14.144
v 41.031 30.365 18.399
v 39.984 29.123 14.144
v 41.350 28.772 14.144
v 41.031 30.365 18.399
v 41.350 28.772 14.144
v 42.475 29.621 14.144
v 41.031 30.365 18.399
v 42.475 29.621 14.144
v 42.513 31.030 14.144
v 41.031 30.365 18.399
v 42.475 29.621 14.144
v 41.350 28.772 14.144
v 39.984 29.123 14.144
v 39.407 30.409 14.144
v 40.053 31.663 14.144
v 41.435 31.939 14.144
v 42.513 31.030 14.144
v -30.784 -15.760 6.204
v -30.534 -15.648 6.204
v -30.646 -15.398 6.204
v -30.896 -15.510 6.204
v -30.896 -15.510 3.069
v -30.646 -15.398 3.069
v -30.534 -15.648 3.069
v -30.784 -15.760 3.069
v -30.784 -15.760 3.069
v -30.534 -15.648 3.069
v -30.534 -15.648 6.204
v -30.784 -15.760 6.204
v -30.534 -15.648 3.069
v -30.646 -15.398 3.069
v -30.646 -15.398 6.204
v -30.534 -15.648 6.204
v -30.646 -15.398 3.069
v -30.896 -15.510 3.069
v -30.896 -15.510 6.204
v -30.646 -15.398 6.204
v -30.896 -15.510 3.069
v -30.784 -15.760 3.069
v -30.784 -15.760 6.204
v -30.896 -15.510 6.204
v -28.420 -14.549 5.114
v -30.089 -13.142 5.114
v -30.715 -15.579 9.559
v -30.089 -13.142 5.114
v -32.230 -13.570 5.114
v -30.715 -15.579 9.559
v -32.230 -13.570 5.114
v -33.230 -15.511 5.114
v -30.715 -15.579 9.559
v -33.230 -15.511 5.114
v -32.336 -17.503 5.114
v -30.715 -15.579 9.559
v -32.336 -17.503 5.114
v -30.222 -18.046 5.114
v -30.715 -15.579 9.559
v -30.222 -18.046 5.114
v -28.479 -16.732 5.114
v -30.715 -15.579 9.559
v -28.479 -16.732 5.114
v -28.420 -14.549 5.114
v -30.715 -15.579 9.559
v -28.479 -16.732 5.114
v -30.222 -18.046 5.114
v -32.336 -17.503 5.114
v -33.230 -15.511 5.114
v -32.230 -13.570 5.114
v -30.089 -13.142 5.114
v -28.420 -14.549 5.114
v -29.108 -14.858 7.043
v -30.277 -13.873 7.043
v -30.715 -15.579 11.655
v -30.277 -13.873 7.043
v -31.775 -14.173 7.043
v -30.715 -15.579 11.655
v -31.775 -14.173 7.043
v -32.475 -15.531 7.043
v -30.715 -15.579 11.655
v -32.475 -15.531 7.043
v -31.850 -16.925 7.043
v -30.715 -15.579 11.655
v -31.850 -16.925 7.043
v -30.370 -17.306 7.043
v -30.715 -15.579 11.655
v -30.370 -17.306 7.043
v -29.150 -16.386 7.043
v -30.715 -15.579 11.655
v -29.150 -16.386 7.043
v -29.108 -14.858 7.043
v -30.715 -15.579 11.655
v -29.150 -16.386 7.043
v -30.370 -17.306 7.043
v -31.850 -16.925 7.043
v -32.475 -15.531 7.043
v -31.775 -14.173 7.043
v -30.277 -13.873 7.043
v -29.108 -14.858 7.043
v -34.538 -35.139 7.544
v -34.287 -35.027 7.544
v -34.400 -34.777 7.544
v -34.650 -34.889 7.544
v -34.650 -34.889 4.660
v -34.400 -34.777 4.660
v -34.287 -35.027 4.660
v -34.538 -35.139 4.660
v -34.538 -35.139 4.660
v -34.287 -35.027 4.660
v -34.287 -35.027 7.544
v -34.538 -35.139 7.544
v -34.287 -35.027 4.660
v -34.400 -34.777 4.660
v -34.400 -34.777 7.544
v -34.287 -35.027 7.544
v -34.400 -34.777 4.660
v -34.650 -34.889 4.660
v -34.650 -34.889 7.544
v -34.400 -34.777 7.544
v -34.650 -34.889 4.660
v -34.538 -35.139 4.660
v -34.538 -35.139 7.544
v -34.650 -34.889 7.544
v -32.370 -34.017 6.547
v -33.896 -32.730 6.547
v -34.469 -34.958 10.612
v -33.896 -32.730 6.547
v -35.854 -33.121 6.547
v -34.469 -34.958 10.612
v -35.854 -33.121 6.547
v -36.768 -34.896 6.547
v -34.469 -34.958 10.612
v -36.768 -34.896 6.547
v -35.951 -36.717 6.547
v -34.469 -34.958 10.612
v -35.951 -36.717 6.547
v -34.018 -37.214 6.547
v -34.469 -34.958 10.612
v -34.018 -37.214 6.547
v -32.424 -36.012 6.547
v -34.469 -34.958 10.612
v -32.424 -36.012 6.547
v -32.370 -34.017 6.547
v -34.469 -34.958 10.612
v -32.424 -36.012 6.547
v -34.018 -37.214 6.547
v -35.951 -36.717 6.547
v -36.768 -34.896 6.547
v -35.854 -33.121 6.547
v -33.896 -32.730 6.547
v -32.370 -34.017 6.547
v -32.999 -34.299 8.311
v -34.068 -33.398 8.311
v -34.469 -34.958 12.529
v -34.068 -33.398 8.311
v -35.438 -33.672 8.311
v -34.469 -34.958 12.529
v -35.438 -33.672 8.311
v -36.079 -34.914 8.311
v -34.469 -34.958 12.529
v -36.079 -34.914 8.311
v -35.507 -36.189 8.311
v -34.469 -34.958 12.529
v -35.507 -36.189 8.311
v -34.153 -36.537 8.311
v -34.469 -34.958 12.529
v -34.153 -36.537 8.311
v -33.037 -35.696 8.311
v -34.469 -34.958 12.529
v -33.037 -35.696 8.311
v -32.999 -34.299 8.311
v -34.469 -34.958 12.529
v -33.037 -35.696 8.311
v -34.153 -36.537 8.311
v -35.507 -36.189 8.311
v -36.079 -34.914 8.311
v -35.438 -33.672 8.311
v -34.068 -33.398 8.311
v -32.999 -34.299 8.311
v 57.446 23.337 18.389
v 57.696 23.449 18.389
v 57.584 23.699 18.389
v 57.334 23.587 18.389
v 57.334 23.587 15.142
v 57.584 23.699 15.142
v 57.696 23.449 15.142
v 57.446 23.337 15.142
v 57.446 23.337 15.142
v 57.696 23.449 15.142
v 57.696 23.449 18.389
v 57.446 23.337 18.389
v 57.696 23.449 15.142
v 57.584 23.699 15.142
v 57.584 23.699 18.389
v 57.696 23.449 18.389
v 57.584 23.699 15.142
v 57.334 23.587 15.142
v 57.334 23.587 18.389
v 57.584 23.699 18.389
v 57.334 23.587 15.142
v 57.446 23.337 15.142
v 57.446 23.337 18.389
v 57.334 23.587 18.389
v 59.898 24.587 17.257
v 58.165 26.048 17.257
v 57.515 23.518 21.872
v 58.165 26.048 17.257
v 55.943 25.603 17.257
v 57.515 23.518 21.872
v 55.943 25.603 17.257
v 54.904 23.589 17.257
v 57.515 23.518 21.872
v 54.904 23.589 17.257
v 55.832 21.521 17.257
v 57.515 23.518 21.872
v 55.832 21.521 17.257
v 58.027 20.957 17.257
v 57.515 23.518 21.872
v 58.027 20.957 17.257
v 59.837 22.321 17.257
v 57.515 23.518 21.872
v 59.837 22.321 17.257
v 59.898 24.587 17.257
v 57.515 23.518 21.872
v 59.837 22.321 17.257
v 58.027 20.957 17.257
v 55.832 21.521 17.257
v 54.904 23.589 17.257
v 55.943 25.603 17.257
v 58.165 26.048 17.257
v 59.898 24.587 17.257
v 59.183 24.266 19.260
v 57.970 25.289 19.260
v 57.515 23.518 24.048
v 57.970 25.289 19.260
v 56.414 24.978 19.260
v 57.515 23.518 24.048
v 56.414 24.978 19.260
v 55.687 23.567 19.260
v 57.515 23.518 24.048
v 55.687 23.567 19.260
v 56.337 22.120 19.260
v 57.515 23.518 24.048
v 56.337 22.120 19.260
v 57.873 21.725 19.260
v 57.515 23.518 24.048
v 57.873 21.725 19.260
v 59.140 22.680 19.260
v 57.515 23.518 24.048
v 59.140 22.680 19.260
v 59.183 24.266 19.260
v 57.515 23.518 24.048
v 59.140 22.680 19.260
v 57.873 21.725 19.260
v 56.337 22.120 19.260
v 55.687 23.567 19.260
v 56.414 24.978 19.260
v 57.970 25.289 19.260
v 59.183 24.266 19.260
v -11.944 -57.027 11.074
v -11.694 -56.915 11.074
v -11.806 -56.664 11.074
v -12.057 -56.776 11.074
v -12.057 -56.776 8.131
v -11.806 -56.664 8.131
v -11.694 -56.915 8.131
v -11.944 -57.027 8.131
v -11.944 -57.027 8.131
v -11.694 -56.915 8.131
v -11.694 -56.915 11.074
v -11.944 -57.027 11.074
v -11.694 -56.915 8.131
v -11.806 -56.664 8.131
v -11.806 -56.664 11.074
v -11.694 -56.915 11.074
v -11.806 -56.664 8.131
v -12.057 -56.776 8.131
v -12.057 -56.776 11.074
v -11.806 -56.664 11.074
v -12.057 -56.776 8.131
v -11.944 -57.027 8.131
v -11.944 -57.027 11.074
v -12.057 -56.776 11.074
v -9.730 -55.883 10.055
v -11.290 -54.568 10.055
v -11.875 -56.845 14.209
v -11.290 -54.568 10.055
v -13.291 -54.968 10.055
v -11.875 -56.845 14.209
v -13.291 -54.968 10.055
v -14.226 -56.782 10.055
v -11.875 -56.845 14.209
v -14.226 -56.782 10.055
v -13.391 -58.643 10.055
v -11.875 -56.845 14.209
v -13.391 -58.643 10.055
v -11.415 -59.151 10.055
v -11.875 -56.845 14.209
v -11.415 -59.151 10.055
v -9.785 -57.923 10.055
v -11.875 -56.845 14.209
v -9.785 -57.923 10.055
v -9.730 -55.883 10.055
v -11.875 -56.845 14.209
v -9.785 -57.923 10.055
v -11.415 -59.151 10.055
v -13.391 -58.643 10.055
v -14.226 -56.782 10.055
v -13.291 -54.968 10.055
v -11.290 -54.568 10.055
v -9.730 -55.883 10.055
v -10.374 -56.172 11.858
v -11.466 -55.251 11.858
v -11.875 -56.845 16.169
v -11.466 -55.251 11.858
v -12.866 -55.531 11.858
v -11.875 -56.845 16.169
v -12.866 -55.531 11.858
v -13.521 -56.801 11.858
v -11.875 -56.845 16.169
v -13.521 -56.801 11.858
v -12.936 -58.104 11.858
v -11.875 -56.845 16.169
v -12.936 -58.104 11.858
v -11.553 -58.460 11.858
v -11.875 -56.845 16.169
v -11.553 -58.460 11.858
v -10.412 -57.600 11.858
v -11.875 -56.845 16.169
v -10.412 -57.600 11.858
v -10.374 -56.172 11.858
v -11.875 -56.845 16.169
v -10.412 -57.600 11.858
v -11.553 -58.460 11.858
v -12.936 -58.104 11.858
v -13.521 -56.801 11.858
v -12.866 -55.531 11.858
v -11.466 -55.251 11.858
v -10.374 -56.172 11.858
v 21.749 3.223 13.985
v 21.999 3.335 13.985
v 21.887 3.585 13.985
v 21.637 3.473 13.985
v 21.637 3.473 10.313
v 21.887 3.585 10.313
v 21.999 3.335 10.313
v 21.749 3.223 10.313
v 21.749 3.223 10.313
v 21.999 3.335 10.313
v 21.999 3.335 13.985
v 21.749 3.223 13.985
v 21.999 3.335 10.313
v 21.887 3.585 10.313
v 21.887 3.585 13.985
v 21.999 3.335 13.985
v 21.887 3.585 10.313
v 21.637 3.473 10.313
v 21.637 3.473 13.985
v 21.887 3.585 13.985
v 21.637 3.473 10.313
v 21.749 3.223 10.313
v 21.749 3.223 13.985
v 21.637 3.473 13.985
v 24.533 4.622 12.696
v 22.559 6.287 12.696
v 21.818 3.404 17.954
v 22.559 6.287 12.696
v 20.026 5.781 12.696
v 21.818 3.404 17.954
v 20.026 5.781 12.696
v 18.843 3.485 12.696
v 21.818 3.404 17.954
v 18.843 3.485 12.696
v 19.900 1.128 12.696
v 21.818 3.404 17.954
v 19.900 1.128 12.696
v 22.401 0.486 12.696
v 21.818 3.404 17.954
v 22.401 0.486 12.696
v 24.463 2.041 12.696
v 21.818 3.404 17.954
v 24.463 2.041 12.696
v 24.533 4.622 12.696
v 21.818 3.404 17.954
v 24.463 2.041 12.696
v 22.401 0.486 12.696
v 19.900 1.128 12.696
v 18.843 3.485 12.696
v 20.026 5.781 12.696
v 22.559 6.287 12.696
v 24.533 4.622 12.696
v 23.719 4.257 14.977
v 22.336 5.422 14.977
v 21.818 3.404 20.434
v 22.336 5.422 14.977
v 20.564 5.068 14.977
v 21.818 3.404 20.434
v 20.564 5.068 14.977
v 19.735 3.461 14.977
v 21.818 3.404 20.434
v 19.735 3.461 14.977
v 20.475 1.811 14.977
v 21.818 3.404 20.434
v 20.475 1.811 14.977
v 22.226 1.361 14.977
v 21.818 3.404 20.434
v 22.226 1.361 14.977
v 23.670 2.450 14.977
v 21.818 3.404 20.434
v 23.670 2.450 14.977
v 23.719 4.257 14.977
v 21.818 3.404 20.434
v 23.670 2.450 14.977
v 22.226 1.361 14.977
v 20.475 1.811 14.977
v 19.735 3.461 14.977
v 20.564 5.068 14.977
v 22.336 5.422 14.977
v 23.719 4.257 14.977
v 36.643 77.229 8.314
v 36.894 77.341 8.314
v 36.781 77.592 8.314
v 36.531 77.479 8.314
v 36.531 77.479 4.840
v 36.781 77.592 4.840
v 36.894 77.341 4.840
v 36.643 77.229 4.840
v 36.643 77.229 4.840
v 36.894 77.341 4.840
v 36.894 77.341 8.314
v 36.643 77.229 8.314
v 36.894 77.341 4.840
v 36.781 77.592 4.840
v 36.781 77.592 8.314
v 36.894 77.341 8.314
v 36.781 77.592 4.840
v 36.531 77.479 4.840
v 36.531 77.479 8.314
v 36.781 77.592 8.314
v 36.531 77.479 4.840
v 36.643 77.229 4.840
v 36.643 77.229 8.314
v 36.531 77.479 8.314
v 39.273 78.559 7.098
v 37.411 80.128 7.098
v 36.712 77.410 12.056
v 37.411 80.128 7.098
v 35.023 79.651 7.098
v 36.712 77.410 12.056
v 35.023 79.651 7.098
v 33.907 77.487 7.098
v 36.712 77.410 12.056
v 33.907 77.487 7.098
v 34.904 75.265 7.098
v 36.712 77.410 12.056
v 34.904 75.265 7.098
v 37.262 74.659 7.098
v 36.712 77.410 12.056
v 37.262 74.659 7.098
v 39.207 76.125 7.098
v 36.712 77.410 12.056
v 39.207 76.125 7.098
v 39.273 78.559 7.098
v 36.712 77.410 12.056
v 39.207 76.125 7.098
v 37.262 74.659 7.098
v 34.904 75.265 7.098
v 33.907 77.487 7.098
v 35.023 79.651 7.098
v 37.411 80.128 7.098
v 39.273 78.559 7.098
v 38.505 78.214 9.250
v 37.201 79.313 9.250
v 36.712 77.410 14.395
v 37.201 79.313 9.250
v 35.530 78.979 9.250
v 36.712 77.410 14.395
v 35.530 78.979 9.250
v 34.749 77.464 9.250
v 36.712 77.410 14.395
v 34.749 77.464 9.250
v 35.446 75.908 9.250
v 36.712 77.410 14.395
v 35.446 75.908 9.250
v 37.097 75.484 9.250
v 36.712 77.410 14.395
v 37.097 75.484 9.250
v 38.458 76.510 9.250
v 36.712 77.410 14.395
v 38.458 76.510 9.250
v 38.505 78.214 9.250
v 36.712 77.410 14.395
v 38.458 76.510 9.250
v 37.097 75.484 9.250
v 35.446 75.908 9.250
v 34.749 77.464 9.250
v 35.530 78.979 9.250
v 37.201 79.313 9.250
v 38.505 78.214 9.250
v 1.720 43.180 5.030
v 1.970 43.292 5.030
v 1.858 43.542 5.030
v 1.607 43.430 5.030
v 1.607 43.430 1.413
v 1.858 43.542 1.413
v 1.970 43.292 1.413
v 1.720 43.180 1.413
v 1.720 43.180 1.413
v 1.970 43.292 1.413
v 1.970 43.292 5.030
v 1.720 43.180 5.030
v 1.970 43.292 1.413
v 1.858 43.542 1.413
v 1.858 43.542 5.030
v 1.970 43.292 5.030
v 1.858 43.542 1.413
v 1.607 43.430 1.413
v 1.607 43.430 5.030
v 1.858 43.542 5.030
v 1.607 43.430 1.413
v 1.720 43.180 1.413
v 1.720 43.180 5.030
v 1.607 43.430 5.030
v 4.460 44.559 3.761
v 2.517 46.197 3.761
v 1.789 43.361 8.934
v 2.517 46.197 3.761
v 0.026 45.699 3.761
v 1.789 43.361 8.934
v 0.026 45.699 3.761
v -1.139 43.440 3.761
v 1.789 43.361 8.934
v -1.139 43.440 3.761
v -0.099 41.122 3.761
v 1.789 43.361 8.934
v -0.099 41.122 3.761
v 2.363 40.490 3.761
v 1.789 43.361 8.934
v 2.363 40.490 3.761
v 4.391 42.019 3.761
v 1.789 43.361 8.934
v 4.391 42.019 3.761
v 4.460 44.559 3.761
v 1.789 43.361 8.934
v 4.391 42.019 3.761
v 2.363 40.490 3.761
v -0.099 41.122 3.761
v -1.139 43.440 3.761
v 0.026 45.699 3.761
v 2.517 46.197 3.761
v 4.460 44.559 3.761
v 3.659 44.200 6.006
v 2.299 45.346 6.006
v 1.789 43.361 11.374
v 2.299 45.346 6.006
v 0.555 44.998 6.006
v 1.789 43.361 11.374
v 0.555 44.998 6.006
v -0.260 43.417 6.006
v 1.789 43.361 11.374
v -0.260 43.417 6.006
v 0.468 41.794 6.006
v 1.789 43.361 11.374
v 0.468 41.794 6.006
v 2.190 41.351 6.006
v 1.789 43.361 11.374
v 2.190 41.351 6.006
v 3.611 42.422 6.006
v 1.789 43.361 11.374
v 3.611 42.422 6.006
v 3.659 44.200 6.006
v 1.789 43.361 11.374
v 3.611 42.422 6.006
v 2.190 41.351 6.006
v 0.468 41.794 6.006
v -0.260 43.417 6.006
v 0.555 44.998 6.006
v 2.299 45.346 6.006
v 3.659 44.200 6.006
v 41.772 35.393 13.474
v 42.022 35.506 13.474
v 41.910 35.756 13.474
v 41.659 35.644 13.474
v 41.659 35.644 9.988
v 41.910 35.756 9.988
v 42.022 35.506 9.988
v 41.772 35.393 9.988
v 41.772 35.393 9.988
v 42.022 35.506 9.988
v 42.022 35.506 13.474
v 41.772 35.393 13.474
v 42.022 35.506 9.988
v 41.910 35.756 9.988
v 41.910 35.756 13.474
v 42.022 35.506 13.474
v 41.910 35.756 9.988
v 41.659 35.644 9.988
v 41.659 35.644 13.474
v 41.910 35.756 13.474
v 41.659 35.644 9.988
v 41.772 35.393 9.988
v 41.772 35.393 13.474
v 41.659 35.644 13.474
v 44.411 36.728 12.254
v 42.542 38.303 12.254
v 41.841 35.575 17.230
v 42.542 38.303 12.254
v 40.145 37.824 12.254
v 41.841 35.575 17.230
v 40.145 37.824 12.254
v 39.025 35.651 12.254
v 41.841 35.575 17.230
v 39.025 35.651 12.254
v 40.025 33.421 12.254
v 41.841 35.575 17.230
v 40.025 33.421 12.254
v 42.393 32.812 12.254
v 41.841 35.575 17.230
v 42.393 32.812 12.254
v 44.344 34.284 12.254
v 41.841 35.575 17.230
v 44.344 34.284 12.254
v 44.411 36.728 12.254
v 41.841 35.575 17.230
v 44.344 34.284 12.254
v 42.393 32.812 12.254
v 40.025 33.421 12.254
v 39.025 35.651 12.254
v 40.145 37.824 12.254
v 42.542 38.303 12.254
v 44.411 36.728 12.254
v 43.640 36.382 14.413
v 42.331 37.484 14.413
v 41.841 35.575 19.578
v 42.331 37.484 14.413
v 40.653 37.149 14.413
v 41.841 35.575 19.578
v 40.653 37.149 14.413
v 39.869 35.628 14.413
v 41.841 35.575 19.578
v 39.869 35.628 14.413
v 40.570 34.067 14.413
v 41.841 35.575 19.578
v 40.570 34.067 14.413
v 42.227 33.641 14.413
v 41.841 35.575 19.578
v 42.227 33.641 14.413
v 43.593 34.671 14.413
v 41.841 35.575 19.578
v 43.593 34.671 14.413
v 43.640 36.382 14.413
v 41.841 35.575 19.578
v 43.593 34.671 14.413
v 42.227 33.641 14.413
v 40.570 34.067 14.413
v 39.869 35.628 14.413
v 40.653 37.149 14.413
v 42.331 37.484 14.413
v 43.640 36.382 14.413
v 41.340 17.676 16.040
v 41.590 17.788 16.040
v 41.478 18.038 16.040
v 41.228 17.926 16.040
v 41.228 17.926 12.435
v 41.478 18.038 12.435
v 41.590 17.788 12.435
v 41.340 17.676 12.435
v 41.340 17.676 12.435
v 41.590 17.788 12.435
v 41.590 17.788 16.040
v 41.340 17.676 16.040
v 41.590 17.788 12.435
v 41.478 18.038 12.435
v 41.478 18.038 16.040
v 41.590 17.788 16.040
v 41.478 18.038 12.435
v 41.228 17.926 12.435
v 41.228 17.926 16.040
v 41.478 18.038 16.040
v 41.228 17.926 12.435
v 41.340 17.676 12.435
v 41.340 17.676 16.040
v 41.228 17.926 16.040
v 44.072 19.052 14.775
v 42.136 20.684 14.775
v 41.409 17.857 19.931
v 42.136 20.684 14.775
v 39.652 20.187 14.775
v 41.409 17.857 19.931
v 39.652 20.187 14.775
v 38.492 17.936 14.775
v 41.409 17.857 19.931
v 38.492 17.936 14.775
v 39.528 15.626 14.775
v 41.409 17.857 19.931
v 39.528 15.626 14.775
v 41.981 14.995 14.775
v 41.409 17.857 19.931
v 41.981 14.995 14.775
v 44.003 16.520 14.775
v 41.409 17.857 19.931
v 44.003 16.520 14.775
v 44.072 19.052 14.775
v 41.409 17.857 19.931
v 44.003 16.520 14.775
v 41.981 14.995 14.775
v 39.528 15.626 14.775
v 38.492 17.936 14.775
v 39.652 20.187 14.775
v 42.136 20.684 14.775
v 44.072 19.052 14.775
v 43.273 18.693 17.013
v 41.918 19.836 17.013
v 41.409 17.857 22.363
v 41.918 19.836 17.013
v 40.179 19.488 17.013
v 41.409 17.857 22.363
v 40.179 19.488 17.013
v 39.367 17.913 17.013
v 41.409 17.857 22.363
v 39.367 17.913 17.013
v 40.093 16.295 17.013
v 41.409 17.857 22.363
v 40.093 16.295 17.013
v 41.810 15.854 17.013
v 41.409 17.857 22.363
v 41.810 15.854 17.013
v 43.225 16.921 17.013
v 41.409 17.857 22.363
v 43.225 16.921 17.013
v 43.273 18.693 17.013
v 41.409 17.857 22.363
v 43.225 16.921 17.013
v 41.810 15.854 17.013
v 40.093 16.295 17.013
v 39.367 17.913 17.013
v 40.179 19.488 17.013
v 41.918 19.836 17.013
v 43.273 18.693 17.013
v 9.254 -1.368 11.372
v 9.505 -1.256 11.372
v 9.392 -1.006 11.372
v 9.142 -1.118 11.372
v 9.142 -1.118 8.023
v 9.392 -1.006 8.023
v 9.505 -1.256 8.023
v 9.254 -1.368 8.023
v 9.254 -1.368 8.023
v 9.505 -1.256 8.023
v 9.505 -1.256 11.372
v 9.254 -1.368 11.372
v 9.505 -1.256 8.023
v 9.392 -1.006 8.023
v 9.392 -1.006 11.372
v 9.505 -1.256 11.372
v 9.392 -1.006 8.023
v 9.142 -1.118 8.023
v 9.142 -1.118 11.372
v 9.392 -1.006 11.372
v 9.142 -1.118 8.023
v 9.254 -1.368 8.023
v 9.254 -1.368 11.372
v 9.142 -1.118 11.372
v 11.786 -0.083 10.203
v 9.995 1.427 10.203
v 9.323 -1.187 14.971
v 9.995 1.427 10.203
v 7.698 0.968 10.203
v 9.323 -1.187 14.971
v 7.698 0.968 10.203
v 6.625 -1.114 10.203
v 9.323 -1.187 14.971
v 6.625 -1.114 10.203
v 7.584 -3.251 10.203
v 9.323 -1.187 14.971
v 7.584 -3.251 10.203
v 9.852 -3.834 10.203
v 9.323 -1.187 14.971
v 9.852 -3.834 10.203
v 11.722 -2.424 10.203
v 9.323 -1.187 14.971
v 11.722 -2.424 10.203
v 11.786 -0.083 10.203
v 9.323 -1.187 14.971
v 11.722 -2.424 10.203
v 9.852 -3.834 10.203
v 7.584 -3.251 10.203
v 6.625 -1.114 10.203
v 7.698 0.968 10.203
v 9.995 1.427 10.203
v 11.786 -0.083 10.203
v 11.047 -0.414 12.272
v 9.793 0.643 12.272
v 9.323 -1.187 17.220
v 9.793 0.643 12.272
v 8.186 0.321 12.272
v 9.323 -1.187 17.220
v 8.186 0.321 12.272
v 7.435 -1.136 12.272
v 9.323 -1.187 17.220
v 7.435 -1.136 12.272
v 8.106 -2.632 12.272
v 9.323 -1.187 17.220
v 8.106 -2.632 12.272
v 9.694 -3.040 12.272
v 9.323 -1.187 17.220
v 9.694 -3.040 12.272
v 11.003 -2.053 12.272
v 9.323 -1.187 17.220
v 11.003 -2.053 12.272
v 11.047 -0.414 12.272
v 9.323 -1.187 17.220
v 11.003 -2.053 12.272
v 9.694 -3.040 12.272
v 8.106 -2.632 12.272
v 7.435 -1.136 12.272
v 8.186 0.321 12.272
v 9.793 0.643 12.272
v 11.047 -0.414 12.272
v -39.019 -75.683 7.103
v -38.769 -75.570 7.103
v -38.881 -75.320 7.103
v -39.131 -75.432 7.103
v -39.131 -75.432 3.598
v -38.881 -75.320 3.598
v -38.769 -75.570 3.598
v -39.019 -75.683 3.598
v -39.019 -75.683 3.598
v -38.769 -75.570 3.598
v -38.769 -75.570 7.103
v -39.019 -75.683 7.103
v -38.769 -75.570 3.598
v -38.881 -75.320 3.598
v -38.881 -75.320 7.103
v -38.769 -75.570 7.103
v -38.881 -75.320 3.598
v -39.131 -75.432 3.598
v -39.131 -75.432 7.103
v -38.881 -75.320 7.103
v -39.131 -75.432 3.598
v -39.019 -75.683 3.598
v -39.019 -75.683 7.103
v -39.131 -75.432 7.103
v -36.366 -74.342 5.876
v -38.245 -72.758 5.876
v -38.950 -75.501 10.880
v -38.245 -72.758 5.876
v -40.656 -73.239 5.876
v -38.950 -75.501 10.880
v -40.656 -73.239 5.876
v -41.782 -75.424 5.876
v -38.950 -75.501 10.880
v -41.782 -75.424 5.876
v -40.776 -77.667 5.876
v -38.950 -75.501 10.880
v -40.776 -77.667 5.876
v -38.395 -78.279 5.876
v -38.950 -75.501 10.880
v -38.395 -78.279 5.876
v -36.432 -76.799 5.876
v -38.950 -75.501 10.880
v -36.432 -76.799 5.876
v -36.366 -74.342 5.876
v -38.950 -75.501 10.880
v -36.432 -76.799 5.876
v -38.395 -78.279 5.876
v -40.776 -77.667 5.876
v -41.782 -75.424 5.876
v -40.656 -73.239 5.876
v -38.245 -72.758 5.876
v -36.366 -74.342 5.876
v -37.141 -74.690 8.047
v -38.457 -73.581 8.047
v -38.950 -75.501 13.241
v -38.457 -73.581 8.047
v -40.144 -73.918 8.047
v -38.950 -75.501 13.241
v -40.144 -73.918 8.047
v -40.932 -75.447 8.047
v -38.950 -75.501 13.241
v -40.932 -75.447 8.047
v -40.228 -77.017 8.047
v -38.950 -75.501 13.241
v -40.228 -77.017 8.047
v -38.562 -77.446 8.047
v -38.950 -75.501 13.241
v -38.562 -77.446 8.047
v -37.188 -76.410 8.047
v -38.950 -75.501 13.241
v -37.188 -76.410 8.047
v -37.141 -74.690 8.047
v -38.950 -75.501 13.241
v -37.188 -76.410 8.047
v -38.562 -77.446 8.047
v -40.228 -77.017 8.047
v -40.932 -75.447 8.047
v -40.144 -73.918 8.047
v -38.457 -73.581 8.047
v -37.141 -74.690 8.047
v 37.015 -3.846 18.457
v 37.265 -3.734 18.457
v 37.153 -3.484 18.457
v 36.902 -3.596 18.457
v 36.902 -3.596 15.277
v 37.153 -3.484 15.277
v 37.265 -3.734 15.277
v 37.015 -3.846 15.277
v 37.015 -3.846 15.277
v 37.265 -3.734 15.277
v 37.265 -3.734 18.457
v 37.015 -3.846 18.457
v 37.265 -3.734 15.277
v 37.153 -3.484 15.277
v 37.153 -3.484 18.457
v 37.265 -3.734 18.457
v 37.153 -3.484 15.277
v 36.902 -3.596 15.277
v 36.902 -3.596 18.457
v 37.153 -3.484 18.457
v 36.902 -3.596 15.277
v 37.015 -3.846 15.277
v 37.015 -3.846 18.457
v 36.902 -3.596 18.457
v 39.414 -2.620 17.350
v 37.719 -1.192 17.350
v 37.084 -3.665 21.862
v 37.719 -1.192 17.350
v 35.546 -1.626 17.350
v 37.084 -3.665 21.862
v 35.546 -1.626 17.350
v 34.531 -3.596 17.350
v 37.084 -3.665 21.862
v 34.531 -3.596 17.350
v 35.438 -5.618 17.350
v 37.084 -3.665 21.862
v 35.438 -5.618 17.350
v 37.584 -6.169 17.350
v 37.084 -3.665 21.862
v 37.584 -6.169 17.350
v 39.354 -4.835 17.350
v 37.084 -3.665 21.862
v 39.354 -4.835 17.350
v 39.414 -2.620 17.350
v 37.084 -3.665 21.862
v 39.354 -4.835 17.350
v 37.584 -6.169 17.350
v 35.438 -5.618 17.350
v 34.531 -3.596 17.350
v 35.546 -1.626 17.350
v 37.719 -1.192 17.350
v 39.414 -2.620 17.350
v 38.715 -2.933 19.308
v 37.529 -1.934 19.308
v 37.084 -3.665 23.990
v 37.529 -1.934 19.308
v 36.008 -2.238 19.308
v 37.084 -3.665 23.990
v 36.008 -2.238 19.308
v 35.297 -3.616 19.308
v 37.084 -3.665 23.990
v 35.297 -3.616 19.308
v 35.932 -5.032 19.308
v 37.084 -3.665 23.990
v 35.932 -5.032 19.308
v 37.434 -5.418 19.308
v 37.084 -3.665 23.990
v 37.434 -5.418 19.308
v 38.673 -4.484 19.308
v 37.084 -3.665 23.990
v 38.673 -4.484 19.308
v 38.715 -2.933 19.308
v 37.084 -3.665 23.990
v 38.673 -4.484 19.308
v 37.434 -5.418 19.308
v 35.932 -5.032 19.308
v 35.297 -3.616 19.308
v 36.008 -2.238 19.308
v 37.529 -1.934 19.308
v 38.715 -2.933 19.308
v -50.341 -26.145 4.379
v -50.090 -26.033 4.379
v -50.202 -25.782 4.379
v -50.453 -25.895 4.379
v -50.453 -25.895 1.507
v -50.202 -25.782 1.507
v -50.090 -26.033 1.507
v -50.341 -26.145 1.507
v -50.341 -26.145 1.507
v -50.090 -26.033 1.507
v -50.090 -26.033 4.379
v -50.341 -26.145 4.379
v -50.090 -26.033 1.507
v -50.202 -25.782 1.507
v -50.202 -25.782 4.379
v -50.090 -26.033 4.379
v -50.202 -25.782 1.507
v -50.453 -25.895 1.507
v -50.453 -25.895 4.379
v -50.202 -25.782 4.379
v -50.453 -25.895 1.507
v -50.341 -26.145 1.507
v -50.341 -26.145 4.379
v -50.453 -25.895 4.379
v -48.182 -25.026 3.387
v -49.701 -23.745 3.387
v -50.272 -25.964 7.433
v -49.701 -23.745 3.387
v -51.650 -24.135 3.387
v -50.272 -25.964 7.433
v -51.650 -24.135 3.387
v -52.561 -25.901 3.387
v -50.272 -25.964 7.433
v -52.561 -25.901 3.387
v -51.748 -27.715 3.387
v -50.272 -25.964 7.433
v -51.748 -27.715 3.387
v -49.823 -28.209 3.387
v -50.272 -25.964 7.433
v -49.823 -28.209 3.387
v -48.236 -27.013 3.387
v -50.272 -25.964 7.433
v -48.236 -27.013 3.387
v -48.182 -25.026 3.387
v -50.272 -25.964 7.433
v -48.236 -27.013 3.387
v -49.823 -28.209 3.387
v -51.748 -27.715 3.387
v -52.561 -25.901 3.387
v -51.650 -24.135 3.387
v -49.701 -23.745 3.387
v -48.182 -25.026 3.387
v -48.809 -25.307 5.143
v -49.872 -24.411 5.143
v -50.272 -25.964 9.342
v -49.872 -24.411 5.143
v -51.237 -24.683 5.143
v -50.272 -25.964 9.342
v -51.237 -24.683 5.143
v -51.874 -25.920 5.143
v -50.272 -25.964 9.342
v -51.874 -25.920 5.143
v -51.305 -27.189 5.143
v -50.272 -25.964 9.342
v -51.305 -27.189 5.143
v -49.957 -27.536 5.143
v -50.272 -25.964 9.342
v -49.957 -27.536 5.143
v -48.846 -26.698 5.143
v -50.272 -25.964 9.342
v -48.846 -26.698 5.143
v -48.809 -25.307 5.143
v -50.272 -25.964 9.342
v -48.846 -26.698 5.143
v -49.957 -27.536 5.143
v -51.305 -27.189 5.143
v -51.874 -25.920 5.143
v -51.237 -24.683 5.143
v -49.872 -24.411 5.143
v -48.809 -25.307 5.143
v 11.766 31.428 7.355
v 12.017 31.541 7.355
v 11.904 31.791 7.355
v 11.654 31.679 7.355
v 11.654 31.679 4.147
v 11.904 31.791 4.147
v 12.017 31.541 4.147
v 11.766 31.428 4.147
v 11.766 31.428 4.147
v 12.017 31.541 4.147
v 12.017 31.541 7.355
v 11.766 31.428 7.355
v 12.017 31.541 4.147
v 11.904 31.791 4.147
v 11.904 31.791 7.355
v 12.017 31.541 7.355
v 11.904 31.791 4.147
v 11.654 31.679 4.147
v 11.654 31.679 7.355
v 11.904 31.791 7.355
v 11.654 31.679 4.147
v 11.766 31.428 4.147
v 11.766 31.428 7.355
v 11.654 31.679 7.355
v 14.188 32.665 6.238
v 12.477 34.107 6.238
v 11.835 31.610 10.793
v 12.477 34.107 6.238
v 10.283 33.668 6.238
v 11.835 31.610 10.793
v 10.283 33.668 6.238
v 9.258 31.680 6.238
v 11.835 31.610 10.793
v 9.258 31.680 6.238
v 10.174 29.638 6.238
v 11.835 31.610 10.793
v 10.174 29.638 6.238
v 12.341 29.081 6.238
v 11.835 31.610 10.793
v 12.341 29.081 6.238
v 14.127 30.428 6.238
v 11.835 31.610 10.793
v 14.127 30.428 6.238
v 14.188 32.665 6.238
v 11.835 31.610 10.793
v 14.127 30.428 6.238
v 12.341 29.081 6.238
v 10.174 29.638 6.238
v 9.258 31.680 6.238
v 10.283 33.668 6.238
v 12.477 34.107 6.238
v 14.188 32.665 6.238
v 13.482 32.348 8.215
v 12.285 33.358 8.215
v 11.835 31.610 12.942
v 12.285 33.358 8.215
v 10.749 33.051 8.215
v 11.835 31.610 12.942
v 10.749 33.051 8.215
v 10.031 31.659 8.215
v 11.835 31.610 12.942
v 10.031 31.659 8.215
v 10.672 30.230 8.215
v 11.835 31.610 12.942
v 10.672 30.230 8.215
v 12.189 29.840 8.215
v 11.835 31.610 12.942
v 12.189 29.840 8.215
v 13.440 30.783 8.215
v 11.835 31.610 12.942
v 13.440 30.783 8.215
v 13.482 32.348 8.215
v 11.835 31.610 12.942
v 13.440 30.783 8.215
v 12.189 29.840 8.215
v 10.672 30.230 8.215
v 10.031 31.659 8.215
v 10.749 33.051 8.215
v 12.285 33.358 8.215
v 13.482 32.348 8.215
v -4.530 -1.396 7.966
v -4.280 -1.283 7.966
v -4.392 -1.033 7.966
v -4.643 -1.145 7.966
v -4.643 -1.145 5.267
v -4.392 -1.033 5.267
v -4.280 -1.283 5.267
v -4.530 -1.396 5.267
v -4.530 -1.396 5.267
v -4.280 -1.283 5.267
v -4.280 -1.283 7.966
v -4.530 -1.396 7.966
v -4.280 -1.283 5.267
v -4.392 -1.033 5.267
v -4.392 -1.033 7.966
v -4.280 -1.283 7.966
v -4.392 -1.033 5.267
v -4.643 -1.145 5.267
v -4.643 -1.145 7.966
v -4.392 -1.033 7.966
v -4.643 -1.145 5.267
v -4.530 -1.396 5.267
v -4.530 -1.396 7.966
v -4.643 -1.145 7.966
v -2.507 -0.338 7.038
v -3.928 0.860 7.038
v -4.461 -1.214 10.822
v -3.928 0.860 7.038
v -5.751 0.496 7.038
v -4.461 -1.214 10.822
v -5.751 0.496 7.038
v -6.602 -1.156 7.038
v -4.461 -1.214 10.822
v -6.602 -1.156 7.038
v -5.842 -2.852 7.038
v -4.461 -1.214 10.822
v -5.842 -2.852 7.038
v -4.042 -3.314 7.038
v -4.461 -1.214 10.822
v -4.042 -3.314 7.038
v -2.558 -2.195 7.038
v -4.461 -1.214 10.822
v -2.558 -2.195 7.038
v -2.507 -0.338 7.038
v -4.461 -1.214 10.822
v -2.558 -2.195 7.038
v -4.042 -3.314 7.038
v -5.842 -2.852 7.038
v -6.602 -1.156 7.038
v -5.751 0.496 7.038
v -3.928 0.860 7.038
v -2.507 -0.338 7.038
v -3.094 -0.601 8.680
v -4.088 0.238 8.680
v -4.461 -1.214 12.606
v -4.088 0.238 8.680
v -5.364 -0.017 8.680
v -4.461 -1.214 12.606
v -5.364 -0.017 8.680
v -5.960 -1.174 8.680
v -4.461 -1.214 12.606
v -5.960 -1.174 8.680
v -5.428 -2.361 8.680
v -4.461 -1.214 12.606
v -5.428 -2.361 8.680
v -4.168 -2.684 8.680
v -4.461 -1.214 12.606
v -4.168 -2.684 8.680
v -3.129 -1.901 8.680
v -4.461 -1.214 12.606
v -3.129 -1.901 8.680
v -3.094 -0.601 8.680
v -4.461 -1.214 12.606
v -3.129 -1.901 8.680
v -4.168 -2.684 8.680
v -5.428 -2.361 8.680
v -5.960 -1.174 8.680
v -5.364 -0.017 8.680
v -4.088 0.238 8.680
v -3.094 -0.601 8.680
v -11.498 9.152 5.544
v -11.247 9.264 5.544
v -11.360 9.514 5.544
v -11.610 9.402 5.544
v -11.610 9.402 2.728
v -11.360 9.514 2.728
v -11.247 9.264 2.728
v -11.498 9.152 2.728
v -11.498 9.152 2.728
v -11.247 9.264 2.728
v -11.247 9.264 5.544
v -11.498 9.152 5.544
v -11.247 9.264 2.728
v -11.360 9.514 2.728
v -11.360 9.514 5.544
v -11.247 9.264 5.544
v -11.360 9.514 2.728
v -11.610 9.402 2.728
v -11.610 9.402 5.544
v -11.360 9.514 5.544
v -11.610 9.402 2.728
v -11.498 9.152 2.728
v -11.498 9.152 5.544
v -11.610 9.402 5.544
v -9.383 10.250 4.573
v -10.871 11.504 4.573
v -11.429 9.333 8.533
v -10.871 11.504 4.573
v -12.778 11.123 4.573
v -11.429 9.333 8.533
v -12.778 11.123 4.573
v -13.670 9.394 4.573
v -11.429 9.333 8.533
v -13.670 9.394 4.573
v -12.873 7.619 4.573
v -11.429 9.333 8.533
v -12.873 7.619 4.573
v -10.989 7.134 4.573
v -11.429 9.333 8.533
v -10.989 7.134 4.573
v -9.436 8.306 4.573
v -11.429 9.333 8.533
v -9.436 8.306 4.573
v -9.383 10.250 4.573
v -11.429 9.333 8.533
v -9.436 8.306 4.573
v -10.989 7.134 4.573
v -12.873 7.619 4.573
v -13.670 9.394 4.573
v -12.778 11.123 4.573
v -10.871 11.504 4.573
v -9.383 10.250 4.573
v -9.997 9.975 6.291
v -11.038 10.853 6.291
v -11.429 9.333 10.402
v -11.038 10.853 6.291
v -12.373 10.586 6.291
v -11.429 9.333 10.402
v -12.373 10.586 6.291
v -12.997 9.375 6.291
v -11.429 9.333 10.402
v -12.997 9.375 6.291
v -12.440 8.133 6.291
v -11.429 9.333 10.402
v -12.440 8.133 6.291
v -11.121 7.794 6.291
v -11.429 9.333 10.402
v -11.121 7.794 6.291
v -10.034 8.614 6.291
v -11.429 9.333 10.402
v -10.034 8.614 6.291
v -9.997 9.975 6.291
v -11.429 9.333 10.402
v -10.034 8.614 6.291
v -11.121 7.794 6.291
v -12.440 8.133 6.291
v -12.997 9.375 6.291
v -12.373 10.586 6.291
v -11.038 10.853 6.291
v -9.997 9.975 6.291
v 34.285 5.813 15.524
v 34.535 5.925 15.524
v 34.423 6.175 15.524
v 34.173 6.063 15.524
v 34.173 6.063 12.823
v 34.423 6.175 12.823
v 34.535 5.925 12.823
v 34.285 5.813 12.823
v 34.285 5.813 12.823
v 34.535 5.925 12.823
v 34.535 5.925 15.524
v 34.285 5.813 15.524
v 34.535 5.925 12.823
v 34.423 6.175 12.823
v 34.423 6.175 15.524
v 34.535 5.925 15.524
v 34.423 6.175 12.823
v 34.173 6.063 12.823
v 34.173 6.063 15.524
v 34.423 6.175 15.524
v 34.173 6.063 12.823
v 34.285 5.813 12.823
v 34.285 5.813 15.524
v 34.173 6.063 15.524
v 36.310 6.871 14.595
v 34.887 8.070 14.595
v 34.354 5.994 18.381
v 34.887 8.070 14.595
v 33.063 7.706 14.595
v 34.354 5.994 18.381
v 33.063 7.706 14.595
v 32.211 6.052 14.595
v 34.354 5.994 18.381
v 32.211 6.052 14.595
v 32.973 4.355 14.595
v 34.354 5.994 18.381
v 32.973 4.355 14.595
v 34.774 3.892 14.595
v 34.354 5.994 18.381
v 34.774 3.892 14.595
v 36.259 5.012 14.595
v 34.354 5.994 18.381
v 36.259 5.012 14.595
v 36.310 6.871 14.595
v 34.354 5.994 18.381
v 36.259 5.012 14.595
v 34.774 3.892 14.595
v 32.973 4.355 14.595
v 32.211 6.052 14.595
v 33.063 7.706 14.595
v 34.887 8.070 14.595
v 36.310 6.871 14.595
v 35.723 6.608 16.238
v 34.727 7.447 16.238
v 34.354 5.994 20.168
v 34.727 7.447 16.238
v 33.451 7.192 16.238
v 34.354 5.994 20.168
v 33.451 7.192 16.238
v 32.854 6.035 16.238
v 34.354 5.994 20.168
v 32.854 6.035 16.238
v 33.387 4.847 16.238
v 34.354 5.994 20.168
v 33.387 4.847 16.238
v 34.648 4.523 16.238
v 34.354 5.994 20.168
v 34.648 4.523 16.238
v 35.688 5.307 16.238
v 34.354 5.994 20.168
v 35.688 5.307 16.238
v 35.723 6.608 16.238
v 34.354 5.994 20.168
v 35.688 5.307 16.238
v 34.648 4.523 16.238
v 33.387 4.847 16.238
v 32.854 6.035 16.238
v 33.451 7.192 16.238
v 34.727 7.447 16.238
v 35.723 6.608 16.238
v 47.172 34.646 14.938
v 47.422 34.758 14.938
v 47.310 35.008 14.938
v 47.059 34.896 14.938
v 47.059 34.896 11.237
v 47.310 35.008 11.237
v 47.422 34.758 11.237
v 47.172 34.646 11.237
v 47.172 34.646 11.237
v 47.422 34.758 11.237
v 47.422 34.758 14.938
v 47.172 34.646 14.938
v 47.422 34.758 11.237
v 47.310 35.008 11.237
v 47.310 35.008 14.938
v 47.422 34.758 14.938
v 47.310 35.008 11.237
v 47.059 34.896 11.237
v 47.059 34.896 14.938
v 47.310 35.008 14.938
v 47.059 34.896 11.237
v 47.172 34.646 11.237
v 47.172 34.646 14.938
v 47.059 34.896 14.938
v 49.979 36.055 13.638
v 47.987 37.733 13.638
v 47.241 34.827 18.940
v 47.987 37.733 13.638
v 45.434 37.223 13.638
v 47.241 34.827 18.940
v 45.434 37.223 13.638
v 44.241 34.908 13.638
v 47.241 34.827 18.940
v 44.241 34.908 13.638
v 45.307 32.532 13.638
v 47.241 34.827 18.940
v 45.307 32.532 13.638
v 47.829 31.884 13.638
v 47.241 34.827 18.940
v 47.829 31.884 13.638
v 49.908 33.452 13.638
v 47.241 34.827 18.940
v 49.908 33.452 13.638
v 49.979 36.055 13.638
v 47.241 34.827 18.940
v 49.908 33.452 13.638
v 47.829 31.884 13.638
v 45.307 32.532 13.638
v 44.241 34.908 13.638
v 45.434 37.223 13.638
v 47.987 37.733 13.638
v 49.979 36.055 13.638
v 49.157 35.687 15.939
v 47.763 36.861 15.939
v 47.241 34.827 21.441
v 47.763 36.861 15.939
v 45.976 36.504 15.939
v 47.241 34.827 21.441
v 45.976 36.504 15.939
v 45.141 34.884 15.939
v 47.241 34.827 21.441
v 45.141 34.884 15.939
v 45.887 33.221 15.939
v 47.241 34.827 21.441
v 45.887 33.221 15.939
v 47.652 32.767 15.939
v 47.241 34.827 21.441
v 47.652 32.767 15.939
v 49.108 33.864 15.939
v 47.241 34.827 21.441
v 49.108 33.864 15.939
v 49.157 35.687 15.939
v 47.241 34.827 21.441
v 49.108 33.864 15.939
v 47.652 32.767 15.939
v 45.887 33.221 15.939
v 45.141 34.884 15.939
v 45.976 36.504 15.939
v 47.763 36.861 15.939
v 49.157 35.687 15.939
v -24.072 -15.120 7.079
v -23.821 -15.008 7.079
v -23.934 -14.758 7.079
v -24.184 -14.870 7.079
v -24.184 -14.870 4.029
v -23.934 -14.758 4.029
v -23.821 -15.008 4.029
v -24.072 -15.120 4.029
v -24.072 -15.120 4.029
v -23.821 -15.008 4.029
v -23.821 -15.008 7.079
v -24.072 -15.120 7.079
v -23.821 -15.008 4.029
v -23.934 -14.758 4.029
v -23.934 -14.758 7.079
v -23.821 -15.008 7.079
v -23.934 -14.758 4.029
v -24.184 -14.870 4.029
v -24.184 -14.870 7.079
v -23.934 -14.758 7.079
v -24.184 -14.870 4.029
v -24.072 -15.120 4.029
v -24.072 -15.120 7.079
v -24.184 -14.870 7.079
v -21.774 -13.939 6.021
v -23.395 -12.573 6.021
v -24.003 -14.939 10.336
v -23.395 -12.573 6.021
v -25.473 -12.989 6.021
v -24.003 -14.939 10.336
v -25.473 -12.989 6.021
v -26.444 -14.873 6.021
v -24.003 -14.939 10.336
v -26.444 -14.873 6.021
v -25.577 -16.807 6.021
v -24.003 -14.939 10.336
v -25.577 -16.807 6.021
v -23.524 -17.334 6.021
v -24.003 -14.939 10.336
v -23.524 -17.334 6.021
v -21.831 -16.058 6.021
v -24.003 -14.939 10.336
v -21.831 -16.058 6.021
v -21.774 -13.939 6.021
v -24.003 -14.939 10.336
v -21.831 -16.058 6.021
v -23.524 -17.334 6.021
v -25.577 -16.807 6.021
v -26.444 -14.873 6.021
v -25.473 -12.989 6.021
v -23.395 -12.573 6.021
v -21.774 -13.939 6.021
v -22.442 -14.239 7.894
v -23.577 -13.283 7.894
v -24.003 -14.939 12.372
v -23.577 -13.283 7.894
v -25.032 -13.574 7.894
v -24.003 -14.939 12.372
v -25.032 -13.574 7.894
v -25.712 -14.893 7.894
v -24.003 -14.939 12.372
v -25.712 -14.893 7.894
v -25.105 -16.246 7.894
v -24.003 -14.939 12.372
v -25.105 -16.246 7.894
v -23.667 -16.616 7.894
v -24.003 -14.939 12.372
v -23.667 -16.616 7.894
v -22.483 -15.722 7.894
v -24.003 -14.939 12.372
v -22.483 -15.722 7.894
v -22.442 -14.239 7.894
v -24.003 -14.939 12.372
v -22.483 -15.722 7.894
v -23.667 -16.616 7.894
v -25.105 -16.246 7.894
v -25.712 -14.893 7.894
v -25.032 -13.574 7.894
v -23.577 -13.283 7.894
v -22.442 -14.239 7.894
v 49.918 52.245 13.066
v 50.168 52.357 13.066
v 50.056 52.608 13.066
v 49.805 52.496 13.066
v 49.805 52.496 10.057
v 50.056 52.608 10.057
v 50.168 52.357 10.057
v 49.918 52.245 10.057
v 49.918 52.245 10.057
v 50.168 52.357 10.057
v 50.168 52.357 13.066
v 49.918 52.245 13.066
v 50.168 52.357 10.057
v 50.056 52.608 10.057
v 50.056 52.608 13.066
v 50.168 52.357 13.066
v 50.056 52.608 10.057
v 49.805 52.496 10.057
v 49.805 52.496 13.066
v 50.056 52.608 13.066
v 49.805 52.496 10.057
v 49.918 52.245 10.057
v 49.918 52.245 13.066
v 49.805 52.496 13.066
v 52.183 53.412 12.023
v 50.586 54.758 12.023
v 49.987 52.426 16.276
v 50.586 54.758 12.023
v 48.537 54.349 12.023
v 49.987 52.426 16.276
v 48.537 54.349 12.023
v 47.580 52.492 12.023
v 49.987 52.426 16.276
v 47.580 52.492 12.023
v 48.435 50.586 12.023
v 49.987 52.426 16.276
v 48.435 50.586 12.023
v 50.459 50.066 12.023
v 49.987 52.426 16.276
v 50.459 50.066 12.023
v 52.127 51.323 12.023
v 49.987 52.426 16.276
v 52.127 51.323 12.023
v 52.183 53.412 12.023
v 49.987 52.426 16.276
v 52.127 51.323 12.023
v 50.459 50.066 12.023
v 48.435 50.586 12.023
v 47.580 52.492 12.023
v 48.537 54.349 12.023
v 50.586 54.758 12.023
v 52.183 53.412 12.023
v 51.524 53.116 13.868
v 50.406 54.059 13.868
v 49.987 52.426 18.282
v 50.406 54.059 13.868
v 48.972 53.772 13.868
v 49.987 52.426 18.282
v 48.972 53.772 13.868
v 48.302 52.472 13.868
v 49.987 52.426 18.282
v 48.302 52.472 13.868
v 48.901 51.138 13.868
v 49.987 52.426 18.282
v 48.901 51.138 13.868
v 50.317 50.774 13.868
v 49.987 52.426 18.282
v 50.317 50.774 13.868
v 51.485 51.654 13.868
v 49.987 52.426 18.282
v 51.485 51.654 13.868
v 51.524 53.116 13.868
v 49.987 52.426 18.282
v 51.485 51.654 13.868
v 50.317 50.774 13.868
v 48.901 51.138 13.868
v 48.302 52.472 13.868
v 48.972 53.772 13.868
v 50.406 54.059 13.868
v 51.524 53.116 13.868
v 35.131 64.499 8.794
v 35.381 64.611 8.794
v 35.269 64.862 8.794
v 35.019 64.749 8.794
v 35.019 64.749 5.907
v 35.269 64.862 5.907
v 35.381 64.611 5.907
v 35.131 64.499 5.907
v 35.131 64.499 5.907
v 35.381 64.611 5.907
v 35.381 64.611 8.794
v 35.131 64.499 8.794
v 35.381 64.611 5.907
v 35.269 64.862 5.907
v 35.269 64.862 8.794
v 35.381 64.611 8.794
v 35.269 64.862 5.907
v 35.019 64.749 5.907
v 35.019 64.749 8.794
v 35.269 64.862 8.794
v 35.019 64.749 5.907
v 35.131 64.499 5.907
v 35.131 64.499 8.794
v 35.019 64.749 8.794
v 37.301 65.623 7.796
v 35.773 66.911 7.796
v 35.200 64.680 11.865
v 35.773 66.911 7.796
v 33.813 66.519 7.796
v 35.200 64.680 11.865
v 33.813 66.519 7.796
v 32.897 64.743 7.796
v 35.200 64.680 11.865
v 32.897 64.743 7.796
v 33.716 62.919 7.796
v 35.200 64.680 11.865
v 33.716 62.919 7.796
v 35.651 62.422 7.796
v 35.200 64.680 11.865
v 35.651 62.422 7.796
v 37.247 63.625 7.796
v 35.200 64.680 11.865
v 37.247 63.625 7.796
v 37.301 65.623 7.796
v 35.200 64.680 11.865
v 37.247 63.625 7.796
v 35.651 62.422 7.796
v 33.716 62.919 7.796
v 32.897 64.743 7.796
v 33.813 66.519 7.796
v 35.773 66.911 7.796
v 37.301 65.623 7.796
v 36.671 65.340 9.562
v 35.601 66.242 9.562
v 35.200 64.680 13.784
v 35.601 66.242 9.562
v 34.229 65.968 9.562
v 35.200 64.680 13.784
v 34.229 65.968 9.562
v 33.588 64.724 9.562
v 35.200 64.680 13.784
v 33.588 64.724 9.562
v 34.161 63.448 9.562
v 35.200 64.680 13.784
v 34.161 63.448 9.562
v 35.516 63.099 9.562
v 35.200 64.680 13.784
v 35.516 63.099 9.562
v 36.633 63.942 9.562
v 35.200 64.680 13.784
v 36.633 63.942 9.562
v 36.671 65.340 9.562
v 35.200 64.680 13.784
v 36.633 63.942 9.562
v 35.516 63.099 9.562
v 34.161 63.448 9.562
v 33.588 64.724 9.562
v 34.229 65.968 9.562
v 35.601 66.242 9.562
v 36.671 65.340 9.562
v 0.120 -41.684 15.424
v 0.370 -41.572 15.424
v 0.258 -41.321 15.424
v 0.008 -41.434 15.424
v 0.008 -41.434 11.745
v 0.258 -41.321 11.745
v 0.370 -41.572 11.745
v 0.120 -41.684 11.745
v 0.120 -41.684 11.745
v 0.370 -41.572 11.745
v 0.370 -41.572 15.424
v 0.120 -41.684 15.424
v 0.370 -41.572 11.745
v 0.258 -41.321 11.745
v 0.258 -41.321 15.424
v 0.370 -41.572 15.424
v 0.258 -41.321 11.745
v 0.008 -41.434 11.745
v 0.008 -41.434 15.424
v 0.258 -41.321 15.424
v 0.008 -41.434 11.745
v 0.120 -41.684 11.745
v 0.120 -41.684 15.424
v 0.008 -41.434 15.424
v 2.910 -40.282 14.132
v 0.931 -38.614 14.132
v 0.189 -41.503 19.400
v 0.931 -38.614 14.132
v -1.606 -39.122 14.132
v 0.189 -41.503 19.400
v -1.606 -39.122 14.132
v -2.792 -41.422 14.132
v 0.189 -41.503 19.400
v -2.792 -41.422 14.132
v -1.733 -43.783 14.132
v 0.189 -41.503 19.400
v -1.733 -43.783 14.132
v 0.774 -44.427 14.132
v 0.189 -41.503 19.400
v 0.774 -44.427 14.132
v 2.840 -42.869 14.132
v 0.189 -41.503 19.400
v 2.840 -42.869 14.132
v 2.910 -40.282 14.132
v 0.189 -41.503 19.400
v 2.840 -42.869 14.132
v 0.774 -44.427 14.132
v -1.733 -43.783 14.132
v -2.792 -41.422 14.132
v -1.606 -39.122 14.132
v 0.931 -38.614 14.132
v 2.910 -40.282 14.132
v 2.094 -40.648 16.418
v 0.709 -39.481 16.418
v 0.189 -41.503 21.885
v 0.709 -39.481 16.418
v -1.068 -39.836 16.418
v 0.189 -41.503 21.885
v -1.068 -39.836 16.418
v -1.897 -41.446 16.418
v 0.189 -41.503 21.885
v -1.897 -41.446 16.418
v -1.156 -43.099 16.418
v 0.189 -41.503 21.885
v -1.156 -43.099 16.418
v 0.598 -43.549 16.418
v 0.189 -41.503 21.885
v 0.598 -43.549 16.418
v 2.045 -42.459 16.418
v 0.189 -41.503 21.885
v 2.045 -42.459 16.418
v 2.094 -40.648 16.418
v 0.189 -41.503 21.885
v 2.045 -42.459 16.418
v 0.598 -43.549 16.418
v -1.156 -43.099 16.418
v -1.897 -41.446 16.418
v -1.068 -39.836 16.418
v 0.709 -39.481 16.418
v 2.094 -40.648 16.418
v 34.374 25.677 13.337
v 34.624 25.789 13.337
v 34.512 26.040 13.337
v 34.262 25.927 13.337
v 34.262 25.927 9.620
v 34.512 26.040 9.620
v 34.624 25.789 9.620
v 34.374 25.677 9.620
v 34.374 25.677 9.620
v 34.624 25.789 9.620
v 34.624 25.789 13.337
v 34.374 25.677 13.337
v 34.624 25.789 9.620
v 34.512 26.040 9.620
v 34.512 26.040 13.337
v 34.624 25.789 13.337
v 34.512 26.040 9.620
v 34.262 25.927 9.620
v 34.262 25.927 13.337
v 34.512 26.040 13.337
v 34.262 25.927 9.620
v 34.374 25.677 9.620
v 34.374 25.677 13.337
v 34.262 25.927 13.337
v 37.193 27.092 12.031
v 35.193 28.777 12.031
v 34.443 25.858 17.355
v 35.193 28.777 12.031
v 32.628 28.265 12.031
v 34.443 25.858 17.355
v 32.628 28.265 12.031
v 31.430 25.940 12.031
v 34.443 25.858 17.355
v 31.430 25.940 12.031
v 32.501 23.554 12.031
v 34.443 25.858 17.355
v 32.501 23.554 12.031
v 35.034 22.903 12.031
v 34.443 25.858 17.355
v 35.034 22.903 12.031
v 37.122 24.477 12.031
v 34.443 25.858 17.355
v 37.122 24.477 12.031
v 37.193 27.092 12.031
v 34.443 25.858 17.355
v 37.122 24.477 12.031
v 35.034 22.903 12.031
v 32.501 23.554 12.031
v 31.430 25.940 12.031
v 32.628 28.265 12.031
v 35.193 28.777 12.031
v 37.193 27.092 12.031
v 36.368 26.722 14.341
v 34.968 27.902 14.341
v 34.443 25.858 19.867
v 34.968 27.902 14.341
v 33.173 27.543 14.341
v 34.443 25.858 19.867
v 33.173 27.543 14.341
v 32.334 25.916 14.341
v 34.443 25.858 19.867
v 32.334 25.916 14.341
v 33.083 24.245 14.341
v 34.443 25.858 19.867
v 33.083 24.245 14.341
v 34.856 23.789 14.341
v 34.443 25.858 19.867
v 34.856 23.789 14.341
v 36.318 24.892 14.341
v 34.443 25.858 19.867
v 36.318 24.892 14.341
v 36.368 26.722 14.341
v 34.443 25.858 19.867
v 36.318 24.892 14.341
v 34.856 23.789 14.341
v 33.083 24.245 14.341
v 32.334 25.916 14.341
v 33.173 27.543 14.341
v 34.968 27.902 14.341
v 36.368 26.722 14.341
v 9.405 51.066 5.708
v 9.655 51.178 5.708
v 9.543 51.428 5.708
v 9.293 51.316 5.708
v 9.293 51.316 2.224
v 9.543 51.428 2.224
v 9.655 51.178 2.224
v 9.405 51.066 2.224
v 9.405 51.066 2.224
v 9.655 51.178 2.224
v 9.655 51.178 5.708
v 9.405 51.066 5.708
v 9.655 51.178 2.224
v 9.543 51.428 2.224
v 9.543 51.428 5.708
v 9.655 51.178 5.708
v 9.543 51.428 2.224
v 9.293 51.316 2.224
v 9.293 51.316 5.708
v 9.543 51.428 5.708
v 9.293 51.316 2.224
v 9.405 51.066 2.224
v 9.405 51.066 5.708
v 9.293 51.316 5.708
v 12.043 52.399 4.488
v 10.175 53.974 4.488
v 9.474 51.247 9.462
v 10.175 53.974 4.488
v 7.779 53.495 4.488
v 9.474 51.247 9.462
v 7.779 53.495 4.488
v 6.660 51.324 4.488
v 9.474 51.247 9.462
v 6.660 51.324 4.488
v 7.660 49.095 4.488
v 9.474 51.247 9.462
v 7.660 49.095 4.488
v 10.026 48.487 4.488
v 9.474 51.247 9.462
v 10.026 48.487 4.488
v 11.976 49.957 4.488
v 9.474 51.247 9.462
v 11.976 49.957 4.488
v 12.043 52.399 4.488
v 9.474 51.247 9.462
v 11.976 49.957 4.488
v 10.026 48.487 4.488
v 7.660 49.095 4.488
v 6.660 51.324 4.488
v 7.779 53.495 4.488
v 10.175 53.974 4.488
v 12.043 52.399 4.488
v 11.272 52.054 6.647
v 9.964 53.156 6.647
v 9.474 51.247 11.808
v 9.964 53.156 6.647
v 8.288 52.821 6.647
v 9.474 51.247 11.808
v 8.288 52.821 6.647
v 7.504 51.301 6.647
v 9.474 51.247 11.808
v 7.504 51.301 6.647
v 8.204 49.740 6.647
v 9.474 51.247 11.808
v 8.204 49.740 6.647
v 9.860 49.315 6.647
v 9.474 51.247 11.808
v 9.860 49.315 6.647
v 11.226 50.344 6.647
v 9.474 51.247 11.808
v 11.226 50.344 6.647
v 11.272 52.054 6.647
v 9.474 51.247 11.808
v 11.226 50.344 6.647
v 9.860 49.315 6.647
v 8.204 49.740 6.647
v 7.504 51.301 6.647
v 8.288 52.821 6.647
v 9.964 53.156 6.647
v 11.272 52.054 6.647
v 2.045 -20.577 13.432
v 2.295 -20.465 13.432
v 2.183 -20.214 13.432
v 1.933 -20.327 13.432
v 1.933 -20.327 10.060
v 2.183 -20.214 10.060
v 2.295 -20.465 10.060
v 2.045 -20.577 10.060
v 2.045 -20.577 10.060
v 2.295 -20.465 10.060
v 2.295 -20.465 13.432
v 2.045 -20.577 13.432
v 2.295 -20.465 10.060
v 2.183 -20.214 10.060
v 2.183 -20.214 13.432
v 2.295 -20.465 13.432
v 2.183 -20.214 10.060
v 1.933 -20.327 10.060
v 1.933 -20.327 13.432
v 2.183 -20.214 13.432
v 1.933 -20.327 10.060
v 2.045 -20.577 10.060
v 2.045 -20.577 13.432
v 1.933 -20.327 13.432
v 4.595 -19.283 12.254
v 2.791 -17.762 12.254
v 2.114 -20.396 17.057
v 2.791 -17.762 12.254
v 0.477 -18.225 12.254
v 2.114 -20.396 17.057
v 0.477 -18.225 12.254
v -0.604 -20.322 12.254
v 2.114 -20.396 17.057
v -0.604 -20.322 12.254
v 0.362 -22.475 12.254
v 2.114 -20.396 17.057
v 0.362 -22.475 12.254
v 2.647 -23.062 12.254
v 2.114 -20.396 17.057
v 2.647 -23.062 12.254
v 4.531 -21.641 12.254
v 2.114 -20.396 17.057
v 4.531 -21.641 12.254
v 4.595 -19.283 12.254
v 2.114 -20.396 17.057
v 4.531 -21.641 12.254
v 2.647 -23.062 12.254
v 0.362 -22.475 12.254
v -0.604 -20.322 12.254
v 0.477 -18.225 12.254
v 2.791 -17.762 12.254
v 4.595 -19.283 12.254
v 3.851 -19.617 14.338
v 2.588 -18.552 14.338
v 2.114 -20.396 19.323
v 2.588 -18.552 14.338
v 0.968 -18.876 14.338
v 2.114 -20.396 19.323
v 0.968 -18.876 14.338
v 0.212 -20.344 14.338
v 2.114 -20.396 19.323
v 0.212 -20.344 14.338
v 0.888 -21.851 14.338
v 2.114 -20.396 19.323
v 0.888 -21.851 14.338
v 2.487 -22.262 14.338
v 2.114 -20.396 19.323
v 2.487 -22.262 14.338
v 3.806 -21.268 14.338
v 2.114 -20.396 19.323
v 3.806 -21.268 14.338
v 3.851 -19.617 14.338
v 2.114 -20.396 19.323
v 3.806 -21.268 14.338
v 2.487 -22.262 14.338
v 0.888 -21.851 14.338
v 0.212 -20.344 14.338
v 0.968 -18.876 14.338
v 2.588 -18.552 14.338
v 3.851 -19.617 14.338
v 30.983 70.857 7.656
v 31.234 70.969 7.656
v 31.121 71.220 7.656
v 30.871 71.107 7.656
v 30.871 71.107 4.504
v 31.121 71.220 4.504
v 31.234 70.969 4.504
v 30.983 70.857 4.504
v 30.983 70.857 4.504
v 31.234 70.969 4.504
v 31.234 70.969 7.656
v 30.983 70.857 7.656
v 31.234 70.969 4.504
v 31.121 71.220 4.504
v 31.121 71.220 7.656
v 31.234 70.969 7.656
v 31.121 71.220 4.504
v 30.871 71.107 4.504
v 30.871 71.107 7.656
v 31.121 71.220 7.656
v 30.871 71.107 4.504
v 30.983 70.857 4.504
v 30.983 70.857 7.656
v 30.871 71.107 7.656
v 33.361 72.074 6.560
v 31.682 73.489 6.560
v 31.052 71.038 11.029
v 31.682 73.489 6.560
v 29.529 73.058 6.560
v 31.052 71.038 11.029
v 29.529 73.058 6.560
v 28.524 71.107 6.560
v 31.052 71.038 11.029
v 28.524 71.107 6.560
v 29.422 69.104 6.560
v 31.052 71.038 11.029
v 29.422 69.104 6.560
v 31.548 68.558 6.560
v 31.052 71.038 11.029
v 31.548 68.558 6.560
v 33.301 69.879 6.560
v 31.052 71.038 11.029
v 33.301 69.879 6.560
v 33.361 72.074 6.560
v 31.052 71.038 11.029
v 33.301 69.879 6.560
v 31.548 68.558 6.560
v 29.422 69.104 6.560
v 28.524 71.107 6.560
v 29.529 73.058 6.560
v 31.682 73.489 6.560
v 33.361 72.074 6.560
v 32.668 71.763 8.499
v 31.493 72.753 8.499
v 31.052 71.038 13.137
v 31.493 72.753 8.499
v 29.986 72.452 8.499
v 31.052 71.038 13.137
v 29.986 72.452 8.499
v 29.282 71.086 8.499
v 31.052 71.038 13.137
v 29.282 71.086 8.499
v 29.911 69.684 8.499
v 31.052 71.038 13.137
v 29.911 69.684 8.499
v 31.400 69.302 8.499
v 31.052 71.038 13.137
v 31.400 69.302 8.499
v 32.627 70.227 8.499
v 31.052 71.038 13.137
v 32.627 70.227 8.499
v 32.668 71.763 8.499
v 31.052 71.038 13.137
v 32.627 70.227 8.499
v 31.400 69.302 8.499
v 29.911 69.684 8.499
v 29.282 71.086 8.499
v 29.986 72.452 8.499
v 31.493 72.753 8.499
v 32.668 71.763 8.499
v 45.881 60.484 11.142
v 46.132 60.596 11.142
v 46.019 60.846 11.142
v 45.769 60.734 11.142
v 45.769 60.734 8.417
v 46.019 60.846 8.417
v 46.132 60.596 8.417
v 45.881 60.484 8.417
v 45.881 60.484 8.417
v 46.132 60.596 8.417
v 46.132 60.596 11.142
v 45.881 60.484 11.142
v 46.132 60.596 8.417
v 46.019 60.846 8.417
v 46.019 60.846 11.142
v 46.132 60.596 11.142
v 46.019 60.846 8.417
v 45.769 60.734 8.417
v 45.769 60.734 11.142
v 46.019 60.846 11.142
v 45.769 60.734 8.417
v 45.881 60.484 8.417
v 45.881 60.484 11.142
v 45.769 60.734 11.142
v 47.926 61.551 10.204
v 46.489 62.762 10.204
v 45.950 60.665 14.029
v 46.489 62.762 10.204
v 44.647 62.394 10.204
v 45.950 60.665 14.029
v 44.647 62.394 10.204
v 43.786 60.724 10.204
v 45.950 60.665 14.029
v 43.786 60.724 10.204
v 44.555 59.010 10.204
v 45.950 60.665 14.029
v 44.555 59.010 10.204
v 46.375 58.542 10.204
v 45.950 60.665 14.029
v 46.375 58.542 10.204
v 47.875 59.673 10.204
v 45.950 60.665 14.029
v 47.875 59.673 10.204
v 47.926 61.551 10.204
v 45.950 60.665 14.029
v 47.875 59.673 10.204
v 46.375 58.542 10.204
v 44.555 59.010 10.204
v 43.786 60.724 10.204
v 44.647 62.394 10.204
v 46.489 62.762 10.204
v 47.926 61.551 10.204
v 47.333 61.285 11.864
v 46.328 62.133 11.864
v 45.950 60.665 15.833
v 46.328 62.133 11.864
v 45.038 61.875 11.864
v 45.950 60.665 15.833
v 45.038 61.875 11.864
v 44.436 60.706 11.864
v 45.950 60.665 15.833
v 44.436 60.706 11.864
v 44.974 59.506 11.864
v 45.950 60.665 15.833
v 44.974 59.506 11.864
v 46.247 59.179 11.864
v 45.950 60.665 15.833
v 46.247 59.179 11.864
v 47.297 59.971 11.864
v 45.950 60.665 15.833
v 47.297 59.971 11.864
v 47.333 61.285 11.864
v 45.950 60.665 15.833
v 47.297 59.971 11.864
v 46.247 59.179 11.864
v 44.974 59.506 11.864
v 44.436 60.706 11.864
v 45.038 61.875 11.864
v 46.328 62.133 11.864
v 47.333 61.285 11.864
v 53.330 29.943 16.871
v 53.580 30.055 16.871
v 53.468 30.305 16.871
v 53.218 30.193 16.871
v 53.218 30.193 13.207
v 53.468 30.305 13.207
v 53.580 30.055 13.207
v 53.330 29.943 13.207
v 53.330 29.943 13.207
v 53.580 30.055 13.207
v 53.580 30.055 16.871
v 53.330 29.943 16.871
v 53.580 30.055 13.207
v 53.468 30.305 13.207
v 53.468 30.305 16.871
v 53.580 30.055 16.871
v 53.468 30.305 13.207
v 53.218 30.193 13.207
v 53.218 30.193 16.871
v 53.468 30.305 16.871
v 53.218 30.193 13.207
v 53.330 29.943 13.207
v 53.330 29.943 16.871
v 53.218 30.193 16.871
v 56.108 31.339 15.585
v 54.138 33.000 15.585
v 53.399 30.124 20.831
v 54.138 33.000 15.585
v 51.611 32.495 15.585
v 53.399 30.124 20.831
v 51.611 32.495 15.585
v 50.431 30.205 15.585
v 53.399 30.124 20.831
v 50.431 30.205 15.585
v 51.485 27.853 15.585
v 53.399 30.124 20.831
v 51.485 27.853 15.585
v 53.981 27.212 15.585
v 53.399 30.124 20.831
v 53.981 27.212 15.585
v 56.038 28.763 15.585
v 53.399 30.124 20.831
v 56.038 28.763 15.585
v 56.108 31.339 15.585
v 53.399 30.124 20.831
v 56.038 28.763 15.585
v 53.981 27.212 15.585
v 51.485 27.853 15.585
v 50.431 30.205 15.585
v 51.611 32.495 15.585
v 54.138 33.000 15.585
v 56.108 31.339 15.585
v 55.295 30.975 17.861
v 53.916 32.137 17.861
v 53.399 30.124 23.305
v 53.916 32.137 17.861
v 52.147 31.784 17.861
v 53.399 30.124 23.305
v 52.147 31.784 17.861
v 51.321 30.180 17.861
v 53.399 30.124 23.305
v 51.321 30.180 17.861
v 52.059 28.535 17.861
v 53.399 30.124 23.305
v 52.059 28.535 17.861
v 53.806 28.086 17.861
v 53.399 30.124 23.305
v 53.806 28.086 17.861
v 55.247 29.172 17.861
v 53.399 30.124 23.305
v 55.247 29.172 17.861
v 55.295 30.975 17.861
v 53.399 30.124 23.305
v 55.247 29.172 17.861
v 53.806 28.086 17.861
v 52.059 28.535 17.861
v 51.321 30.180 17.861
v 52.147 31.784 17.861
v 53.916 32.137 17.861
v 55.295 30.975 17.861
v 30.413 -8.054 17.999
v 30.664 -7.942 17.999
v 30.551 -7.692 17.999
v 30.301 -7.804 17.999
v 30.301 -7.804 14.528
v 30.551 -7.692 14.528
v 30.664 -7.942 14.528
v 30.413 -8.054 14.528
v 30.413 -8.054 14.528
v 30.664 -7.942 14.528
v 30.664 -7.942 17.999
v 30.413 -8.054 17.999
v 30.664 -7.942 14.528
v 30.551 -7.692 14.528
v 30.551 -7.692 17.999
v 30.664 -7.942 17.999
v 30.551 -7.692 14.528
v 30.301 -7.804 14.528
v 30.301 -7.804 17.999
v 30.551 -7.692 17.999
v 30.301 -7.804 14.528
v 30.413 -8.054 14.528
v 30.413 -8.054 17.999
v 30.301 -7.804 17.999
v 33.040 -6.726 16.784
v 31.180 -5.158 16.784
v 30.482 -7.873 21.737
v 31.180 -5.158 16.784
v 28.794 -5.634 16.784
v 30.482 -7.873 21.737
v 28.794 -5.634 16.784
v 27.680 -7.797 16.784
v 30.482 -7.873 21.737
v 27.680 -7.797 16.784
v 28.676 -10.017 16.784
v 30.482 -7.873 21.737
v 28.676 -10.017 16.784
v 31.032 -10.622 16.784
v 30.482 -7.873 21.737
v 31.032 -10.622 16.784
v 32.974 -9.158 16.784
v 30.482 -7.873 21.737
v 32.974 -9.158 16.784
v 33.040 -6.726 16.784
v 30.482 -7.873 21.737
v 32.974 -9.158 16.784
v 31.032 -10.622 16.784
v 28.676 -10.017 16.784
v 27.680 -7.797 16.784
v 28.794 -5.634 16.784
v 31.180 -5.158 16.784
v 33.040 -6.726 16.784
v 32.273 -7.070 18.933
v 30.971 -5.972 18.933
v 30.482 -7.873 24.073
v 30.971 -5.972 18.933
v 29.301 -6.306 18.933
v 30.482 -7.873 24.073
v 29.301 -6.306 18.933
v 28.521 -7.820 18.933
v 30.482 -7.873 24.073
v 28.521 -7.820 18.933
v 29.218 -9.374 18.933
v 30.482 -7.873 24.073
v 29.218 -9.374 18.933
v 30.867 -9.798 18.933
v 30.482 -7.873 24.073
v 30.867 -9.798 18.933
v 32.227 -8.772 18.933
v 30.482 -7.873 24.073
v 32.227 -8.772 18.933
v 32.273 -7.070 18.933
v 30.482 -7.873 24.073
v 32.227 -8.772 18.933
v 30.867 -9.798 18.933
v 29.218 -9.374 18.933
v 28.521 -7.820 18.933
v 29.301 -6.306 18.933
v 30.971 -5.972 18.933
v 32.273 -7.070 18.933
v -49.212 -17.303 3.749
v -48.962 -17.190 3.749
v -49.074 -16.940 3.749
v -49.324 -17.052 3.749
v -49.324 -17.052 0.531
v -49.074 -16.940 0.531
v -48.962 -17.190 0.531
v -49.212 -17.303 0.531
v -49.212 -17.303 0.531
v -48.962 -17.190 0.531
v -48.962 -17.190 3.749
v -49.212 -17.303 3.749
v -48.962 -17.190 0.531
v -49.074 -16.940 0.531
v -49.074 -16.940 3.749
v -48.962 -17.190 3.749
v -49.074 -16.940 0.531
v -49.324 -17.052 0.531
v -49.324 -17.052 3.749
v -49.074 -16.940 3.749
v -49.324 -17.052 0.531
v -49.212 -17.303 0.531
v -49.212 -17.303 3.749
v -49.324 -17.052 3.749
v -46.783 -16.063 2.628
v -48.499 -14.616 2.628
v -49.143 -17.121 7.199
v -48.499 -14.616 2.628
v -50.701 -15.056 2.628
v -49.143 -17.121 7.199
v -50.701 -15.056 2.628
v -51.729 -17.051 2.628
v -49.143 -17.121 7.199
v -51.729 -17.051 2.628
v -50.811 -19.100 2.628
v -49.143 -17.121 7.199
v -50.811 -19.100 2.628
v -48.636 -19.658 2.628
v -49.143 -17.121 7.199
v -48.636 -19.658 2.628
v -46.844 -18.307 2.628
v -49.143 -17.121 7.199
v -46.844 -18.307 2.628
v -46.783 -16.063 2.628
v -49.143 -17.121 7.199
v -46.844 -18.307 2.628
v -48.636 -19.658 2.628
v -50.811 -19.100 2.628
v -51.729 -17.051 2.628
v -50.701 -15.056 2.628
v -48.499 -14.616 2.628
v -46.783 -16.063 2.628
v -47.491 -16.380 4.612
v -48.692 -15.367 4.612
v -49.143 -17.121 9.355
v -48.692 -15.367 4.612
v -50.234 -15.675 4.612
v -49.143 -17.121 9.355
v -50.234 -15.675 4.612
v -50.954 -17.072 4.612
v -49.143 -17.121 9.355
v -50.954 -17.072 4.612
v -50.310 -18.506 4.612
v -49.143 -17.121 9.355
v -50.310 -18.506 4.612
v -48.788 -18.897 4.612
v -49.143 -17.121 9.355
v -48.788 -18.897 4.612
v -47.533 -17.951 4.612
v -49.143 -17.121 9.355
v -47.533 -17.951 4.612
v -47.491 -16.380 4.612
v -49.143 -17.121 9.355
v -47.533 -17.951 4.612
v -48.788 -18.897 4.612
v -50.310 -18.506 4.612
v -50.954 -17.072 4.612
v -50.234 -15.675 4.612
v -48.692 -15.367 4.612
v -47.491 -16.380 4.612
v -24.011 -36.963 9.283
v -23.761 -36.851 9.283
v -23.873 -36.600 9.283
v -24.124 -36.713 9.283
v -24.124 -36.713 6.723
v -23.873 -36.600 6.723
v -23.761 -36.851 6.723
v -24.011 -36.963 6.723
v -24.011 -36.963 6.723
v -23.761 -36.851 6.723
v -23.761 -36.851 9.283
v -24.011 -36.963 9.283
v -23.761 -36.851 6.723
v -23.873 -36.600 6.723
v -23.873 -36.600 9.283
v -23.761 -36.851 9.283
v -23.873 -36.600 6.723
v -24.124 -36.713 6.723
v -24.124 -36.713 9.283
v -23.873 -36.600 9.283
v -24.124 -36.713 6.723
v -24.011 -36.963 6.723
v -24.011 -36.963 9.283
v -24.124 -36.713 9.283
v -22.096 -35.954 8.407
v -23.439 -34.822 8.407
v -23.942 -36.782 11.981
v -23.439 -34.822 8.407
v -25.160 -35.166 8.407
v -23.942 -36.782 11.981
v -25.160 -35.166 8.407
v -25.965 -36.727 8.407
v -23.942 -36.782 11.981
v -25.965 -36.727 8.407
v -25.246 -38.329 8.407
v -23.942 -36.782 11.981
v -25.246 -38.329 8.407
v -23.546 -38.766 8.407
v -23.942 -36.782 11.981
v -23.546 -38.766 8.407
v -22.144 -37.709 8.407
v -23.942 -36.782 11.981
v -22.144 -37.709 8.407
v -22.096 -35.954 8.407
v -23.942 -36.782 11.981
v -22.144 -37.709 8.407
v -23.546 -38.766 8.407
v -25.246 -38.329 8.407
v -25.965 -36.727 8.407
v -25.160 -35.166 8.407
v -23.439 -34.822 8.407
v -22.096 -35.954 8.407
v -22.650 -36.202 9.958
v -23.590 -35.410 9.958
v -23.942 -36.782 13.667
v -23.590 -35.410 9.958
v -24.795 -35.651 9.958
v -23.942 -36.782 13.667
v -24.795 -35.651 9.958
v -25.358 -36.743 9.958
v -23.942 -36.782 13.667
v -25.358 -36.743 9.958
v -24.855 -37.864 9.958
v -23.942 -36.782 13.667
v -24.855 -37.864 9.958
v -23.665 -38.170 9.958
v -23.942 -36.782 13.667
v -23.665 -38.170 9.958
v -22.683 -37.430 9.958
v -23.942 -36.782 13.667
v -22.683 -37.430 9.958
v -22.650 -36.202 9.958
v -23.942 -36.782 13.667
v -22.683 -37.430 9.958
v -23.665 -38.170 9.958
v -24.855 -37.864 9.958
v -25.358 -36.743 9.958
v -24.795 -35.651 9.958
v -23.590 -35.410 9.958
v -22.650 -36.202 9.958
v -20.512 -19.225 9.009
v -20.262 -19.113 9.009
v -20.374 -18.863 9.009
v -20.624 -18.975 9.009
v -20.624 -18.975 5.234
v -20.374 -18.863 5.234
v -20.262 -19.113 5.234
v -20.512 -19.225 5.234
v -20.512 -19.225 5.234
v -20.262 -19.113 5.234
v -20.262 -19.113 9.009
v -20.512 -19.225 9.009
v -20.262 -19.113 5.234
v -20.374 -18.863 5.234
v -20.374 -18.863 9.009
v -20.262 -19.113 9.009
v -20.374 -18.863 5.234
v -20.624 -18.975 5.234
v -20.624 -18.975 9.009
v -20.374 -18.863 9.009
v -20.624 -18.975 5.234
v -20.512 -19.225 5.234
v -20.512 -19.225 9.009
v -20.624 -18.975 9.009
v -17.647 -17.790 7.681
v -19.680 -16.077 7.681
v -20.443 -19.044 13.094
v -19.680 -16.077 7.681
v -22.288 -16.598 7.681
v -20.443 -19.044 13.094
v -22.288 -16.598 7.681
v -23.506 -18.961 7.681
v -20.443 -19.044 13.094
v -23.506 -18.961 7.681
v -22.418 -21.387 7.681
v -20.443 -19.044 13.094
v -22.418 -21.387 7.681
v -19.842 -22.049 7.681
v -20.443 -19.044 13.094
v -19.842 -22.049 7.681
v -17.720 -20.448 7.681
v -20.443 -19.044 13.094
v -17.720 -20.448 7.681
v -17.647 -17.790 7.681
v -20.443 -19.044 13.094
v -17.720 -20.448 7.681
v -19.842 -22.049 7.681
v -22.418 -21.387 7.681
v -23.506 -18.961 7.681
v -22.288 -16.598 7.681
v -19.680 -16.077 7.681
v -17.647 -17.790 7.681
v -18.486 -18.166 10.030
v -19.909 -16.967 10.030
v -20.443 -19.044 15.647
v -19.909 -16.967 10.030
v -21.734 -17.332 10.030
v -20.443 -19.044 15.647
v -21.734 -17.332 10.030
v -22.587 -18.986 10.030
v -20.443 -19.044 15.647
v -22.587 -18.986 10.030
v -21.825 -20.684 10.030
v -20.443 -19.044 15.647
v -21.825 -20.684 10.030
v -20.023 -21.147 10.030
v -20.443 -19.044 15.647
v -20.023 -21.147 10.030
v -18.537 -20.027 10.030
v -20.443 -19.044 15.647
v -18.537 -20.027 10.030
v -18.486 -18.166 10.030
v -20.443 -19.044 15.647
v -18.537 -20.027 10.030
v -20.023 -21.147 10.030
v -21.825 -20.684 10.030
v -22.587 -18.986 10.030
v -21.734 -17.332 10.030
v -19.909 -16.967 10.030
v -18.486 -18.166 10.030
v -45.633 -54.886 6.316
v -45.382 -54.774 6.316
v -45.495 -54.524 6.316
v -45.745 -54.636 6.316
v -45.745 -54.636 2.905
v -45.495 -54.524 2.905
v -45.382 -54.774 2.905
v -45.633 -54.886 2.905
v -45.633 -54.886 2.905
v -45.382 -54.774 2.905
v -45.382 -54.774 6.316
v -45.633 -54.886 6.316
v -45.382 -54.774 2.905
v -45.495 -54.524 2.905
v -45.495 -54.524 6.316
v -45.382 -54.774 6.316
v -45.495 -54.524 2.905
v -45.745 -54.636 2.905
v -45.745 -54.636 6.316
v -45.495 -54.524 6.316
v -45.745 -54.636 2.905
v -45.633 -54.886 2.905
v -45.633 -54.886 6.316
v -45.745 -54.636 6.316
v -43.053 -53.579 5.123
v -44.879 -52.040 5.123
v -45.564 -54.705 9.985
v -44.879 -52.040 5.123
v -47.220 -52.508 5.123
v -45.564 -54.705 9.985
v -47.220 -52.508 5.123
v -48.314 -54.631 5.123
v -45.564 -54.705 9.985
v -48.314 -54.631 5.123
v -47.337 -56.809 5.123
v -45.564 -54.705 9.985
v -47.337 -56.809 5.123
v -45.024 -57.404 5.123
v -45.564 -54.705 9.985
v -45.024 -57.404 5.123
v -43.118 -55.966 5.123
v -45.564 -54.705 9.985
v -43.118 -55.966 5.123
v -43.053 -53.579 5.123
v -45.564 -54.705 9.985
v -43.118 -55.966 5.123
v -45.024 -57.404 5.123
v -47.337 -56.809 5.123
v -48.314 -54.631 5.123
v -47.220 -52.508 5.123
v -44.879 -52.040 5.123
v -43.053 -53.579 5.123
v -43.806 -53.917 7.233
v -45.084 -52.840 7.233
v -45.564 -54.705 12.278
v -45.084 -52.840 7.233
v -46.723 -53.167 7.233
v -45.564 -54.705 12.278
v -46.723 -53.167 7.233
v -47.489 -54.653 7.233
v -45.564 -54.705 12.278
v -47.489 -54.653 7.233
v -46.805 -56.178 7.233
v -45.564 -54.705 12.278
v -46.805 -56.178 7.233
v -45.186 -56.594 7.233
v -45.564 -54.705 12.278
v -45.186 -56.594 7.233
v -43.851 -55.588 7.233
v -45.564 -54.705 12.278
v -43.851 -55.588 7.233
v -43.806 -53.917 7.233
v -45.564 -54.705 12.278
v -43.851 -55.588 7.233
v -45.186 -56.594 7.233
v -46.805 -56.178 7.233
v -47.489 -54.653 7.233
v -46.723 -53.167 7.233
v -45.084 -52.840 7.233
v -43.806 -53.917 7.233
v -39.411 -1.583 3.213
v -39.161 -1.471 3.213
v -39.273 -1.220 3.213
v -39.523 -1.333 3.213
v -39.523 -1.333 0.234
v -39.273 -1.220 0.234
v -39.161 -1.471 0.234
v -39.411 -1.583 0.234
v -39.411 -1.583 0.234
v -39.161 -1.471 0.234
v -39.161 -1.471 3.213
v -39.411 -1.583 3.213
v -39.161 -1.471 0.234
v -39.273 -1.220 0.234
v -39.273 -1.220 3.213
v -39.161 -1.471 3.213
v -39.273 -1.220 0.234
v -39.523 -1.333 0.234
v -39.523 -1.333 3.213
v -39.273 -1.220 3.213
v -39.523 -1.333 0.234
v -39.411 -1.583 0.234
v -39.411 -1.583 3.213
v -39.523 -1.333 3.213
v -37.168 -0.427 2.181
v -38.749 0.906 2.181
v -39.342 -1.402 6.390
v -38.749 0.906 2.181
v -40.777 0.501 2.181
v -39.342 -1.402 6.390
v -40.777 0.501 2.181
v -41.724 -1.337 2.181
v -39.342 -1.402 6.390
v -41.724 -1.337 2.181
v -40.878 -3.224 2.181
v -39.342 -1.402 6.390
v -40.878 -3.224 2.181
v -38.875 -3.738 2.181
v -39.342 -1.402 6.390
v -38.875 -3.738 2.181
v -37.224 -2.493 2.181
v -39.342 -1.402 6.390
v -37.224 -2.493 2.181
v -37.168 -0.427 2.181
v -39.342 -1.402 6.390
v -37.224 -2.493 2.181
v -38.875 -3.738 2.181
v -40.878 -3.224 2.181
v -41.724 -1.337 2.181
v -40.777 0.501 2.181
v -38.749 0.906 2.181
v -37.168 -0.427 2.181
v -37.820 -0.719 4.008
v -38.927 0.214 4.008
v -39.342 -1.402 8.376
v -38.927 0.214 4.008
v -40.346 -0.070 4.008
v -39.342 -1.402 8.376
v -40.346 -0.070 4.008
v -41.009 -1.357 4.008
v -39.342 -1.402 8.376
v -41.009 -1.357 4.008
v -40.417 -2.677 4.008
v -39.342 -1.402 8.376
v -40.417 -2.677 4.008
v -39.015 -3.037 4.008
v -39.342 -1.402 8.376
v -39.015 -3.037 4.008
v -37.860 -2.166 4.008
v -39.342 -1.402 8.376
v -37.860 -2.166 4.008
v -37.820 -0.719 4.008
v -39.342 -1.402 8.376
v -37.860 -2.166 4.008
v -39.015 -3.037 4.008
v -40.417 -2.677 4.008
v -41.009 -1.357 4.008
v -40.346 -0.070 4.008
v -38.927 0.214 4.008
v -37.820 -0.719 4.008
v -20.988 -52.060 10.118
v -20.737 -51.948 10.118
v -20.850 -51.698 10.118
v -21.100 -51.810 10.118
v -21.100 -51.810 6.625
v -20.850 -51.698 6.625
v -20.737 -51.948 6.625
v -20.988 -52.060 6.625
v -20.988 -52.060 6.625
v -20.737 -51.948 6.625
v -20.737 -51.948 10.118
v -20.988 -52.060 10.118
v -20.737 -51.948 6.625
v -20.850 -51.698 6.625
v -20.850 -51.698 10.118
v -20.737 -51.948 10.118
v -20.850 -51.698 6.625
v -21.100 -51.810 6.625
v -21.100 -51.810 10.118
v -20.850 -51.698 10.118
v -21.100 -51.810 6.625
v -20.988 -52.060 6.625
v -20.988 -52.060 10.118
v -21.100 -51.810 10.118
v -18.343 -50.724 8.895
v -20.216 -49.145 8.895
v -20.919 -51.879 13.882
v -20.216 -49.145 8.895
v -22.618 -49.625 8.895
v -20.919 -51.879 13.882
v -22.618 -49.625 8.895
v -23.740 -51.803 8.895
v -20.919 -51.879 13.882
v -23.740 -51.803 8.895
v -22.738 -54.037 8.895
v -20.919 -51.879 13.882
v -22.738 -54.037 8.895
v -20.365 -54.647 8.895
v -20.919 -51.879 13.882
v -20.365 -54.647 8.895
v -18.410 -53.172 8.895
v -20.919 -51.879 13.882
v -18.410 -53.172 8.895
v -18.343 -50.724 8.895
v -20.919 -51.879 13.882
v -18.410 -53.172 8.895
v -20.365 -54.647 8.895
v -22.738 -54.037 8.895
v -23.740 -51.803 8.895
v -22.618 -49.625 8.895
v -20.216 -49.145 8.895
v -18.343 -50.724 8.895
v -19.116 -51.070 11.059
v -20.427 -49.965 11.059
v -20.919 -51.879 16.234
v -20.427 -49.965 11.059
v -22.108 -50.301 11.059
v -20.919 -51.879 16.234
v -22.108 -50.301 11.059
v -22.894 -51.825 11.059
v -20.919 -51.879 16.234
v -22.894 -51.825 11.059
v -22.192 -53.390 11.059
v -20.919 -51.879 16.234
v -22.192 -53.390 11.059
v -20.531 -53.817 11.059
v -20.919 -51.879 16.234
v -20.531 -53.817 11.059
v -19.162 -52.784 11.059
v -20.919 -51.879 16.234
v -19.162 -52.784 11.059
v -19.116 -51.070 11.059
v -20.919 -51.879 16.234
v -19.162 -52.784 11.059
v -20.531 -53.817 11.059
v -22.192 -53.390 11.059
v -22.894 -51.825 11.059
v -22.108 -50.301 11.059
v -20.427 -49.965 11.059
v -19.116 -51.070 11.059
v -7.533 -50.318 12.715
v -7.282 -50.206 12.715
v -7.395 -49.956 12.715
v -7.645 -50.068 12.715
v -7.645 -50.068 9.533
v -7.395 -49.956 9.533
v -7.282 -50.206 9.533
v -7.533 -50.318 9.533
v -7.533 -50.318 9.533
v -7.282 -50.206 9.533
v -7.282 -50.206 12.715
v -7.533 -50.318 12.715
v -7.282 -50.206 9.533
v -7.395 -49.956 9.533
v -7.395 -49.956 12.715
v -7.282 -50.206 12.715
v -7.395 -49.956 9.533
v -7.645 -50.068 9.533
v -7.645 -50.068 12.715
v -7.395 -49.956 12.715
v -7.645 -50.068 9.533
v -7.533 -50.318 9.533
v -7.533 -50.318 12.715
v -7.645 -50.068 12.715
v -5.132 -49.091 11.607
v -6.828 -47.662 11.607
v -7.464 -50.137 16.123
v -6.828 -47.662 11.607
v -9.002 -48.097 11.607
v -7.464 -50.137 16.123
v -9.002 -48.097 11.607
v -10.018 -50.068 11.607
v -7.464 -50.137 16.123
v -10.018 -50.068 11.607
v -9.111 -52.091 11.607
v -7.464 -50.137 16.123
v -9.111 -52.091 11.607
v -6.963 -52.643 11.607
v -7.464 -50.137 16.123
v -6.963 -52.643 11.607
v -5.192 -51.308 11.607
v -7.464 -50.137 16.123
v -5.192 -51.308 11.607
v -5.132 -49.091 11.607
v -7.464 -50.137 16.123
v -5.192 -51.308 11.607
v -6.963 -52.643 11.607
v -9.111 -52.091 11.607
v -10.018 -50.068 11.607
v -9.002 -48.097 11.607
v -6.828 -47.662 11.607
v -5.132 -49.091 11.607
v -5.831 -49.405 13.567
v -7.019 -48.404 13.567
v -7.464 -50.137 18.252
v -7.019 -48.404 13.567
v -8.541 -48.709 13.567
v -7.464 -50.137 18.252
v -8.541 -48.709 13.567
v -9.252 -50.089 13.567
v -7.464 -50.137 18.252
v -9.252 -50.089 13.567
v -8.617 -51.505 13.567
v -7.464 -50.137 18.252
v -8.617 -51.505 13.567
v -7.113 -51.891 13.567
v -7.464 -50.137 18.252
v -7.113 -51.891 13.567
v -5.874 -50.957 13.567
v -7.464 -50.137 18.252
v -5.874 -50.957 13.567
v -5.831 -49.405 13.567
v -7.464 -50.137 18.252
v -5.874 -50.957 13.567
v -7.113 -51.891 13.567
v -8.617 -51.505 13.567
v -9.252 -50.089 13.567
v -8.541 -48.709 13.567
v -7.019 -48.404 13.567
v -5.831 -49.405 13.567
v 0.460 -35.896 15.647
v 0.710 -35.784 15.647
v 0.598 -35.533 15.647
v 0.347 -35.646 15.647
v 0.347 -35.646 11.969
v 0.598 -35.533 11.969
v 0.710 -35.784 11.969
v 0.460 -35.896 11.969
v 0.460 -35.896 11.969
v 0.710 -35.784 11.969
v 0.710 -35.784 15.647
v 0.460 -35.896 15.647
v 0.710 -35.784 11.969
v 0.598 -35.533 11.969
v 0.598 -35.533 15.647
v 0.710 -35.784 15.647
v 0.598 -35.533 11.969
v 0.347 -35.646 11.969
v 0.347 -35.646 15.647
v 0.598 -35.533 15.647
v 0.347 -35.646 11.969
v 0.460 -35.896 11.969
v 0.460 -35.896 15.647
v 0.347 -35.646 15.647
v 3.249 -34.494 14.355
v 1.271 -32.827 14.355
v 0.529 -35.715 19.622
v 1.271 -32.827 14.355
v -1.266 -33.334 14.355
v 0.529 -35.715 19.622
v -1.266 -33.334 14.355
v -2.452 -35.634 14.355
v 0.529 -35.715 19.622
v -2.452 -35.634 14.355
v -1.393 -37.994 14.355
v 0.529 -35.715 19.622
v -1.393 -37.994 14.355
v 1.113 -38.638 14.355
v 0.529 -35.715 19.622
v 1.113 -38.638 14.355
v 3.178 -37.081 14.355
v 0.529 -35.715 19.622
v 3.178 -37.081 14.355
v 3.249 -34.494 14.355
v 0.529 -35.715 19.622
v 3.178 -37.081 14.355
v 1.113 -38.638 14.355
v -1.393 -37.994 14.355
v -2.452 -35.634 14.355
v -1.266 -33.334 14.355
v 1.271 -32.827 14.355
v 3.249 -34.494 14.355
v 2.433 -34.861 16.641
v 1.048 -33.693 16.641
v 0.529 -35.715 22.106
v 1.048 -33.693 16.641
v -0.728 -34.048 16.641
v 0.529 -35.715 22.106
v -0.728 -34.048 16.641
v -1.558 -35.658 16.641
v 0.529 -35.715 22.106
v -1.558 -35.658 16.641
v -0.816 -37.310 16.641
v 0.529 -35.715 22.106
v -0.816 -37.310 16.641
v 0.938 -37.761 16.641
v 0.529 -35.715 22.106
v 0.938 -37.761 16.641
v 2.383 -36.671 16.641
v 0.529 -35.715 22.106
v 2.383 -36.671 16.641
v 2.433 -34.861 16.641
v 0.529 -35.715 22.106
v 2.383 -36.671 16.641
v 0.938 -37.761 16.641
v -0.816 -37.310 16.641
v -1.558 -35.658 16.641
v -0.728 -34.048 16.641
v 1.048 -33.693 16.641
v 2.433 -34.861 16.641
v -5.236 -35.222 14.155
v -4.986 -35.110 14.155
v -5.098 -34.860 14.155
v -5.348 -34.972 14.155
v -5.348 -34.972 10.556
v -5.098 -34.860 10.556
v -4.986 -35.110 10.556
v -5.236 -35.222 10.556
v -5.236 -35.222 10.556
v -4.986 -35.110 10.556
v -4.986 -35.110 14.155
v -5.236 -35.222 14.155
v -4.986 -35.110 10.556
v -5.098 -34.860 10.556
v -5.098 -34.860 14.155
v -4.986 -35.110 14.155
v -5.098 -34.860 10.556
v -5.348 -34.972 10.556
v -5.348 -34.972 14.155
v -5.098 -34.860 14.155
v -5.348 -34.972 10.556
v -5.236 -35.222 10.556
v -5.236 -35.222 14.155
v -5.348 -34.972 14.155
v -2.509 -33.848 12.892
v -4.442 -32.219 12.892
v -5.167 -35.041 18.040
v -4.442 -32.219 12.892
v -6.921 -32.714 12.892
v -5.167 -35.041 18.040
v -6.921 -32.714 12.892
v -8.080 -34.962 12.892
v -5.167 -35.041 18.040
v -8.080 -34.962 12.892
v -7.045 -37.269 12.892
v -5.167 -35.041 18.040
v -7.045 -37.269 12.892
v -4.596 -37.898 12.892
v -5.167 -35.041 18.040
v -4.596 -37.898 12.892
v -2.577 -36.376 12.892
v -5.167 -35.041 18.040
v -2.577 -36.376 12.892
v -2.509 -33.848 12.892
v -5.167 -35.041 18.040
v -2.577 -36.376 12.892
v -4.596 -37.898 12.892
v -7.045 -37.269 12.892
v -8.080 -34.962 12.892
v -6.921 -32.714 12.892
v -4.442 -32.219 12.892
v -2.509 -33.848 12.892
v -3.306 -34.206 15.126
v -4.659 -33.065 15.126
v -5.167 -35.041 20.468
v -4.659 -33.065 15.126
v -6.395 -33.412 15.126
v -5.167 -35.041 20.468
v -6.395 -33.412 15.126
v -7.206 -34.985 15.126
v -5.167 -35.041 20.468
v -7.206 -34.985 15.126
v -6.482 -36.600 15.126
v -5.167 -35.041 20.468
v -6.482 -36.600 15.126
v -4.767 -37.041 15.126
v -5.167 -35.041 20.468
v -4.767 -37.041 15.126
v -3.354 -35.975 15.126
v -5.167 -35.041 20.468
v -3.354 -35.975 15.126
v -3.306 -34.206 15.126
v -5.167 -35.041 20.468
v -3.354 -35.975 15.126
v -4.767 -37.041 15.126
v -6.482 -36.600 15.126
v -7.206 -34.985 15.126
v -6.395 -33.412 15.126
v -4.659 -33.065 15.126
v -3.306 -34.206 15.126
v -6.260 5.344 7.749
v -6.010 5.456 7.749
v -6.122 5.706 7.749
v -6.372 5.594 7.749
v -6.372 5.594 4.025
v -6.122 5.706 4.025
v -6.010 5.456 4.025
v -6.260 5.344 4.025
v -6.260 5.344 4.025
v -6.010 5.456 4.025
v -6.010 5.456 7.749
v -6.260 5.344 7.749
v -6.010 5.456 4.025
v -6.122 5.706 4.025
v -6.122 5.706 7.749
v -6.010 5.456 7.749
v -6.122 5.706 4.025
v -6.372 5.594 4.025
v -6.372 5.594 7.749
v -6.122 5.706 7.749
v -6.372 5.594 4.025
v -6.260 5.344 4.025
v -6.260 5.344 7.749
v -6.372 5.594 7.749
v -3.435 6.761 6.440
v -5.439 8.451 6.440
v -6.191 5.525 11.777
v -5.439 8.451 6.440
v -8.009 7.937 6.440
v -6.191 5.525 11.777
v -8.009 7.937 6.440
v -9.210 5.607 6.440
v -6.191 5.525 11.777
v -9.210 5.607 6.440
v -8.138 3.215 6.440
v -6.191 5.525 11.777
v -8.138 3.215 6.440
v -5.599 2.563 6.440
v -6.191 5.525 11.777
v -5.599 2.563 6.440
v -3.506 4.141 6.440
v -6.191 5.525 11.777
v -3.506 4.141 6.440
v -3.435 6.761 6.440
v -6.191 5.525 11.777
v -3.506 4.141 6.440
v -5.599 2.563 6.440
v -8.138 3.215 6.440
v -9.210 5.607 6.440
v -8.009 7.937 6.440
v -5.439 8.451 6.440
v -3.435 6.761 6.440
v -4.262 6.390 8.756
v -5.665 7.573 8.756
v -6.191 5.525 14.294
v -5.665 7.573 8.756
v -7.464 7.213 8.756
v -6.191 5.525 14.294
v -7.464 7.213 8.756
v -8.304 5.582 8.756
v -6.191 5.525 14.294
v -8.304 5.582 8.756
v -7.554 3.908 8.756
v -6.191 5.525 14.294
v -7.554 3.908 8.756
v -5.776 3.452 8.756
v -6.191 5.525 14.294
v -5.776 3.452 8.756
v -4.311 4.556 8.756
v -6.191 5.525 14.294
v -4.311 4.556 8.756
v -4.262 6.390 8.756
v -6.191 5.525 14.294
v -4.311 4.556 8.756
v -5.776 3.452 8.756
v -7.554 3.908 8.756
v -8.304 5.582 8.756
v -7.464 7.213 8.756
v -5.665 7.573 8.756
v -4.262 6.390 8.756
v 25.700 72.876 6.472
v 25.950 72.989 6.472
v 25.838 73.239 6.472
v 25.588 73.127 6.472
v 25.588 73.127 3.399
v 25.838 73.239 3.399
v 25.950 72.989 3.399
v 25.700 72.876 3.399
v 25.700 72.876 3.399
v 25.950 72.989 3.399
v 25.950 72.989 6.472
v 25.700 72.876 6.472
v 25.950 72.989 3.399
v 25.838 73.239 3.399
v 25.838 73.239 6.472
v 25.950 72.989 6.472
v 25.838 73.239 3.399
v 25.588 73.127 3.399
v 25.588 73.127 6.472
v 25.838 73.239 6.472
v 25.588 73.127 3.399
v 25.700 72.876 3.399
v 25.700 72.876 6.472
v 25.588 73.127 6.472
v 28.016 74.066 5.405
v 26.382 75.443 5.405
v 25.769 73.058 9.756
v 26.382 75.443 5.405
v 24.286 75.024 5.405
v 25.769 73.058 9.756
v 24.286 75.024 5.405
v 23.307 73.125 5.405
v 25.769 73.058 9.756
v 23.307 73.125 5.405
v 24.182 71.175 5.405
v 25.769 73.058 9.756
v 24.182 71.175 5.405
v 26.251 70.643 5.405
v 25.769 73.058 9.756
v 26.251 70.643 5.405
v 27.958 71.930 5.405
v 25.769 73.058 9.756
v 27.958 71.930 5.405
v 28.016 74.066 5.405
v 25.769 73.058 9.756
v 27.958 71.930 5.405
v 26.251 70.643 5.405
v 24.182 71.175 5.405
v 23.307 73.125 5.405
v 24.286 75.024 5.405
v 26.382 75.443 5.405
v 28.016 74.066 5.405
v 27.342 73.763 7.293
v 26.198 74.727 7.293
v 25.769 73.058 11.808
v 26.198 74.727 7.293
v 24.731 74.434 7.293
v 25.769 73.058 11.808
v 24.731 74.434 7.293
v 24.046 73.104 7.293
v 25.769 73.058 11.808
v 24.046 73.104 7.293
v 24.658 71.740 7.293
v 25.769 73.058 11.808
v 24.658 71.740 7.293
v 26.107 71.367 7.293
v 25.769 73.058 11.808
v 26.107 71.367 7.293
v 27.301 72.268 7.293
v 25.769 73.058 11.808
v 27.301 72.268 7.293
v 27.342 73.763 7.293
v 25.769 73.058 11.808
v 27.301 72.268 7.293
v 26.107 71.367 7.293
v 24.658 71.740 7.293
v 24.046 73.104 7.293
v 24.731 74.434 7.293
v 26.198 74.727 7.293
v 27.342 73.763 7.293
v 5.115 27.012 6.733
v 5.365 27.124 6.733
v 5.253 27.375 6.733
v 5.003 27.262 6.733
v 5.003 27.262 3.269
v 5.253 27.375 3.269
v 5.365 27.124 3.269
v 5.115 27.012 3.269
v 5.115 27.012 3.269
v 5.365 27.124 3.269
v 5.365 27.124 6.733
v 5.115 27.012 6.733
v 5.365 27.124 3.269
v 5.253 27.375 3.269
v 5.253 27.375 6.733
v 5.365 27.124 6.733
v 5.253 27.375 3.269
v 5.003 27.262 3.269
v 5.003 27.262 6.733
v 5.253 27.375 6.733
v 5.003 27.262 3.269
v 5.115 27.012 3.269
v 5.115 27.012 6.733
v 5.003 27.262 6.733
v 7.737 28.339 5.521
v 5.880 29.903 5.521
v 5.184 27.193 10.464
v 5.880 29.903 5.521
v 3.499 29.427 5.521
v 5.184 27.193 10.464
v 3.499 29.427 5.521
v 2.387 27.269 5.521
v 5.184 27.193 10.464
v 2.387 27.269 5.521
v 3.381 25.054 5.521
v 5.184 27.193 10.464
v 3.381 25.054 5.521
v 5.732 24.450 5.521
v 5.184 27.193 10.464
v 5.732 24.450 5.521
v 7.671 25.911 5.521
v 5.184 27.193 10.464
v 7.671 25.911 5.521
v 7.737 28.339 5.521
v 5.184 27.193 10.464
v 7.671 25.911 5.521
v 5.732 24.450 5.521
v 3.381 25.054 5.521
v 2.387 27.269 5.521
v 3.499 29.427 5.521
v 5.880 29.903 5.521
v 7.737 28.339 5.521
v 6.971 27.995 7.666
v 5.671 29.090 7.666
v 5.184 27.193 12.796
v 5.671 29.090 7.666
v 4.005 28.757 7.666
v 5.184 27.193 12.796
v 4.005 28.757 7.666
v 3.226 27.247 7.666
v 5.184 27.193 12.796
v 3.226 27.247 7.666
v 3.922 25.696 7.666
v 5.184 27.193 12.796
v 3.922 25.696 7.666
v 5.568 25.273 7.666
v 5.184 27.193 12.796
v 5.568 25.273 7.666
v 6.925 26.296 7.666
v 5.184 27.193 12.796
v 6.925 26.296 7.666
v 6.971 27.995 7.666
v 5.184 27.193 12.796
v 6.925 26.296 7.666
v 5.568 25.273 7.666
v 3.922 25.696 7.666
v 3.226 27.247 7.666
v 4.005 28.757 7.666
v 5.671 29.090 7.666
v 6.971 27.995 7.666
v -26.528 -27.984 9.391
v -26.277 -27.871 9.391
v -26.390 -27.621 9.391
v -26.640 -27.733 9.391
v -26.640 -27.733 5.620
v -26.390 -27.621 5.620
v -26.277 -27.871 5.620
v -26.528 -27.984 5.620
v -26.528 -27.984 5.620
v -26.277 -27.871 5.620
v -26.277 -27.871 9.391
v -26.528 -27.984 9.391
v -26.277 -27.871 5.620
v -26.390 -27.621 5.620
v -26.390 -27.621 9.391
v -26.277 -27.871 9.391
v -26.390 -27.621 5.620
v -26.640 -27.733 5.620
v -26.640 -27.733 9.391
v -26.390 -27.621 9.391
v -26.640 -27.733 5.620
v -26.528 -27.984 5.620
v -26.528 -27.984 9.391
v -26.640 -27.733 9.391
v -23.665 -26.549 8.065
v -25.697 -24.837 8.065
v -26.459 -27.802 13.473
v -25.697 -24.837 8.065
v -28.302 -25.358 8.065
v -26.459 -27.802 13.473
v -28.302 -25.358 8.065
v -29.519 -27.719 8.065
v -26.459 -27.802 13.473
v -29.519 -27.719 8.065
v -28.432 -30.143 8.065
v -26.459 -27.802 13.473
v -28.432 -30.143 8.065
v -25.859 -30.804 8.065
v -26.459 -27.802 13.473
v -25.859 -30.804 8.065
v -23.737 -29.205 8.065
v -26.459 -27.802 13.473
v -23.737 -29.205 8.065
v -23.665 -26.549 8.065
v -26.459 -27.802 13.473
v -23.737 -29.205 8.065
v -25.859 -30.804 8.065
v -28.432 -30.143 8.065
v -29.519 -27.719 8.065
v -28.302 -25.358 8.065
v -25.697 -24.837 8.065
v -23.665 -26.549 8.065
v -24.503 -26.925 10.412
v -25.925 -25.727 10.412
v -26.459 -27.802 16.025
v -25.925 -25.727 10.412
v -27.749 -26.091 10.412
v -26.459 -27.802 16.025
v -27.749 -26.091 10.412
v -28.601 -27.744 10.412
v -26.459 -27.802 16.025
v -28.601 -27.744 10.412
v -27.840 -29.441 10.412
v -26.459 -27.802 16.025
v -27.840 -29.441 10.412
v -26.039 -29.904 10.412
v -26.459 -27.802 16.025
v -26.039 -29.904 10.412
v -24.554 -28.784 10.412
v -26.459 -27.802 16.025
v -24.554 -28.784 10.412
v -24.503 -26.925 10.412
v -26.459 -27.802 16.025
v -24.554 -28.784 10.412
v -26.039 -29.904 10.412
v -27.840 -29.441 10.412
v -28.601 -27.744 10.412
v -27.749 -26.091 10.412
v -25.925 -25.727 10.412
v -24.503 -26.925 10.412
v 11.085 -26.765 16.685
v 11.335 -26.652 16.685
v 11.223 -26.402 16.685
v 10.972 -26.514 16.685
v 10.972 -26.514 13.904
v 11.223 -26.402 13.904
v 11.335 -26.652 13.904
v 11.085 -26.765 13.904
v 11.085 -26.765 13.904
v 11.335 -26.652 13.904
v 11.335 -26.652 16.685
v 11.085 -26.765 16.685
v 11.335 -26.652 13.904
v 11.223 -26.402 13.904
v 11.223 -26.402 16.685
v 11.335 -26.652 16.685
v 11.223 -26.402 13.904
v 10.972 -26.514 13.904
v 10.972 -26.514 16.685
v 11.223 -26.402 16.685
v 10.972 -26.514 13.904
v 11.085 -26.765 13.904
v 11.085 -26.765 16.685
v 10.972 -26.514 16.685
v 13.172 -25.678 15.726
v 11.704 -24.441 15.726
v 11.154 -26.583 19.635
v 11.704 -24.441 15.726
v 9.822 -24.817 15.726
v 11.154 -26.583 19.635
v 9.822 -24.817 15.726
v 8.942 -26.523 15.726
v 11.154 -26.583 19.635
v 8.942 -26.523 15.726
v 9.728 -28.275 15.726
v 11.154 -26.583 19.635
v 9.728 -28.275 15.726
v 11.587 -28.753 15.726
v 11.154 -26.583 19.635
v 11.587 -28.753 15.726
v 13.120 -27.597 15.726
v 11.154 -26.583 19.635
v 13.120 -27.597 15.726
v 13.172 -25.678 15.726
v 11.154 -26.583 19.635
v 13.120 -27.597 15.726
v 11.587 -28.753 15.726
v 9.728 -28.275 15.726
v 8.942 -26.523 15.726
v 9.822 -24.817 15.726
v 11.704 -24.441 15.726
v 13.172 -25.678 15.726
v 12.567 -25.950 17.423
v 11.539 -25.083 17.423
v 11.154 -26.583 21.479
v 11.539 -25.083 17.423
v 10.221 -25.347 17.423
v 11.154 -26.583 21.479
v 10.221 -25.347 17.423
v 9.605 -26.541 17.423
v 11.154 -26.583 21.479
v 9.605 -26.541 17.423
v 10.155 -27.768 17.423
v 11.154 -26.583 21.479
v 10.155 -27.768 17.423
v 11.457 -28.102 17.423
v 11.154 -26.583 21.479
v 11.457 -28.102 17.423
v 12.530 -27.293 17.423
v 11.154 -26.583 21.479
v 12.530 -27.293 17.423
v 12.567 -25.950 17.423
v 11.154 -26.583 21.479
v 12.530 -27.293 17.423
v 11.457 -28.102 17.423
v 10.155 -27.768 17.423
v 9.605 -26.541 17.423
v 10.221 -25.347 17.423
v 11.539 -25.083 17.423
v 12.567 -25.950 17.423
v 34.416 43.331 10.520
v 34.667 43.443 10.520
v 34.554 43.694 10.520
v 34.304 43.581 10.520
v 34.304 43.581 7.640
v 34.554 43.694 7.640
v 34.667 43.443 7.640
v 34.416 43.331 7.640
v 34.416 43.331 7.640
v 34.667 43.443 7.640
v 34.667 43.443 10.520
v 34.416 43.331 10.520
v 34.667 43.443 7.640
v 34.554 43.694 7.640
v 34.554 43.694 10.520
v 34.667 43.443 10.520
v 34.554 43.694 7.640
v 34.304 43.581 7.640
v 34.304 43.581 10.520
v 34.554 43.694 10.520
v 34.304 43.581 7.640
v 34.416 43.331 7.640
v 34.416 43.331 10.520
v 34.304 43.581 10.520
v 36.581 44.453 9.524
v 35.057 45.737 9.524
v 34.485 43.512 13.582
v 35.057 45.737 9.524
v 33.102 45.346 9.524
v 34.485 43.512 13.582
v 33.102 45.346 9.524
v 32.189 43.575 9.524
v 34.485 43.512 13.582
v 32.189 43.575 9.524
v 33.005 41.756 9.524
v 34.485 43.512 13.582
v 33.005 41.756 9.524
v 34.935 41.260 9.524
v 34.485 43.512 13.582
v 34.935 41.260 9.524
v 36.527 42.460 9.524
v 34.485 43.512 13.582
v 36.527 42.460 9.524
v 36.581 44.453 9.524
v 34.485 43.512 13.582
v 36.527 42.460 9.524
v 34.935 41.260 9.524
v 33.005 41.756 9.524
v 32.189 43.575 9.524
v 33.102 45.346 9.524
v 35.057 45.737 9.524
v 36.581 44.453 9.524
v 35.952 44.170 11.285
v 34.885 45.070 11.285
v 34.485 43.512 15.496
v 34.885 45.070 11.285
v 33.517 44.796 11.285
v 34.485 43.512 15.496
v 33.517 44.796 11.285
v 32.878 43.556 11.285
v 34.485 43.512 15.496
v 32.878 43.556 11.285
v 33.449 42.283 11.285
v 34.485 43.512 15.496
v 33.449 42.283 11.285
v 34.800 41.936 11.285
v 34.485 43.512 15.496
v 34.800 41.936 11.285
v 35.914 42.776 11.285
v 34.485 43.512 15.496
v 35.914 42.776 11.285
v 35.952 44.170 11.285
v 34.485 43.512 15.496
v 35.914 42.776 11.285
v 34.800 41.936 11.285
v 33.449 42.283 11.285
v 32.878 43.556 11.285
v 33.517 44.796 11.285
v 34.885 45.070 11.285
v 35.952 44.170 11.285
v 8.659 20.821 7.773
v 8.909 20.934 7.773
v 8.797 21.184 7.773
v 8.546 21.072 7.773
v 8.546 21.072 4.580
v 8.797 21.184 4.580
v 8.909 20.934 4.580
v 8.659 20.821 4.580
v 8.659 20.821 4.580
v 8.909 20.934 4.580
v 8.909 20.934 7.773
v 8.659 20.821 7.773
v 8.909 20.934 4.580
v 8.797 21.184 4.580
v 8.797 21.184 7.773
v 8.909 20.934 7.773
v 8.797 21.184 4.580
v 8.546 21.072 4.580
v 8.546 21.072 7.773
v 8.797 21.184 7.773
v 8.546 21.072 4.580
v 8.659 20.821 4.580
v 8.659 20.821 7.773
v 8.546 21.072 7.773
v 11.068 22.053 6.661
v 9.366 23.487 6.661
v 8.728 21.003 11.193
v 9.366 23.487 6.661
v 7.183 23.051 6.661
v 8.728 21.003 11.193
v 7.183 23.051 6.661
v 6.163 21.072 6.661
v 8.728 21.003 11.193
v 6.163 21.072 6.661
v 7.075 19.041 6.661
v 8.728 21.003 11.193
v 7.075 19.041 6.661
v 9.231 18.487 6.661
v 8.728 21.003 11.193
v 9.231 18.487 6.661
v 11.008 19.827 6.661
v 8.728 21.003 11.193
v 11.008 19.827 6.661
v 11.068 22.053 6.661
v 8.728 21.003 11.193
v 11.008 19.827 6.661
v 9.231 18.487 6.661
v 7.075 19.041 6.661
v 6.163 21.072 6.661
v 7.183 23.051 6.661
v 9.366 23.487 6.661
v 11.068 22.053 6.661
v 10.366 21.738 8.628
v 9.175 22.742 8.628
v 8.728 21.003 13.331
v 9.175 22.742 8.628
v 7.647 22.436 8.628
v 8.728 21.003 13.331
v 7.647 22.436 8.628
v 6.933 21.051 8.628
v 8.728 21.003 13.331
v 6.933 21.051 8.628
v 7.570 19.630 8.628
v 8.728 21.003 13.331
v 7.570 19.630 8.628
v 9.080 19.242 8.628
v 8.728 21.003 13.331
v 9.080 19.242 8.628
v 10.324 20.180 8.628
v 8.728 21.003 13.331
v 10.324 20.180 8.628
v 10.366 21.738 8.628
v 8.728 21.003 13.331
v 10.324 20.180 8.628
v 9.080 19.242 8.628
v 7.570 19.630 8.628
v 6.933 21.051 8.628
v 7.647 22.436 8.628
v 9.175 22.742 8.628
v 10.366 21.738 8.628
v 12.752 56.019 6.362
v 13.002 56.132 6.362
v 12.890 56.382 6.362
v 12.640 56.270 6.362
v 12.640 56.270 2.742
v 12.890 56.382 2.742
v 13.002 56.132 2.742
v 12.752 56.019 2.742
v 12.752 56.019 2.742
v 13.002 56.132 2.742
v 13.002 56.132 6.362
v 12.752 56.019 6.362
v 13.002 56.132 2.742
v 12.890 56.382 2.742
v 12.890 56.382 6.362
v 13.002 56.132 6.362
v 12.890 56.382 2.742
v 12.640 56.270 2.742
v 12.640 56.270 6.362
v 12.890 56.382 6.362
v 12.640 56.270 2.742
v 12.752 56.019 2.742
v 12.752 56.019 6.362
v 12.640 56.270 6.362
v 15.496 57.400 5.092
v 13.551 59.040 5.092
v 12.821 56.201 10.271
v 13.551 59.040 5.092
v 11.056 58.541 5.092
v 12.821 56.201 10.271
v 11.056 58.541 5.092
v 9.891 56.280 5.092
v 12.821 56.201 10.271
v 9.891 56.280 5.092
v 10.932 53.959 5.092
v 12.821 56.201 10.271
v 10.932 53.959 5.092
v 13.396 53.326 5.092
v 12.821 56.201 10.271
v 13.396 53.326 5.092
v 15.427 54.858 5.092
v 12.821 56.201 10.271
v 15.427 54.858 5.092
v 15.496 57.400 5.092
v 12.821 56.201 10.271
v 15.427 54.858 5.092
v 13.396 53.326 5.092
v 10.932 53.959 5.092
v 9.891 56.280 5.092
v 11.056 58.541 5.092
v 13.551 59.040 5.092
v 15.496 57.400 5.092
v 14.693 57.041 7.339
v 13.332 58.188 7.339
v 12.821 56.201 12.714
v 13.332 58.188 7.339
v 11.586 57.839 7.339
v 12.821 56.201 12.714
v 11.586 57.839 7.339
v 10.770 56.256 7.339
v 12.821 56.201 12.714
v 10.770 56.256 7.339
v 11.499 54.632 7.339
v 12.821 56.201 12.714
v 11.499 54.632 7.339
v 13.223 54.189 7.339
v 12.821 56.201 12.714
v 13.223 54.189 7.339
v 14.645 55.261 7.339
v 12.821 56.201 12.714
v 14.645 55.261 7.339
v 14.693 57.041 7.339
v 12.821 56.201 12.714
v 14.645 55.261 7.339
v 13.223 54.189 7.339
v 11.499 54.632 7.339
v 10.770 56.256 7.339
v 11.586 57.839 7.339
v 13.332 58.188 7.339
v 14.693 57.041 7.339
v -18.411 -45.625 10.903
v -18.160 -45.512 10.903
v -18.273 -45.262 10.903
v -18.523 -45.374 10.903
v -18.523 -45.374 7.358
v -18.273 -45.262 7.358
v -18.160 -45.512 7.358
v -18.411 -45.625 7.358
v -18.411 -45.625 7.358
v -18.160 -45.512 7.358
v -18.160 -45.512 10.903
v -18.411 -45.625 10.903
v -18.160 -45.512 7.358
v -18.273 -45.262 7.358
v -18.273 -45.262 10.903
v -18.160 -45.512 10.903
v -18.273 -45.262 7.358
v -18.523 -45.374 7.358
v -18.523 -45.374 10.903
v -18.273 -45.262 10.903
v -18.523 -45.374 7.358
v -18.411 -45.625 7.358
v -18.411 -45.625 10.903
v -18.523 -45.374 10.903
v -15.725 -44.270 9.660
v -17.628 -42.666 9.660
v -18.342 -45.443 14.726
v -17.628 -42.666 9.660
v -20.068 -43.154 9.660
v -18.342 -45.443 14.726
v -20.068 -43.154 9.660
v -21.208 -45.366 9.660
v -18.342 -45.443 14.726
v -21.208 -45.366 9.660
v -20.190 -47.636 9.660
v -18.342 -45.443 14.726
v -20.190 -47.636 9.660
v -17.780 -48.255 9.660
v -18.342 -45.443 14.726
v -17.780 -48.255 9.660
v -15.793 -46.757 9.660
v -18.342 -45.443 14.726
v -15.793 -46.757 9.660
v -15.725 -44.270 9.660
v -18.342 -45.443 14.726
v -15.793 -46.757 9.660
v -17.780 -48.255 9.660
v -20.190 -47.636 9.660
v -21.208 -45.366 9.660
v -20.068 -43.154 9.660
v -17.628 -42.666 9.660
v -15.725 -44.270 9.660
v -16.510 -44.622 11.859
v -17.842 -43.499 11.859
v -18.342 -45.443 17.116
v -17.842 -43.499 11.859
v -19.550 -43.841 11.859
v -18.342 -45.443 17.116
v -19.550 -43.841 11.859
v -20.348 -45.389 11.859
v -18.342 -45.443 17.116
v -20.348 -45.389 11.859
v -19.635 -46.978 11.859
v -18.342 -45.443 17.116
v -19.635 -46.978 11.859
v -17.948 -47.412 11.859
v -18.342 -45.443 17.116
v -17.948 -47.412 11.859
v -16.558 -46.363 11.859
v -18.342 -45.443 17.116
v -16.558 -46.363 11.859
v -16.510 -44.622 11.859
v -18.342 -45.443 17.116
v -16.558 -46.363 11.859
v -17.948 -47.412 11.859
v -19.635 -46.978 11.859
v -20.348 -45.389 11.859
v -19.550 -43.841 11.859
v -17.842 -43.499 11.859
v -16.510 -44.622 11.859
v -16.286 -63.975 10.460
v -16.035 -63.863 10.460
v -16.148 -63.612 10.460
v -16.398 -63.725 10.460
v -16.398 -63.725 7.284
v -16.148 -63.612 7.284
v -16.035 -63.863 7.284
v -16.286 -63.975 7.284
v -16.286 -63.975 7.284
v -16.035 -63.863 7.284
v -16.035 -63.863 10.460
v -16.286 -63.975 10.460
v -16.035 -63.863 7.284
v -16.148 -63.612 7.284
v -16.148 -63.612 10.460
v -16.035 -63.863 10.460
v -16.148 -63.612 7.284
v -16.398 -63.725 7.284
v -16.398 -63.725 10.460
v -16.148 -63.612 10.460
v -16.398 -63.725 7.284
v -16.286 -63.975 7.284
v -16.286 -63.975 10.460
v -16.398 -63.725 10.460
v -13.889 -62.749 9.355
v -15.582 -61.323 9.355
v -16.217 -63.794 13.862
v -15.582 -61.323 9.355
v -17.753 -61.757 9.355
v -16.217 -63.794 13.862
v -17.753 -61.757 9.355
v -18.767 -63.724 9.355
v -16.217 -63.794 13.862
v -18.767 -63.724 9.355
v -17.861 -65.745 9.355
v -16.217 -63.794 13.862
v -17.861 -65.745 9.355
v -15.717 -66.296 9.355
v -16.217 -63.794 13.862
v -15.717 -66.296 9.355
v -13.949 -64.963 9.355
v -16.217 -63.794 13.862
v -13.949 -64.963 9.355
v -13.889 -62.749 9.355
v -16.217 -63.794 13.862
v -13.949 -64.963 9.355
v -15.717 -66.296 9.355
v -17.861 -65.745 9.355
v -18.767 -63.724 9.355
v -17.753 -61.757 9.355
v -15.582 -61.323 9.355
v -13.889 -62.749 9.355
v -14.587 -63.063 11.311
v -15.772 -62.064 11.311
v -16.217 -63.794 15.988
v -15.772 -62.064 11.311
v -17.292 -62.368 11.311
v -16.217 -63.794 15.988
v -17.292 -62.368 11.311
v -18.002 -63.745 11.311
v -16.217 -63.794 15.988
v -18.002 -63.745 11.311
v -17.368 -65.159 11.311
v -16.217 -63.794 15.988
v -17.368 -65.159 11.311
v -15.867 -65.545 11.311
v -16.217 -63.794 15.988
v -15.867 -65.545 11.311
v -14.629 -64.612 11.311
v -16.217 -63.794 15.988
v -14.629 -64.612 11.311
v -14.587 -63.063 11.311
v -16.217 -63.794 15.988
v -14.629 -64.612 11.311
v -15.867 -65.545 11.311
v -17.368 -65.159 11.311
v -18.002 -63.745 11.311
v -17.292 -62.368 11.311
v -15.772 -62.064 11.311
v -14.587 -63.063 11.311
v -13.200 -44.218 11.126
v -12.950 -44.106 11.126
v -13.062 -43.855 11.126
v -13.313 -43.968 11.126
v -13.313 -43.968 8.395
v -13.062 -43.855 8.395
v -12.950 -44.106 8.395
v -13.200 -44.218 8.395
v -13.200 -44.218 8.395
v -12.950 -44.106 8.395
v -12.950 -44.106 11.126
v -13.200 -44.218 11.126
v -12.950 -44.106 8.395
v -13.062 -43.855 8.395
v -13.062 -43.855 11.126
v -12.950 -44.106 11.126
v -13.062 -43.855 8.395
v -13.313 -43.968 8.395
v -13.313 -43.968 11.126
v -13.062 -43.855 11.126
v -13.313 -43.968 8.395
v -13.200 -44.218 8.395
v -13.200 -44.218 11.126
v -13.313 -43.968 11.126
v -11.152 -43.149 10.186
v -12.591 -41.936 10.186
v -13.131 -44.037 14.018
v -12.591 -41.936 10.186
v -14.437 -42.305 10.186
v -13.131 -44.037 14.018
v -14.437 -42.305 10.186
v -15.300 -43.978 10.186
v -13.131 -44.037 14.018
v -15.300 -43.978 10.186
v -14.529 -45.695 10.186
v -13.131 -44.037 14.018
v -14.529 -45.695 10.186
v -12.706 -46.164 10.186
v -13.131 -44.037 14.018
v -12.706 -46.164 10.186
v -11.203 -45.031 10.186
v -13.131 -44.037 14.018
v -11.203 -45.031 10.186
v -11.152 -43.149 10.186
v -13.131 -44.037 14.018
v -11.203 -45.031 10.186
v -12.706 -46.164 10.186
v -14.529 -45.695 10.186
v -15.300 -43.978 10.186
v -14.437 -42.305 10.186
v -12.591 -41.936 10.186
v -11.152 -43.149 10.186
v -11.746 -43.415 11.849
v -12.753 -42.566 11.849
v -13.131 -44.037 15.826
v -12.753 -42.566 11.849
v -14.045 -42.824 11.849
v -13.131 -44.037 15.826
v -14.045 -42.824 11.849
v -14.649 -43.995 11.849
v -13.131 -44.037 15.826
v -14.649 -43.995 11.849
v -14.110 -45.198 11.849
v -13.131 -44.037 15.826
v -14.110 -45.198 11.849
v -12.834 -45.526 11.849
v -13.131 -44.037 15.826
v -12.834 -45.526 11.849
v -11.782 -44.732 11.849
v -13.131 -44.037 15.826
v -11.782 -44.732 11.849
v -11.746 -43.415 11.849
v -13.131 -44.037 15.826
v -11.782 -44.732 11.849
v -12.834 -45.526 11.849
v -14.110 -45.198 11.849
v -14.649 -43.995 11.849
v -14.045 -42.824 11.849
v -12.753 -42.566 11.849
v -11.746 -43.415 11.849
v -4.552 12.201 6.010
v -4.302 12.313 6.010
v -4.414 12.564 6.010
v -4.665 12.451 6.010
v -4.665 12.451 3.416
v -4.414 12.564 3.416
v -4.302 12.313 3.416
v -4.552 12.201 3.416
v -4.552 12.201 3.416
v -4.302 12.313 3.416
v -4.302 12.313 6.010
v -4.552 12.201 6.010
v -4.302 12.313 3.416
v -4.414 12.564 3.416
v -4.414 12.564 6.010
v -4.302 12.313 6.010
v -4.414 12.564 3.416
v -4.665 12.451 3.416
v -4.665 12.451 6.010
v -4.414 12.564 6.010
v -4.665 12.451 3.416
v -4.552 12.201 3.416
v -4.552 12.201 6.010
v -4.665 12.451 6.010
v -2.611 13.222 5.121
v -3.973 14.370 5.121
v -4.483 12.382 8.746
v -3.973 14.370 5.121
v -5.719 14.021 5.121
v -4.483 12.382 8.746
v -5.719 14.021 5.121
v -6.535 12.438 5.121
v -4.483 12.382 8.746
v -6.535 12.438 5.121
v -5.806 10.813 5.121
v -4.483 12.382 8.746
v -5.806 10.813 5.121
v -4.081 10.370 5.121
v -4.483 12.382 8.746
v -4.081 10.370 5.121
v -2.659 11.442 5.121
v -4.483 12.382 8.746
v -2.659 11.442 5.121
v -2.611 13.222 5.121
v -4.483 12.382 8.746
v -2.659 11.442 5.121
v -4.081 10.370 5.121
v -5.806 10.813 5.121
v -6.535 12.438 5.121
v -5.719 14.021 5.121
v -3.973 14.370 5.121
v -2.611 13.222 5.121
v -3.173 12.970 6.694
v -4.126 13.774 6.694
v -4.483 12.382 10.456
v -4.126 13.774 6.694
v -5.348 13.529 6.694
v -4.483 12.382 10.456
v -5.348 13.529 6.694
v -5.919 12.421 6.694
v -4.483 12.382 10.456
v -5.919 12.421 6.694
v -5.409 11.284 6.694
v -4.483 12.382 10.456
v -5.409 11.284 6.694
v -4.202 10.974 6.694
v -4.483 12.382 10.456
v -4.202 10.974 6.694
v -3.207 11.724 6.694
v -4.483 12.382 10.456
v -3.207 11.724 6.694
v -3.173 12.970 6.694
v -4.483 12.382 10.456
v -3.207 11.724 6.694
v -4.202 10.974 6.694
v -5.409 11.284 6.694
v -5.919 12.421 6.694
v -5.348 13.529 6.694
v -4.126 13.774 6.694
v -3.173 12.970 6.694
v -40.104 -14.683 5.271
v -39.853 -14.571 5.271
v -39.966 -14.320 5.271
v -40.216 -14.433 5.271
v -40.216 -14.433 1.525
v -39.966 -14.320 1.525
v -39.853 -14.571 1.525
v -40.104 -14.683 1.525
v -40.104 -14.683 1.525
v -39.853 -14.571 1.525
v -39.853 -14.571 5.271
v -40.104 -14.683 5.271
v -39.853 -14.571 1.525
v -39.966 -14.320 1.525
v -39.966 -14.320 5.271
v -39.853 -14.571 5.271
v -39.966 -14.320 1.525
v -40.216 -14.433 1.525
v -40.216 -14.433 5.271
v -39.966 -14.320 5.271
v -40.216 -14.433 1.525
v -40.104 -14.683 1.525
v -40.104 -14.683 5.271
v -40.216 -14.433 5.271
v -37.262 -13.258 3.954
v -39.278 -11.558 3.954
v -40.035 -14.502 9.323
v -39.278 -11.558 3.954
v -41.864 -12.075 3.954
v -40.035 -14.502 9.323
v -41.864 -12.075 3.954
v -43.073 -14.419 3.954
v -40.035 -14.502 9.323
v -43.073 -14.419 3.954
v -41.993 -16.825 3.954
v -40.035 -14.502 9.323
v -41.993 -16.825 3.954
v -39.439 -17.482 3.954
v -40.035 -14.502 9.323
v -39.439 -17.482 3.954
v -37.333 -15.894 3.954
v -40.035 -14.502 9.323
v -37.333 -15.894 3.954
v -37.262 -13.258 3.954
v -40.035 -14.502 9.323
v -37.333 -15.894 3.954
v -39.439 -17.482 3.954
v -41.993 -16.825 3.954
v -43.073 -14.419 3.954
v -41.864 -12.075 3.954
v -39.278 -11.558 3.954
v -37.262 -13.258 3.954
v -38.094 -13.631 6.284
v -39.505 -12.441 6.284
v -40.035 -14.502 11.856
v -39.505 -12.441 6.284
v -41.315 -12.803 6.284
v -40.035 -14.502 11.856
v -41.315 -12.803 6.284
v -42.161 -14.444 6.284
v -40.035 -14.502 11.856
v -42.161 -14.444 6.284
v -41.406 -16.128 6.284
v -40.035 -14.502 11.856
v -41.406 -16.128 6.284
v -39.618 -16.588 6.284
v -40.035 -14.502 11.856
v -39.618 -16.588 6.284
v -38.144 -15.476 6.284
v -40.035 -14.502 11.856
v -38.144 -15.476 6.284
v -38.094 -13.631 6.284
v -40.035 -14.502 11.856
v -38.144 -15.476 6.284
v -39.618 -16.588 6.284
v -41.406 -16.128 6.284
v -42.161 -14.444 6.284
v -41.315 -12.803 6.284
v -39.505 -12.441 6.284
v -38.094 -13.631 6.284
v -24.369 -75.149 9.275
v -24.119 -75.037 9.275
v -24.231 -74.787 9.275
v -24.482 -74.899 9.275
v -24.482 -74.899 5.921
v -24.231 -74.787 5.921
v -24.119 -75.037 5.921
v -24.369 -75.149 5.921
v -24.369 -75.149 5.921
v -24.119 -75.037 5.921
v -24.119 -75.037 9.275
v -24.369 -75.149 9.275
v -24.119 -75.037 5.921
v -24.231 -74.787 5.921
v -24.231 -74.787 9.275
v -24.119 -75.037 9.275
v -24.231 -74.787 5.921
v -24.482 -74.899 5.921
v -24.482 -74.899 9.275
v -24.231 -74.787 9.275
v -24.482 -74.899 5.921
v -24.369 -75.149 5.921
v -24.369 -75.149 9.275
v -24.482 -74.899 9.275
v -21.834 -73.862 8.103
v -23.628 -72.350 8.103
v -24.300 -74.968 12.878
v -23.628 -72.350 8.103
v -25.928 -72.810 8.103
v -24.300 -74.968 12.878
v -25.928 -72.810 8.103
v -27.002 -74.895 8.103
v -24.300 -74.968 12.878
v -27.002 -74.895 8.103
v -26.042 -77.035 8.103
v -24.300 -74.968 12.878
v -26.042 -77.035 8.103
v -23.771 -77.618 8.103
v -24.300 -74.968 12.878
v -23.771 -77.618 8.103
v -21.898 -76.206 8.103
v -24.300 -74.968 12.878
v -21.898 -76.206 8.103
v -21.834 -73.862 8.103
v -24.300 -74.968 12.878
v -21.898 -76.206 8.103
v -23.771 -77.618 8.103
v -26.042 -77.035 8.103
v -27.002 -74.895 8.103
v -25.928 -72.810 8.103
v -23.628 -72.350 8.103
v -21.834 -73.862 8.103
v -22.574 -74.194 10.175
v -23.829 -73.136 10.175
v -24.300 -74.968 15.130
v -23.829 -73.136 10.175
v -25.439 -73.457 10.175
v -24.300 -74.968 15.130
v -25.439 -73.457 10.175
v -26.192 -74.917 10.175
v -24.300 -74.968 15.130
v -26.192 -74.917 10.175
v -25.520 -76.415 10.175
v -24.300 -74.968 15.130
v -25.520 -76.415 10.175
v -23.930 -76.823 10.175
v -24.300 -74.968 15.130
v -23.930 -76.823 10.175
v -22.619 -75.835 10.175
v -24.300 -74.968 15.130
v -22.619 -75.835 10.175
v -22.574 -74.194 10.175
v -24.300 -74.968 15.130
v -22.619 -75.835 10.175
v -23.930 -76.823 10.175
v -25.520 -76.415 10.175
v -26.192 -74.917 10.175
v -25.439 -73.457 10.175
v -23.829 -73.136 10.175
v -22.574 -74.194 10.175
v -2.233 -29.588 13.696
v -1.982 -29.476 13.696
v -2.095 -29.226 13.696
v -2.345 -29.338 13.696
v -2.345 -29.338 10.810
v -2.095 -29.226 10.810
v -1.982 -29.476 10.810
v -2.233 -29.588 10.810
v -2.233 -29.588 10.810
v -1.982 -29.476 10.810
v -1.982 -29.476 13.696
v -2.233 -29.588 13.696
v -1.982 -29.476 10.810
v -2.095 -29.226 10.810
v -2.095 -29.226 13.696
v -1.982 -29.476 13.696
v -2.095 -29.226 10.810
v -2.345 -29.338 10.810
v -2.345 -29.338 13.696
v -2.095 -29.226 13.696
v -2.345 -29.338 10.810
v -2.233 -29.588 10.810
v -2.233 -29.588 13.696
v -2.345 -29.338 13.696
v -0.063 -28.465 12.698
v -1.591 -27.177 12.698
v -2.164 -29.407 16.765
v -1.591 -27.177 12.698
v -3.550 -27.569 12.698
v -2.164 -29.407 16.765
v -3.550 -27.569 12.698
v -4.465 -29.344 12.698
v -2.164 -29.407 16.765
v -4.465 -29.344 12.698
v -3.647 -31.167 12.698
v -2.164 -29.407 16.765
v -3.647 -31.167 12.698
v -1.712 -31.664 12.698
v -2.164 -29.407 16.765
v -1.712 -31.664 12.698
v -0.117 -30.462 12.698
v -2.164 -29.407 16.765
v -0.117 -30.462 12.698
v -0.063 -28.465 12.698
v -2.164 -29.407 16.765
v -0.117 -30.462 12.698
v -1.712 -31.664 12.698
v -3.647 -31.167 12.698
v -4.465 -29.344 12.698
v -3.550 -27.569 12.698
v -1.591 -27.177 12.698
v -0.063 -28.465 12.698
v -0.693 -28.747 14.463
v -1.763 -27.846 14.463
v -2.164 -29.407 18.684
v -1.763 -27.846 14.463
v -3.134 -28.120 14.463
v -2.164 -29.407 18.684
v -3.134 -28.120 14.463
v -3.775 -29.363 14.463
v -2.164 -29.407 18.684
v -3.775 -29.363 14.463
v -3.202 -30.639 14.463
v -2.164 -29.407 18.684
v -3.202 -30.639 14.463
v -1.848 -30.987 14.463
v -2.164 -29.407 18.684
v -1.848 -30.987 14.463
v -0.731 -30.145 14.463
v -2.164 -29.407 18.684
v -0.731 -30.145 14.463
v -0.693 -28.747 14.463
v -2.164 -29.407 18.684
v -0.731 -30.145 14.463
v -1.848 -30.987 14.463
v -3.202 -30.639 14.463
v -3.775 -29.363 14.463
v -3.134 -28.120 14.463
v -1.763 -27.846 14.463
v -0.693 -28.747 14.463
v 27.367 -15.300 18.594
v 27.618 -15.188 18.594
v 27.505 -14.938 18.594
v 27.255 -15.050 18.594
v 27.255 -15.050 15.297
v 27.505 -14.938 15.297
v 27.618 -15.188 15.297
v 27.367 -15.300 15.297
v 27.367 -15.300 15.297
v 27.618 -15.188 15.297
v 27.618 -15.188 18.594
v 27.367 -15.300 18.594
v 27.618 -15.188 15.297
v 27.505 -14.938 15.297
v 27.505 -14.938 18.594
v 27.618 -15.188 18.594
v 27.505 -14.938 15.297
v 27.255 -15.050 15.297
v 27.255 -15.050 18.594
v 27.505 -14.938 18.594
v 27.255 -15.050 15.297
v 27.367 -15.300 15.297
v 27.367 -15.300 18.594
v 27.255 -15.050 18.594
v 29.858 -14.033 17.443
v 28.097 -12.548 17.443
v 27.436 -15.119 22.133
v 28.097 -12.548 17.443
v 25.838 -12.999 17.443
v 27.436 -15.119 22.133
v 25.838 -12.999 17.443
v 24.783 -15.047 17.443
v 27.436 -15.119 22.133
v 24.783 -15.047 17.443
v 25.725 -17.149 17.443
v 27.436 -15.119 22.133
v 25.725 -17.149 17.443
v 27.957 -17.722 17.443
v 27.436 -15.119 22.133
v 27.957 -17.722 17.443
v 29.796 -16.335 17.443
v 27.436 -15.119 22.133
v 29.796 -16.335 17.443
v 29.858 -14.033 17.443
v 27.436 -15.119 22.133
v 29.796 -16.335 17.443
v 27.957 -17.722 17.443
v 25.725 -17.149 17.443
v 24.783 -15.047 17.443
v 25.838 -12.999 17.443
v 28.097 -12.548 17.443
v 29.858 -14.033 17.443
v 29.132 -14.358 19.479
v 27.899 -13.319 19.479
v 27.436 -15.119 24.345
v 27.899 -13.319 19.479
v 26.318 -13.635 19.479
v 27.436 -15.119 24.345
v 26.318 -13.635 19.479
v 25.579 -15.069 19.479
v 27.436 -15.119 24.345
v 25.579 -15.069 19.479
v 26.239 -16.540 19.479
v 27.436 -15.119 24.345
v 26.239 -16.540 19.479
v 27.800 -16.941 19.479
v 27.436 -15.119 24.345
v 27.800 -16.941 19.479
v 29.088 -15.970 19.479
v 27.436 -15.119 24.345
v 29.088 -15.970 19.479
v 29.132 -14.358 19.479
v 27.436 -15.119 24.345
v 29.088 -15.970 19.479
v 27.800 -16.941 19.479
v 26.239 -16.540 19.479
v 25.579 -15.069 19.479
v 26.318 -13.635 19.479
v 27.899 -13.319 19.479
v 29.132 -14.358 19.479
v -30.594 -46.609 8.284
v -30.343 -46.496 8.284
v -30.455 -46.246 8.284
v -30.706 -46.358 8.284
v -30.706 -46.358 5.184
v -30.455 -46.246 5.184
v -30.343 -46.496 5.184
v -30.594 -46.609 5.184
v -30.594 -46.609 5.184
v -30.343 -46.496 5.184
v -30.343 -46.496 8.284
v -30.594 -46.609 8.284
v -30.343 -46.496 5.184
v -30.455 -46.246 5.184
v -30.455 -46.246 8.284
v -30.343 -46.496 8.284
v -30.455 -46.246 5.184
v -30.706 -46.358 5.184
v -30.706 -46.358 8.284
v -30.455 -46.246 8.284
v -30.706 -46.358 5.184
v -30.594 -46.609 5.184
v -30.594 -46.609 8.284
v -30.706 -46.358 8.284
v -28.256 -45.410 7.207
v -29.906 -44.020 7.207
v -30.525 -46.427 11.599
v -29.906 -44.020 7.207
v -32.021 -44.443 7.207
v -30.525 -46.427 11.599
v -32.021 -44.443 7.207
v -33.010 -46.360 7.207
v -30.525 -46.427 11.599
v -33.010 -46.360 7.207
v -32.127 -48.328 7.207
v -30.525 -46.427 11.599
v -32.127 -48.328 7.207
v -30.037 -48.865 7.207
v -30.525 -46.427 11.599
v -30.037 -48.865 7.207
v -28.315 -47.566 7.207
v -30.525 -46.427 11.599
v -28.315 -47.566 7.207
v -28.256 -45.410 7.207
v -30.525 -46.427 11.599
v -28.315 -47.566 7.207
v -30.037 -48.865 7.207
v -32.127 -48.328 7.207
v -33.010 -46.360 7.207
v -32.021 -44.443 7.207
v -29.906 -44.020 7.207
v -28.256 -45.410 7.207
v -28.937 -45.715 9.113
v -30.091 -44.742 9.113
v -30.525 -46.427 13.671
v -30.091 -44.742 9.113
v -31.572 -45.038 9.113
v -30.525 -46.427 13.671
v -31.572 -45.038 9.113
v -32.264 -46.380 9.113
v -30.525 -46.427 13.671
v -32.264 -46.380 9.113
v -31.646 -47.758 9.113
v -30.525 -46.427 13.671
v -31.646 -47.758 9.113
v -30.183 -48.134 9.113
v -30.525 -46.427 13.671
v -30.183 -48.134 9.113
v -28.978 -47.225 9.113
v -30.525 -46.427 13.671
v -28.978 -47.225 9.113
v -28.937 -45.715 9.113
v -30.525 -46.427 13.671
v -28.978 -47.225 9.113
v -30.183 -48.134 9.113
v -31.646 -47.758 9.113
v -32.264 -46.380 9.113
v -31.572 -45.038 9.113
v -30.091 -44.742 9.113
v -28.937 -45.715 9.113
v -51.366 -48.387 4.718
v -51.116 -48.275 4.718
v -51.228 -48.024 4.718
v -51.478 -48.137 4.718
v -51.478 -48.137 2.035
v -51.228 -48.024 2.035
v -51.116 -48.275 2.035
v -51.366 -48.387 2.035
v -51.366 -48.387 2.035
v -51.116 -48.275 2.035
v -51.116 -48.275 4.718
v -51.366 -48.387 4.718
v -51.116 -48.275 2.035
v -51.228 -48.024 2.035
v -51.228 -48.024 4.718
v -51.116 -48.275 4.718
v -51.228 -48.024 2.035
v -51.478 -48.137 2.035
v -51.478 -48.137 4.718
v -51.228 -48.024 4.718
v -51.478 -48.137 2.035
v -51.366 -48.387 2.035
v -51.366 -48.387 4.718
v -51.478 -48.137 4.718
v -49.355 -47.335 3.796
v -50.767 -46.144 3.796
v -51.297 -48.206 7.556
v -50.767 -46.144 3.796
v -52.578 -46.506 3.796
v -51.297 -48.206 7.556
v -52.578 -46.506 3.796
v -53.425 -48.148 3.796
v -51.297 -48.206 7.556
v -53.425 -48.148 3.796
v -52.669 -49.833 3.796
v -51.297 -48.206 7.556
v -52.669 -49.833 3.796
v -50.880 -50.293 3.796
v -51.297 -48.206 7.556
v -50.880 -50.293 3.796
v -49.405 -49.181 3.796
v -51.297 -48.206 7.556
v -49.405 -49.181 3.796
v -49.355 -47.335 3.796
v -51.297 -48.206 7.556
v -49.405 -49.181 3.796
v -50.880 -50.293 3.796
v -52.669 -49.833 3.796
v -53.425 -48.148 3.796
v -52.578 -46.506 3.796
v -50.767 -46.144 3.796
v -49.355 -47.335 3.796
v -49.938 -47.596 5.427
v -50.926 -46.763 5.427
v -51.297 -48.206 9.330
v -50.926 -46.763 5.427
v -52.194 -47.016 5.427
v -51.297 -48.206 9.330
v -52.194 -47.016 5.427
v -52.786 -48.165 5.427
v -51.297 -48.206 9.330
v -52.786 -48.165 5.427
v -52.257 -49.345 5.427
v -51.297 -48.206 9.330
v -52.257 -49.345 5.427
v -51.005 -49.667 5.427
v -51.297 -48.206 9.330
v -51.005 -49.667 5.427
v -49.973 -48.888 5.427
v -51.297 -48.206 9.330
v -49.973 -48.888 5.427
v -49.938 -47.596 5.427
v -51.297 -48.206 9.330
v -49.973 -48.888 5.427
v -51.005 -49.667 5.427
v -52.257 -49.345 5.427
v -52.786 -48.165 5.427
v -52.194 -47.016 5.427
v -50.926 -46.763 5.427
v -49.938 -47.596 5.427
v 22.870 -4.512 14.757
v 23.121 -4.399 14.757
v 23.009 -4.149 14.757
v 22.758 -4.261 14.757
v 22.758 -4.261 11.987
v 23.009 -4.149 11.987
v 23.121 -4.399 11.987
v 22.870 -4.512 11.987
v 22.870 -4.512 11.987
v 23.121 -4.399 11.987
v 23.121 -4.399 14.757
v 22.870 -4.512 14.757
v 23.121 -4.399 11.987
v 23.009 -4.149 11.987
v 23.009 -4.149 14.757
v 23.121 -4.399 14.757
v 23.009 -4.149 11.987
v 22.758 -4.261 11.987
v 22.758 -4.261 14.757
v 23.009 -4.149 14.757
v 22.758 -4.261 11.987
v 22.870 -4.512 11.987
v 22.870 -4.512 14.757
v 22.758 -4.261 14.757
v 24.950 -3.429 13.803
v 23.488 -2.196 13.803
v 22.940 -4.330 17.695
v 23.488 -2.196 13.803
v 21.613 -2.571 13.803
v 22.940 -4.330 17.695
v 21.613 -2.571 13.803
v 20.737 -4.271 13.803
v 22.940 -4.330 17.695
v 20.737 -4.271 13.803
v 21.520 -6.015 13.803
v 22.940 -4.330 17.695
v 21.520 -6.015 13.803
v 23.371 -6.491 13.803
v 22.940 -4.330 17.695
v 23.371 -6.491 13.803
v 24.898 -5.340 13.803
v 22.940 -4.330 17.695
v 24.898 -5.340 13.803
v 24.950 -3.429 13.803
v 22.940 -4.330 17.695
v 24.898 -5.340 13.803
v 23.371 -6.491 13.803
v 21.520 -6.015 13.803
v 20.737 -4.271 13.803
v 21.613 -2.571 13.803
v 23.488 -2.196 13.803
v 24.950 -3.429 13.803
v 24.347 -3.699 15.492
v 23.323 -2.837 15.492
v 22.940 -4.330 19.531
v 23.323 -2.837 15.492
v 22.011 -3.099 15.492
v 22.940 -4.330 19.531
v 22.011 -3.099 15.492
v 21.398 -4.289 15.492
v 22.940 -4.330 19.531
v 21.398 -4.289 15.492
v 21.946 -5.510 15.492
v 22.940 -4.330 19.531
v 21.946 -5.510 15.492
v 23.242 -5.843 15.492
v 22.940 -4.330 19.531
v 23.242 -5.843 15.492
v 24.310 -5.037 15.492
v 22.940 -4.330 19.531
v 24.310 -5.037 15.492
v 24.347 -3.699 15.492
v 22.940 -4.330 19.531
v 24.310 -5.037 15.492
v 23.242 -5.843 15.492
v 21.946 -5.510 15.492
v 21.398 -4.289 15.492
v 22.011 -3.099 15.492
v 23.323 -2.837 15.492
v 24.347 -3.699 15.492
v -32.437 -75.552 8.090
v -32.187 -75.440 8.090
v -32.299 -75.190 8.090
v -32.550 -75.302 8.090
v -32.550 -75.302 4.540
v -32.299 -75.190 4.540
v -32.187 -75.440 4.540
v -32.437 -75.552 4.540
v -32.437 -75.552 4.540
v -32.187 -75.440 4.540
v -32.187 -75.440 8.090
v -32.437 -75.552 8.090
v -32.187 -75.440 4.540
v -32.299 -75.190 4.540
v -32.299 -75.190 8.090
v -32.187 -75.440 8.090
v -32.299 -75.190 4.540
v -32.550 -75.302 4.540
v -32.550 -75.302 8.090
v -32.299 -75.190 8.090
v -32.550 -75.302 4.540
v -32.437 -75.552 4.540
v -32.437 -75.552 8.090
v -32.550 -75.302 8.090
v -29.749 -74.196 6.846
v -31.654 -72.590 6.846
v -32.368 -75.371 11.917
v -31.654 -72.590 6.846
v -34.097 -73.079 6.846
v -32.368 -75.371 11.917
v -34.097 -73.079 6.846
v -35.238 -75.293 6.846
v -32.368 -75.371 11.917
v -35.238 -75.293 6.846
v -34.218 -77.566 6.846
v -32.368 -75.371 11.917
v -34.218 -77.566 6.846
v -31.806 -78.186 6.846
v -32.368 -75.371 11.917
v -31.806 -78.186 6.846
v -29.816 -76.686 6.846
v -32.368 -75.371 11.917
v -29.816 -76.686 6.846
v -29.749 -74.196 6.846
v -32.368 -75.371 11.917
v -29.816 -76.686 6.846
v -31.806 -78.186 6.846
v -34.218 -77.566 6.846
v -35.238 -75.293 6.846
v -34.097 -73.079 6.846
v -31.654 -72.590 6.846
v -29.749 -74.196 6.846
v -30.535 -74.548 9.047
v -31.868 -73.425 9.047
v -32.368 -75.371 14.310
v -31.868 -73.425 9.047
v -33.578 -73.766 9.047
v -32.368 -75.371 14.310
v -33.578 -73.766 9.047
v -34.377 -75.316 9.047
v -32.368 -75.371 14.310
v -34.377 -75.316 9.047
v -33.663 -76.908 9.047
v -32.368 -75.371 14.310
v -33.663 -76.908 9.047
v -31.974 -77.342 9.047
v -32.368 -75.371 14.310
v -31.974 -77.342 9.047
v -30.582 -76.292 9.047
v -32.368 -75.371 14.310
v -30.582 -76.292 9.047
v -30.535 -74.548 9.047
v -32.368 -75.371 14.310
v -30.582 -76.292 9.047
v -31.974 -77.342 9.047
v -33.663 -76.908 9.047
v -34.377 -75.316 9.047
v -33.578 -73.766 9.047
v -31.868 -73.425 9.047
v -30.535 -74.548 9.047
v 30.192 14.582 13.996
v 30.443 14.694 13.996
v 30.330 14.945 13.996
v 30.080 14.832 13.996
v 30.080 14.832 10.367
v 30.330 14.945 10.367
v 30.443 14.694 10.367
v 30.192 14.582 10.367
v 30.192 14.582 10.367
v 30.443 14.694 10.367
v 30.443 14.694 13.996
v 30.192 14.582 13.996
v 30.443 14.694 10.367
v 30.330 14.945 10.367
v 30.330 14.945 13.996
v 30.443 14.694 13.996
v 30.330 14.945 10.367
v 30.080 14.832 10.367
v 30.080 14.832 13.996
v 30.330 14.945 13.996
v 30.080 14.832 10.367
v 30.192 14.582 10.367
v 30.192 14.582 13.996
v 30.080 14.832 13.996
v 32.943 15.966 12.723
v 30.993 17.610 12.723
v 30.261 14.763 17.915
v 30.993 17.610 12.723
v 28.492 17.110 12.723
v 30.261 14.763 17.915
v 28.492 17.110 12.723
v 27.323 14.843 12.723
v 30.261 14.763 17.915
v 27.323 14.843 12.723
v 28.367 12.516 12.723
v 30.261 14.763 17.915
v 28.367 12.516 12.723
v 30.838 11.881 12.723
v 30.261 14.763 17.915
v 30.838 11.881 12.723
v 32.874 13.417 12.723
v 30.261 14.763 17.915
v 32.874 13.417 12.723
v 32.943 15.966 12.723
v 30.261 14.763 17.915
v 32.874 13.417 12.723
v 30.838 11.881 12.723
v 28.367 12.516 12.723
v 27.323 14.843 12.723
v 28.492 17.110 12.723
v 30.993 17.610 12.723
v 32.943 15.966 12.723
v 32.139 15.605 14.976
v 30.774 16.756 14.976
v 30.261 14.763 20.365
v 30.774 16.756 14.976
v 29.023 16.406 14.976
v 30.261 14.763 20.365
v 29.023 16.406 14.976
v 28.205 14.819 14.976
v 30.261 14.763 20.365
v 28.205 14.819 14.976
v 28.935 13.190 14.976
v 30.261 14.763 20.365
v 28.935 13.190 14.976
v 30.665 12.746 14.976
v 30.261 14.763 20.365
v 30.665 12.746 14.976
v 32.090 13.821 14.976
v 30.261 14.763 20.365
v 32.090 13.821 14.976
v 32.139 15.605 14.976
v 30.261 14.763 20.365
v 32.090 13.821 14.976
v 30.665 12.746 14.976
v 28.935 13.190 14.976
v 28.205 14.819 14.976
v 29.023 16.406 14.976
v 30.774 16.756 14.976
v 32.139 15.605 14.976
v 32.393 52.441 9.411
v 32.643 52.553 9.411
v 32.531 52.804 9.411
v 32.281 52.691 9.411
v 32.281 52.691 6.558
v 32.531 52.804 6.558
v 32.643 52.553 6.558
v 32.393 52.441 6.558
v 32.393 52.441 6.558
v 32.643 52.553 6.558
v 32.643 52.553 9.411
v 32.393 52.441 9.411
v 32.643 52.553 6.558
v 32.531 52.804 6.558
v 32.531 52.804 9.411
v 32.643 52.553 9.411
v 32.531 52.804 6.558
v 32.281 52.691 6.558
v 32.281 52.691 9.411
v 32.531 52.804 9.411
v 32.281 52.691 6.558
v 32.393 52.441 6.558
v 32.393 52.441 9.411
v 32.281 52.691 9.411
v 34.537 53.553 8.426
v 33.028 54.825 8.426
v 32.462 52.622 12.444
v 33.028 54.825 8.426
v 31.093 54.438 8.426
v 32.462 52.622 12.444
v 31.093 54.438 8.426
v 30.189 52.684 8.426
v 32.462 52.622 12.444
v 30.189 52.684 8.426
v 30.997 50.883 8.426
v 32.462 52.622 12.444
v 30.997 50.883 8.426
v 32.908 50.392 8.426
v 32.462 52.622 12.444
v 32.908 50.392 8.426
v 34.483 51.580 8.426
v 32.462 52.622 12.444
v 34.483 51.580 8.426
v 34.537 53.553 8.426
v 32.462 52.622 12.444
v 34.483 51.580 8.426
v 32.908 50.392 8.426
v 30.997 50.883 8.426
v 30.189 52.684 8.426
v 31.093 54.438 8.426
v 33.028 54.825 8.426
v 34.537 53.553 8.426
v 33.915 53.274 10.169
v 32.858 54.164 10.169
v 32.462 52.622 14.339
v 32.858 54.164 10.169
v 31.504 53.893 10.169
v 32.462 52.622 14.339
v 31.504 53.893 10.169
v 30.871 52.666 10.169
v 32.462 52.622 14.339
v 30.871 52.666 10.169
v 31.436 51.405 10.169
v 32.462 52.622 14.339
v 31.436 51.405 10.169
v 32.774 51.061 10.169
v 32.462 52.622 14.339
v 32.774 51.061 10.169
v 33.877 51.893 10.169
v 32.462 52.622 14.339
v 33.877 51.893 10.169
v 33.915 53.274 10.169
v 32.462 52.622 14.339
v 33.877 51.893 10.169
v 32.774 51.061 10.169
v 31.436 51.405 10.169
v 30.871 52.666 10.169
v 31.504 53.893 10.169
v 32.858 54.164 10.169
v 33.915 53.274 10.169
v -56.025 -30.042 4.783
v -55.775 -29.929 4.783
v -55.887 -29.679 4.783
v -56.138 -29.791 4.783
v -56.138 -29.791 1.047
v -55.887 -29.679 1.047
v -55.775 -29.929 1.047
v -56.025 -30.042 1.047
v -56.025 -30.042 1.047
v -55.775 -29.929 1.047
v -55.775 -29.929 4.783
v -56.025 -30.042 4.783
v -55.775 -29.929 1.047
v -55.887 -29.679 1.047
v -55.887 -29.679 4.783
v -55.775 -29.929 4.783
v -55.887 -29.679 1.047
v -56.138 -29.791 1.047
v -56.138 -29.791 4.783
v -55.887 -29.679 4.783
v -56.138 -29.791 1.047
v -56.025 -30.042 1.047
v -56.025 -30.042 4.783
v -56.138 -29.791 4.783
v -53.191 -28.620 3.470
v -55.202 -26.925 3.470
v -55.956 -29.860 8.824
v -55.202 -26.925 3.470
v -57.781 -27.440 3.470
v -55.956 -29.860 8.824
v -57.781 -27.440 3.470
v -58.986 -29.778 3.470
v -55.956 -29.860 8.824
v -58.986 -29.778 3.470
v -57.910 -32.178 3.470
v -55.956 -29.860 8.824
v -57.910 -32.178 3.470
v -55.362 -32.833 3.470
v -55.956 -29.860 8.824
v -55.362 -32.833 3.470
v -53.262 -31.249 3.470
v -55.956 -29.860 8.824
v -53.262 -31.249 3.470
v -53.191 -28.620 3.470
v -55.956 -29.860 8.824
v -53.262 -31.249 3.470
v -55.362 -32.833 3.470
v -57.910 -32.178 3.470
v -58.986 -29.778 3.470
v -57.781 -27.440 3.470
v -55.202 -26.925 3.470
v -53.191 -28.620 3.470
v -54.021 -28.992 5.793
v -55.428 -27.806 5.793
v -55.956 -29.860 11.350
v -55.428 -27.806 5.793
v -57.234 -28.166 5.793
v -55.956 -29.860 11.350
v -57.234 -28.166 5.793
v -58.077 -29.803 5.793
v -55.956 -29.860 11.350
v -58.077 -29.803 5.793
v -57.324 -31.483 5.793
v -55.956 -29.860 11.350
v -57.324 -31.483 5.793
v -55.541 -31.941 5.793
v -55.956 -29.860 11.350
v -55.541 -31.941 5.793
v -54.071 -30.833 5.793
v -55.956 -29.860 11.350
v -54.071 -30.833 5.793
v -54.021 -28.992 5.793
v -55.956 -29.860 11.350
v -54.071 -30.833 5.793
v -55.541 -31.941 5.793
v -57.324 -31.483 5.793
v -58.077 -29.803 5.793
v -57.234 -28.166 5.793
v -55.428 -27.806 5.793
v -54.021 -28.992 5.793
v 26.217 6.194 13.475
v 26.467 6.306 13.475
v 26.355 6.556 13.475
v 26.105 6.444 13.475
v 26.105 6.444 10.844
v 26.355 6.556 10.844
v 26.467 6.306 10.844
v 26.217 6.194 10.844
v 26.217 6.194 10.844
v 26.467 6.306 10.844
v 26.467 6.306 13.475
v 26.217 6.194 13.475
v 26.467 6.306 10.844
v 26.355 6.556 10.844
v 26.355 6.556 13.475
v 26.467 6.306 13.475
v 26.355 6.556 10.844
v 26.105 6.444 10.844
v 26.105 6.444 13.475
v 26.355 6.556 13.475
v 26.105 6.444 10.844
v 26.217 6.194 10.844
v 26.217 6.194 13.475
v 26.105 6.444 13.475
v 28.187 7.228 12.572
v 26.805 8.393 12.572
v 26.286 6.375 16.254
v 26.805 8.393 12.572
v 25.031 8.039 12.572
v 26.286 6.375 16.254
v 25.031 8.039 12.572
v 24.203 6.431 12.572
v 26.286 6.375 16.254
v 24.203 6.431 12.572
v 24.943 4.782 12.572
v 26.286 6.375 16.254
v 24.943 4.782 12.572
v 26.694 4.332 12.572
v 26.286 6.375 16.254
v 26.694 4.332 12.572
v 28.138 5.420 12.572
v 26.286 6.375 16.254
v 28.138 5.420 12.572
v 28.187 7.228 12.572
v 26.286 6.375 16.254
v 28.138 5.420 12.572
v 26.694 4.332 12.572
v 24.943 4.782 12.572
v 24.203 6.431 12.572
v 25.031 8.039 12.572
v 26.805 8.393 12.572
v 28.187 7.228 12.572
v 27.617 6.972 14.170
v 26.649 7.788 14.170
v 26.286 6.375 17.990
v 26.649 7.788 14.170
v 25.408 7.540 14.170
v 26.286 6.375 17.990
v 25.408 7.540 14.170
v 24.828 6.415 14.170
v 26.286 6.375 17.990
v 24.828 6.415 14.170
v 25.346 5.260 14.170
v 26.286 6.375 17.990
v 25.346 5.260 14.170
v 26.572 4.945 14.170
v 26.286 6.375 17.990
v 26.572 4.945 14.170
v 27.583 5.707 14.170
v 26.286 6.375 17.990
v 27.583 5.707 14.170
v 27.617 6.972 14.170
v 26.286 6.375 17.990
v 27.583 5.707 14.170
v 26.572 4.945 14.170
v 25.346 5.260 14.170
v 24.828 6.415 14.170
v 25.408 7.540 14.170
v 26.649 7.788 14.170
v 27.617 6.972 14.170
v -33.572 -21.742 6.573
v -33.321 -21.629 6.573
v -33.434 -21.379 6.573
v -33.684 -21.491 6.573
v -33.684 -21.491 3.483
v -33.434 -21.379 3.483
v -33.321 -21.629 3.483
v -33.572 -21.742 3.483
v -33.572 -21.742 3.483
v -33.321 -21.629 3.483
v -33.321 -21.629 6.573
v -33.572 -21.742 6.573
v -33.321 -21.629 3.483
v -33.434 -21.379 3.483
v -33.434 -21.379 6.573
v -33.321 -21.629 6.573
v -33.434 -21.379 3.483
v -33.684 -21.491 3.483
v -33.684 -21.491 6.573
v -33.434 -21.379 6.573
v -33.684 -21.491 3.483
v -33.572 -21.742 3.483
v -33.572 -21.742 6.573
v -33.684 -21.491 6.573
v -31.243 -20.547 5.499
v -32.886 -19.162 5.499
v -33.503 -21.560 9.875
v -32.886 -19.162 5.499
v -34.994 -19.583 5.499
v -33.503 -21.560 9.875
v -34.994 -19.583 5.499
v -35.978 -21.493 5.499
v -33.503 -21.560 9.875
v -35.978 -21.493 5.499
v -35.099 -23.454 5.499
v -33.503 -21.560 9.875
v -35.099 -23.454 5.499
v -33.017 -23.989 5.499
v -33.503 -21.560 9.875
v -33.017 -23.989 5.499
v -31.301 -22.695 5.499
v -33.503 -21.560 9.875
v -31.301 -22.695 5.499
v -31.243 -20.547 5.499
v -33.503 -21.560 9.875
v -31.301 -22.695 5.499
v -33.017 -23.989 5.499
v -35.099 -23.454 5.499
v -35.978 -21.493 5.499
v -34.994 -19.583 5.499
v -32.886 -19.162 5.499
v -31.243 -20.547 5.499
v -31.921 -20.851 7.398
v -33.071 -19.881 7.398
v -33.503 -21.560 11.939
v -33.071 -19.881 7.398
v -34.546 -20.176 7.398
v -33.503 -21.560 11.939
v -34.546 -20.176 7.398
v -35.236 -21.513 7.398
v -33.503 -21.560 11.939
v -35.236 -21.513 7.398
v -34.620 -22.886 7.398
v -33.503 -21.560 11.939
v -34.620 -22.886 7.398
v -33.163 -23.260 7.398
v -33.503 -21.560 11.939
v -33.163 -23.260 7.398
v -31.962 -22.355 7.398
v -33.503 -21.560 11.939
v -31.962 -22.355 7.398
v -31.921 -20.851 7.398
v -33.503 -21.560 11.939
v -31.962 -22.355 7.398
v -33.163 -23.260 7.398
v -34.620 -22.886 7.398
v -35.236 -21.513 7.398
v -34.546 -20.176 7.398
v -33.071 -19.881 7.398
v -31.921 -20.851 7.398
v 44.653 52.580 12.605
v 44.904 52.692 12.605
v 44.791 52.942 12.605
v 44.541 52.830 12.605
v 44.541 52.830 8.968
v 44.791 52.942 8.968
v 44.904 52.692 8.968
v 44.653 52.580 8.968
v 44.653 52.580 8.968
v 44.904 52.692 8.968
v 44.904 52.692 12.605
v 44.653 52.580 12.605
v 44.904 52.692 8.968
v 44.791 52.942 8.968
v 44.791 52.942 12.605
v 44.904 52.692 12.605
v 44.791 52.942 8.968
v 44.541 52.830 8.968
v 44.541 52.830 12.605
v 44.791 52.942 12.605
v 44.541 52.830 8.968
v 44.653 52.580 8.968
v 44.653 52.580 12.605
v 44.541 52.830 12.605
v 47.410 53.967 11.328
v 45.456 55.614 11.328
v 44.722 52.761 16.532
v 45.456 55.614 11.328
v 42.949 55.113 11.328
v 44.722 52.761 16.532
v 42.949 55.113 11.328
v 41.778 52.841 11.328
v 44.722 52.761 16.532
v 41.778 52.841 11.328
v 42.824 50.509 11.328
v 44.722 52.761 16.532
v 42.824 50.509 11.328
v 45.300 49.872 11.328
v 44.722 52.761 16.532
v 45.300 49.872 11.328
v 47.341 51.411 11.328
v 44.722 52.761 16.532
v 47.341 51.411 11.328
v 47.410 53.967 11.328
v 44.722 52.761 16.532
v 47.341 51.411 11.328
v 45.300 49.872 11.328
v 42.824 50.509 11.328
v 41.778 52.841 11.328
v 42.949 55.113 11.328
v 45.456 55.614 11.328
v 47.410 53.967 11.328
v 46.604 53.605 13.587
v 45.236 54.758 13.587
v 44.722 52.761 18.987
v 45.236 54.758 13.587
v 43.481 54.408 13.587
v 44.722 52.761 18.987
v 43.481 54.408 13.587
v 42.661 52.817 13.587
v 44.722 52.761 18.987
v 42.661 52.817 13.587
v 43.393 51.184 13.587
v 44.722 52.761 18.987
v 43.393 51.184 13.587
v 45.127 50.739 13.587
v 44.722 52.761 18.987
v 45.127 50.739 13.587
v 46.555 51.816 13.587
v 44.722 52.761 18.987
v 46.555 51.816 13.587
v 46.604 53.605 13.587
v 44.722 52.761 18.987
v 46.555 51.816 13.587
v 45.127 50.739 13.587
v 43.393 51.184 13.587
v 42.661 52.817 13.587
v 43.481 54.408 13.587
v 45.236 54.758 13.587
v 46.604 53.605 13.587
v -28.999 -70.869 7.255
v -28.749 -70.757 7.255
v -28.861 -70.507 7.255
v -29.111 -70.619 7.255
v -29.111 -70.619 4.676
v -28.861 -70.507 4.676
v -28.749 -70.757 4.676
v -28.999 -70.869 4.676
v -28.999 -70.869 4.676
v -28.749 -70.757 4.676
v -28.749 -70.757 7.255
v -28.999 -70.869 7.255
v -28.749 -70.757 4.676
v -28.861 -70.507 4.676
v -28.861 -70.507 7.255
v -28.749 -70.757 7.255
v -28.861 -70.507 4.676
v -29.111 -70.619 4.676
v -29.111 -70.619 7.255
v -28.861 -70.507 7.255
v -29.111 -70.619 4.676
v -28.999 -70.869 4.676
v -28.999 -70.869 7.255
v -29.111 -70.619 7.255
v -27.069 -69.853 6.371
v -28.423 -68.713 6.371
v -28.930 -70.688 9.974
v -28.423 -68.713 6.371
v -30.158 -69.060 6.371
v -28.930 -70.688 9.974
v -30.158 -69.060 6.371
v -30.969 -70.633 6.371
v -28.930 -70.688 9.974
v -30.969 -70.633 6.371
v -30.244 -72.247 6.371
v -28.930 -70.688 9.974
v -30.244 -72.247 6.371
v -28.530 -72.688 6.371
v -28.930 -70.688 9.974
v -28.530 -72.688 6.371
v -27.117 -71.622 6.371
v -28.930 -70.688 9.974
v -27.117 -71.622 6.371
v -27.069 -69.853 6.371
v -28.930 -70.688 9.974
v -27.117 -71.622 6.371
v -28.530 -72.688 6.371
v -30.244 -72.247 6.371
v -30.969 -70.633 6.371
v -30.158 -69.060 6.371
v -28.423 -68.713 6.371
v -27.069 -69.853 6.371
v -27.628 -70.104 7.935
v -28.575 -69.305 7.935
v -28.930 -70.688 11.674
v -28.575 -69.305 7.935
v -29.790 -69.548 7.935
v -28.930 -70.688 11.674
v -29.790 -69.548 7.935
v -30.357 -70.649 7.935
v -28.930 -70.688 11.674
v -30.357 -70.649 7.935
v -29.850 -71.780 7.935
v -28.930 -70.688 11.674
v -29.850 -71.780 7.935
v -28.650 -72.088 7.935
v -28.930 -70.688 11.674
v -28.650 -72.088 7.935
v -27.661 -71.342 7.935
v -28.930 -70.688 11.674
v -27.661 -71.342 7.935
v -27.628 -70.104 7.935
v -28.930 -70.688 11.674
v -27.661 -71.342 7.935
v -28.650 -72.088 7.935
v -29.850 -71.780 7.935
v -30.357 -70.649 7.935
v -29.790 -69.548 7.935
v -28.575 -69.305 7.935
v -27.628 -70.104 7.935
v 29.280 24.409 11.371
v 29.530 24.522 11.371
v 29.418 24.772 11.371
v 29.167 24.660 11.371
v 29.167 24.660 8.663
v 29.418 24.772 8.663
v 29.530 24.522 8.663
v 29.280 24.409 8.663
v 29.280 24.409 8.663
v 29.530 24.522 8.663
v 29.530 24.522 11.371
v 29.280 24.409 11.371
v 29.530 24.522 8.663
v 29.418 24.772 8.663
v 29.418 24.772 11.371
v 29.530 24.522 11.371
v 29.418 24.772 8.663
v 29.167 24.660 8.663
v 29.167 24.660 11.371
v 29.418 24.772 11.371
v 29.167 24.660 8.663
v 29.280 24.409 8.663
v 29.280 24.409 11.371
v 29.167 24.660 11.371
v 31.310 25.471 10.439
v 29.884 26.673 10.439
v 29.349 24.591 14.238
v 29.884 26.673 10.439
v 28.054 26.307 10.439
v 29.349 24.591 14.238
v 28.054 26.307 10.439
v 27.199 24.649 10.439
v 29.349 24.591 14.238
v 27.199 24.649 10.439
v 27.963 22.947 10.439
v 29.349 24.591 14.238
v 27.963 22.947 10.439
v 29.770 22.482 10.439
v 29.349 24.591 14.238
v 29.770 22.482 10.439
v 31.260 23.606 10.439
v 29.349 24.591 14.238
v 31.260 23.606 10.439
v 31.310 25.471 10.439
v 29.349 24.591 14.238
v 31.260 23.606 10.439
v 29.770 22.482 10.439
v 27.963 22.947 10.439
v 27.199 24.649 10.439
v 28.054 26.307 10.439
v 29.884 26.673 10.439
v 31.310 25.471 10.439
v 30.722 25.207 12.088
v 29.723 26.048 12.088
v 29.349 24.591 16.029
v 29.723 26.048 12.088
v 28.443 25.792 12.088
v 29.349 24.591 16.029
v 28.443 25.792 12.088
v 27.844 24.632 12.088
v 29.349 24.591 16.029
v 27.844 24.632 12.088
v 28.379 23.440 12.088
v 29.349 24.591 16.029
v 28.379 23.440 12.088
v 29.644 23.115 12.088
v 29.349 24.591 16.029
v 29.644 23.115 12.088
v 30.686 23.901 12.088
v 29.349 24.591 16.029
v 30.686 23.901 12.088
v 30.722 25.207 12.088
v 29.349 24.591 16.029
v 30.686 23.901 12.088
v 29.644 23.115 12.088
v 28.379 23.440 12.088
v 27.844 24.632 12.088
v 28.443 25.792 12.088
v 29.723 26.048 12.088
v 30.722 25.207 12.088
v -4.943 -11.825 10.375
v -4.693 -11.712 10.375
v -4.805 -11.462 10.375
v -5.055 -11.574 10.375
v -5.055 -11.574 6.869
v -4.805 -11.462 6.869
v -4.693 -11.712 6.869
v -4.943 -11.825 6.869
v -4.943 -11.825 6.869
v -4.693 -11.712 6.869
v -4.693 -11.712 10.375
v -4.943 -11.825 10.375
v -4.693 -11.712 6.869
v -4.805 -11.462 6.869
v -4.805 -11.462 10.375
v -4.693 -11.712 10.375
v -4.805 -11.462 6.869
v -5.055 -11.574 6.869
v -5.055 -11.574 10.375
v -4.805 -11.462 10.375
v -5.055 -11.574 6.869
v -4.943 -11.825 6.869
v -4.943 -11.825 10.375
v -5.055 -11.574 10.375
v -2.289 -10.483 9.147
v -4.169 -8.899 9.147
v -4.874 -11.643 14.153
v -4.169 -8.899 9.147
v -6.580 -9.381 9.147
v -4.874 -11.643 14.153
v -6.580 -9.381 9.147
v -7.707 -11.566 9.147
v -4.874 -11.643 14.153
v -7.707 -11.566 9.147
v -6.700 -13.810 9.147
v -4.874 -11.643 14.153
v -6.700 -13.810 9.147
v -4.319 -14.422 9.147
v -4.874 -11.643 14.153
v -4.319 -14.422 9.147
v -2.355 -12.942 9.147
v -4.874 -11.643 14.153
v -2.355 -12.942 9.147
v -2.289 -10.483 9.147
v -4.874 -11.643 14.153
v -2.355 -12.942 9.147
v -4.319 -14.422 9.147
v -6.700 -13.810 9.147
v -7.707 -11.566 9.147
v -6.580 -9.381 9.147
v -4.169 -8.899 9.147
v -2.289 -10.483 9.147
v -3.064 -10.831 11.319
v -4.380 -9.722 11.319
v -4.874 -11.643 16.514
v -4.380 -9.722 11.319
v -6.068 -10.059 11.319
v -4.874 -11.643 16.514
v -6.068 -10.059 11.319
v -6.857 -11.589 11.319
v -4.874 -11.643 16.514
v -6.857 -11.589 11.319
v -6.152 -13.160 11.319
v -4.874 -11.643 16.514
v -6.152 -13.160 11.319
v -4.485 -13.588 11.319
v -4.874 -11.643 16.514
v -4.485 -13.588 11.319
v -3.111 -12.552 11.319
v -4.874 -11.643 16.514
v -3.111 -12.552 11.319
v -3.064 -10.831 11.319
v -4.874 -11.643 16.514
v -3.111 -12.552 11.319
v -4.485 -13.588 11.319
v -6.152 -13.160 11.319
v -6.857 -11.589 11.319
v -6.068 -10.059 11.319
v -4.380 -9.722 11.319
v -3.064 -10.831 11.319
v 12.912 17.679 9.007
v 13.162 17.791 9.007
v 13.050 18.041 9.007
v 12.800 17.929 9.007
v 12.800 17.929 6.060
v 13.050 18.041 6.060
v 13.162 17.791 6.060
v 12.912 17.679 6.060
v 12.912 17.679 6.060
v 13.162 17.791 6.060
v 13.162 17.791 9.007
v 12.912 17.679 9.007
v 13.162 17.791 6.060
v 13.050 18.041 6.060
v 13.050 18.041 9.007
v 13.162 17.791 9.007
v 13.050 18.041 6.060
v 12.800 17.929 6.060
v 12.800 17.929 9.007
v 13.050 18.041 9.007
v 12.800 17.929 6.060
v 12.912 17.679 6.060
v 12.912 17.679 9.007
v 12.800 17.929 9.007
v 15.130 18.824 7.987
v 13.567 20.141 7.987
v 12.981 17.860 12.147
v 13.567 20.141 7.987
v 11.563 19.740 7.987
v 12.981 17.860 12.147
v 11.563 19.740 7.987
v 10.627 17.924 7.987
v 12.981 17.860 12.147
v 10.627 17.924 7.987
v 11.463 16.059 7.987
v 12.981 17.860 12.147
v 11.463 16.059 7.987
v 13.442 15.550 7.987
v 12.981 17.860 12.147
v 13.442 15.550 7.987
v 15.074 16.781 7.987
v 12.981 17.860 12.147
v 15.074 16.781 7.987
v 15.130 18.824 7.987
v 12.981 17.860 12.147
v 15.074 16.781 7.987
v 13.442 15.550 7.987
v 11.463 16.059 7.987
v 10.627 17.924 7.987
v 11.563 19.740 7.987
v 13.567 20.141 7.987
v 15.130 18.824 7.987
v 14.485 18.535 9.792
v 13.391 19.457 9.792
v 12.981 17.860 14.110
v 13.391 19.457 9.792
v 11.988 19.176 9.792
v 12.981 17.860 14.110
v 11.988 19.176 9.792
v 11.333 17.905 9.792
v 12.981 17.860 14.110
v 11.333 17.905 9.792
v 11.918 16.599 9.792
v 12.981 17.860 14.110
v 11.918 16.599 9.792
v 13.304 16.243 9.792
v 12.981 17.860 14.110
v 13.304 16.243 9.792
v 14.446 17.105 9.792
v 12.981 17.860 14.110
v 14.446 17.105 9.792
v 14.485 18.535 9.792
v 12.981 17.860 14.110
v 14.446 17.105 9.792
v 13.304 16.243 9.792
v 11.918 16.599 9.792
v 11.333 17.905 9.792
v 11.988 19.176 9.792
v 13.391 19.457 9.792
v 14.485 18.535 9.792
v -5.230 25.951 5.303
v -4.980 26.064 5.303
v -5.092 26.314 5.303
v -5.342 26.202 5.303
v -5.342 26.202 1.755
v -5.092 26.314 1.755
v -4.980 26.064 1.755
v -5.230 25.951 1.755
v -5.230 25.951 1.755
v -4.980 26.064 1.755
v -4.980 26.064 5.303
v -5.230 25.951 5.303
v -4.980 26.064 1.755
v -5.092 26.314 1.755
v -5.092 26.314 5.303
v -4.980 26.064 5.303
v -5.092 26.314 1.755
v -5.342 26.202 1.755
v -5.342 26.202 5.303
v -5.092 26.314 5.303
v -5.342 26.202 1.755
v -5.230 25.951 1.755
v -5.230 25.951 5.303
v -5.342 26.202 5.303
v -2.543 27.307 4.059
v -4.447 28.912 4.059
v -5.161 26.133 9.129
v -4.447 28.912 4.059
v -6.889 28.424 4.059
v -5.161 26.133 9.129
v -6.889 28.424 4.059
v -8.030 26.210 4.059
v -5.161 26.133 9.129
v -8.030 26.210 4.059
v -7.010 23.939 4.059
v -5.161 26.133 9.129
v -7.010 23.939 4.059
v -4.599 23.319 4.059
v -5.161 26.133 9.129
v -4.599 23.319 4.059
v -2.611 24.818 4.059
v -5.161 26.133 9.129
v -2.611 24.818 4.059
v -2.543 27.307 4.059
v -5.161 26.133 9.129
v -2.611 24.818 4.059
v -4.599 23.319 4.059
v -7.010 23.939 4.059
v -8.030 26.210 4.059
v -6.889 28.424 4.059
v -4.447 28.912 4.059
v -2.543 27.307 4.059
v -3.328 26.955 6.259
v -4.661 28.078 6.259
v -5.161 26.133 11.520
v -4.661 28.078 6.259
v -6.371 27.736 6.259
v -5.161 26.133 11.520
v -6.371 27.736 6.259
v -7.169 26.187 6.259
v -5.161 26.133 11.520
v -7.169 26.187 6.259
v -6.456 24.597 6.259
v -5.161 26.133 11.520
v -6.456 24.597 6.259
v -4.767 24.163 6.259
v -5.161 26.133 11.520
v -4.767 24.163 6.259
v -3.376 25.212 6.259
v -5.161 26.133 11.520
v -3.376 25.212 6.259
v -3.328 26.955 6.259
v -5.161 26.133 11.520
v -3.376 25.212 6.259
v -4.767 24.163 6.259
v -6.456 24.597 6.259
v -7.169 26.187 6.259
v -6.371 27.736 6.259
v -4.661 28.078 6.259
v -3.328 26.955 6.259
v 32.945 34.441 11.283
v 33.195 34.553 11.283
v 33.083 34.803 11.283
v 32.833 34.691 11.283
v 32.833 34.691 8.211
v 33.083 34.803 8.211
v 33.195 34.553 8.211
v 32.945 34.441 8.211
v 32.945 34.441 8.211
v 33.195 34.553 8.211
v 33.195 34.553 11.283
v 32.945 34.441 11.283
v 33.195 34.553 8.211
v 33.083 34.803 8.211
v 33.083 34.803 11.283
v 33.195 34.553 11.283
v 33.083 34.803 8.211
v 32.833 34.691 8.211
v 32.833 34.691 11.283
v 33.083 34.803 11.283
v 32.833 34.691 8.211
v 32.945 34.441 8.211
v 32.945 34.441 11.283
v 32.833 34.691 11.283
v 35.260 35.629 10.217
v 33.627 37.006 10.217
v 33.014 34.622 14.566
v 33.627 37.006 10.217
v 31.532 36.588 10.217
v 33.014 34.622 14.566
v 31.532 36.588 10.217
v 30.553 34.689 10.217
v 33.014 34.622 14.566
v 30.553 34.689 10.217
v 31.427 32.739 10.217
v 33.014 34.622 14.566
v 31.427 32.739 10.217
v 33.497 32.208 10.217
v 33.014 34.622 14.566
v 33.497 32.208 10.217
v 35.202 33.494 10.217
v 33.014 34.622 14.566
v 35.202 33.494 10.217
v 35.260 35.629 10.217
v 33.014 34.622 14.566
v 35.202 33.494 10.217
v 33.497 32.208 10.217
v 31.427 32.739 10.217
v 30.553 34.689 10.217
v 31.532 36.588 10.217
v 33.627 37.006 10.217
v 35.260 35.629 10.217
v 34.586 35.327 12.104
v 33.443 36.291 12.104
v 33.014 34.622 16.618
v 33.443 36.291 12.104
v 31.976 35.998 12.104
v 33.014 34.622 16.618
v 31.976 35.998 12.104
v 31.291 34.669 12.104
v 33.014 34.622 16.618
v 31.291 34.669 12.104
v 31.903 33.304 12.104
v 33.014 34.622 16.618
v 31.903 33.304 12.104
v 33.352 32.932 12.104
v 33.014 34.622 16.618
v 33.352 32.932 12.104
v 34.546 33.832 12.104
v 33.014 34.622 16.618
v 34.546 33.832 12.104
v 34.586 35.327 12.104
v 33.014 34.622 16.618
v 34.546 33.832 12.104
v 33.352 32.932 12.104
v 31.903 33.304 12.104
v 31.291 34.669 12.104
v 31.976 35.998 12.104
v 33.443 36.291 12.104
v 34.586 35.327 12.104
v -23.426 19.437 3.180
v -23.176 19.549 3.180
v -23.288 19.800 3.180
v -23.539 19.687 3.180
v -23.539 19.687 0.097
v -23.288 19.800 0.097
v -23.176 19.549 0.097
v -23.426 19.437 0.097
v -23.426 19.437 0.097
v -23.176 19.549 0.097
v -23.176 19.549 3.180
v -23.426 19.437 3.180
v -23.176 19.549 0.097
v -23.288 19.800 0.097
v -23.288 19.800 3.180
v -23.176 19.549 3.180
v -23.288 19.800 0.097
v -23.539 19.687 0.097
v -23.539 19.687 3.180
v -23.288 19.800 3.180
v -23.539 19.687 0.097
v -23.426 19.437 0.097
v -23.426 19.437 3.180
v -23.539 19.687 3.180
v -21.103 20.630 2.109
v -22.743 22.012 2.109
v -23.357 19.618 6.474
v -22.743 22.012 2.109
v -24.845 21.591 2.109
v -23.357 19.618 6.474
v -24.845 21.591 2.109
v -25.828 19.685 2.109
v -23.357 19.618 6.474
v -25.828 19.685 2.109
v -24.950 17.729 2.109
v -23.357 19.618 6.474
v -24.950 17.729 2.109
v -22.873 17.195 2.109
v -23.357 19.618 6.474
v -22.873 17.195 2.109
v -21.161 18.486 2.109
v -23.357 19.618 6.474
v -21.161 18.486 2.109
v -21.103 20.630 2.109
v -23.357 19.618 6.474
v -21.161 18.486 2.109
v -22.873 17.195 2.109
v -24.950 17.729 2.109
v -25.828 19.685 2.109
v -24.845 21.591 2.109
v -22.743 22.012 2.109
v -21.103 20.630 2.109
v -21.779 20.326 4.003
v -22.927 21.294 4.003
v -23.357 19.618 8.533
v -22.927 21.294 4.003
v -24.399 20.999 4.003
v -23.357 19.618 8.533
v -24.399 20.999 4.003
v -25.087 19.665 4.003
v -23.357 19.618 8.533
v -25.087 19.665 4.003
v -24.472 18.296 4.003
v -23.357 19.618 8.533
v -24.472 18.296 4.003
v -23.018 17.922 4.003
v -23.357 19.618 8.533
v -23.018 17.922 4.003
v -21.820 18.826 4.003
v -23.357 19.618 8.533
v -21.820 18.826 4.003
v -21.779 20.326 4.003
v -23.357 19.618 8.533
v -21.820 18.826 4.003
v -23.018 17.922 4.003
v -24.472 18.296 4.003
v -25.087 19.665 4.003
v -24.399 20.999 4.003
v -22.927 21.294 4.003
v -21.779 20.326 4.003
v -28.037 -58.883 8.792
v -27.786 -58.771 8.792
v -27.899 -58.521 8.792
v -28.149 -58.633 8.792
v -28.149 -58.633 5.209
v -27.899 -58.521 5.209
v -27.786 -58.771 5.209
v -28.037 -58.883 5.209
v -28.037 -58.883 5.209
v -27.786 -58.771 5.209
v -27.786 -58.771 8.792
v -28.037 -58.883 8.792
v -27.786 -58.771 5.209
v -27.899 -58.521 5.209
v -27.899 -58.521 8.792
v -27.786 -58.771 8.792
v -27.899 -58.521 5.209
v -28.149 -58.633 5.209
v -28.149 -58.633 8.792
v -27.899 -58.521 8.792
v -28.149 -58.633 5.209
v -28.037 -58.883 5.209
v -28.037 -58.883 8.792
v -28.149 -58.633 8.792
v -25.322 -57.515 7.535
v -27.246 -55.893 7.535
v -27.968 -58.702 12.659
v -27.246 -55.893 7.535
v -29.714 -56.386 7.535
v -27.968 -58.702 12.659
v -29.714 -56.386 7.535
v -30.867 -58.623 7.535
v -27.968 -58.702 12.659
v -30.867 -58.623 7.535
v -29.837 -60.919 7.535
v -27.968 -58.702 12.659
v -29.837 -60.919 7.535
v -27.399 -61.546 7.535
v -27.968 -58.702 12.659
v -27.399 -61.546 7.535
v -25.390 -60.031 7.535
v -27.968 -58.702 12.659
v -25.390 -60.031 7.535
v -25.322 -57.515 7.535
v -27.968 -58.702 12.659
v -25.390 -60.031 7.535
v -27.399 -61.546 7.535
v -29.837 -60.919 7.535
v -30.867 -58.623 7.535
v -29.714 -56.386 7.535
v -27.246 -55.893 7.535
v -25.322 -57.515 7.535
v -26.116 -57.871 9.759
v -27.463 -56.736 9.759
v -27.968 -58.702 15.075
v -27.463 -56.736 9.759
v -29.190 -57.081 9.759
v -27.968 -58.702 15.075
v -29.190 -57.081 9.759
v -29.997 -58.647 9.759
v -27.968 -58.702 15.075
v -29.997 -58.647 9.759
v -29.276 -60.254 9.759
v -27.968 -58.702 15.075
v -29.276 -60.254 9.759
v -27.570 -60.693 9.759
v -27.968 -58.702 15.075
v -27.570 -60.693 9.759
v -26.163 -59.632 9.759
v -27.968 -58.702 15.075
v -26.163 -59.632 9.759
v -26.116 -57.871 9.759
v -27.968 -58.702 15.075
v -26.163 -59.632 9.759
v -27.570 -60.693 9.759
v -29.276 -60.254 9.759
v -29.997 -58.647 9.759
v -29.190 -57.081 9.759
v -27.463 -56.736 9.759
v -26.116 -57.871 9.759
v -18.768 -25.466 9.436
v -18.518 -25.353 9.436
v -18.630 -25.103 9.436
v -18.880 -25.215 9.436
v -18.880 -25.215 6.729
v -18.630 -25.103 6.729
v -18.518 -25.353 6.729
v -18.768 -25.466 6.729
v -18.768 -25.466 6.729
v -18.518 -25.353 6.729
v -18.518 -25.353 9.436
v -18.768 -25.466 9.436
v -18.518 -25.353 6.729
v -18.630 -25.103 6.729
v -18.630 -25.103 9.436
v -18.518 -25.353 9.436
v -18.630 -25.103 6.729
v -18.880 -25.215 6.729
v -18.880 -25.215 9.436
v -18.630 -25.103 9.436
v -18.880 -25.215 6.729
v -18.768 -25.466 6.729
v -18.768 -25.466 9.436
v -18.880 -25.215 9.436
v -16.738 -24.405 8.505
v -18.164 -23.203 8.505
v -18.699 -25.284 12.301
v -18.164 -23.203 8.505
v -19.993 -23.568 8.505
v -18.699 -25.284 12.301
v -19.993 -23.568 8.505
v -20.847 -25.226 8.505
v -18.699 -25.284 12.301
v -20.847 -25.226 8.505
v -20.084 -26.928 8.505
v -18.699 -25.284 12.301
v -20.084 -26.928 8.505
v -18.278 -27.392 8.505
v -18.699 -25.284 12.301
v -18.278 -27.392 8.505
v -16.789 -26.269 8.505
v -18.699 -25.284 12.301
v -16.789 -26.269 8.505
v -16.738 -24.405 8.505
v -18.699 -25.284 12.301
v -16.789 -26.269 8.505
v -18.278 -27.392 8.505
v -20.084 -26.928 8.505
v -20.847 -25.226 8.505
v -19.993 -23.568 8.505
v -18.164 -23.203 8.505
v -16.738 -24.405 8.505
v -17.326 -24.669 10.152
v -18.325 -23.827 10.152
v -18.699 -25.284 14.092
v -18.325 -23.827 10.152
v -19.605 -24.083 10.152
v -18.699 -25.284 14.092
v -19.605 -24.083 10.152
v -20.203 -25.244 10.152
v -18.699 -25.284 14.092
v -20.203 -25.244 10.152
v -19.668 -26.435 10.152
v -18.699 -25.284 14.092
v -19.668 -26.435 10.152
v -18.404 -26.760 10.152
v -18.699 -25.284 14.092
v -18.404 -26.760 10.152
v -17.362 -25.974 10.152
v -18.699 -25.284 14.092
v -17.362 -25.974 10.152
v -17.326 -24.669 10.152
v -18.699 -25.284 14.092
v -17.362 -25.974 10.152
v -18.404 -26.760 10.152
v -19.668 -26.435 10.152
v -20.203 -25.244 10.152
v -19.605 -24.083 10.152
v -18.325 -23.827 10.152
v -17.326 -24.669 10.152
v 28.768 45.312 9.973
v 29.018 45.425 9.973
v 28.906 45.675 9.973
v 28.655 45.563 9.973
v 28.655 45.563 6.337
v 28.906 45.675 6.337
v 29.018 45.425 6.337
v 28.768 45.312 6.337
v 28.768 45.312 6.337
v 29.018 45.425 6.337
v 29.018 45.425 9.973
v 28.768 45.312 9.973
v 29.018 45.425 6.337
v 28.906 45.675 6.337
v 28.906 45.675 9.973
v 29.018 45.425 9.973
v 28.906 45.675 6.337
v 28.655 45.563 6.337
v 28.655 45.563 9.973
v 28.906 45.675 9.973
v 28.655 45.563 6.337
v 28.768 45.312 6.337
v 28.768 45.312 9.973
v 28.655 45.563 9.973
v 31.524 46.699 8.697
v 29.570 48.346 8.697
v 28.837 45.494 13.900
v 29.570 48.346 8.697
v 27.064 47.845 8.697
v 28.837 45.494 13.900
v 27.064 47.845 8.697
v 25.893 45.574 8.697
v 28.837 45.494 13.900
v 25.893 45.574 8.697
v 26.939 43.242 8.697
v 28.837 45.494 13.900
v 26.939 43.242 8.697
v 29.414 42.606 8.697
v 28.837 45.494 13.900
v 29.414 42.606 8.697
v 31.455 44.144 8.697
v 28.837 45.494 13.900
v 31.455 44.144 8.697
v 31.524 46.699 8.697
v 28.837 45.494 13.900
v 31.455 44.144 8.697
v 29.414 42.606 8.697
v 26.939 43.242 8.697
v 25.893 45.574 8.697
v 27.064 47.845 8.697
v 29.570 48.346 8.697
v 31.524 46.699 8.697
v 30.718 46.337 10.955
v 29.350 47.490 10.955
v 28.837 45.494 16.354
v 29.350 47.490 10.955
v 27.596 47.140 10.955
v 28.837 45.494 16.354
v 27.596 47.140 10.955
v 26.776 45.550 10.955
v 28.837 45.494 16.354
v 26.776 45.550 10.955
v 27.508 43.917 10.955
v 28.837 45.494 16.354
v 27.508 43.917 10.955
v 29.241 43.472 10.955
v 28.837 45.494 16.354
v 29.241 43.472 10.955
v 30.669 44.549 10.955
v 28.837 45.494 16.354
v 30.669 44.549 10.955
v 30.718 46.337 10.955
v 28.837 45.494 16.354
v 30.669 44.549 10.955
v 29.241 43.472 10.955
v 27.508 43.917 10.955
v 26.776 45.550 10.955
v 27.596 47.140 10.955
v 29.350 47.490 10.955
v 30.718 46.337 10.955
v -33.204 8.704 2.800
v -32.954 8.816 2.800
v -33.066 9.067 2.800
v -33.317 8.954 2.800
v -33.317 8.954 0.010
v -33.066 9.067 0.010
v -32.954 8.816 0.010
v -33.204 8.704 0.010
v -33.204 8.704 0.010
v -32.954 8.816 0.010
v -32.954 8.816 2.800
v -33.204 8.704 2.800
v -32.954 8.816 0.010
v -33.066 9.067 0.010
v -33.066 9.067 2.800
v -32.954 8.816 2.800
v -33.066 9.067 0.010
v -33.317 8.954 0.010
v -33.317 8.954 2.800
v -33.066 9.067 2.800
v -33.317 8.954 0.010
v -33.204 8.704 0.010
v -33.204 8.704 2.800
v -33.317 8.954 2.800
v -31.110 9.794 1.838
v -32.583 11.036 1.838
v -33.135 8.885 5.760
v -32.583 11.036 1.838
v -34.472 10.658 1.838
v -33.135 8.885 5.760
v -34.472 10.658 1.838
v -35.355 8.946 1.838
v -33.135 8.885 5.760
v -35.355 8.946 1.838
v -34.566 7.188 1.838
v -33.135 8.885 5.760
v -34.566 7.188 1.838
v -32.700 6.708 1.838
v -33.135 8.885 5.760
v -32.700 6.708 1.838
v -31.162 7.868 1.838
v -33.135 8.885 5.760
v -31.162 7.868 1.838
v -31.110 9.794 1.838
v -33.135 8.885 5.760
v -31.162 7.868 1.838
v -32.700 6.708 1.838
v -34.566 7.188 1.838
v -35.355 8.946 1.838
v -34.472 10.658 1.838
v -32.583 11.036 1.838
v -31.110 9.794 1.838
v -31.717 9.521 3.540
v -32.749 10.390 3.540
v -33.135 8.885 7.610
v -32.749 10.390 3.540
v -34.071 10.126 3.540
v -33.135 8.885 7.610
v -34.071 10.126 3.540
v -34.689 8.927 3.540
v -33.135 8.885 7.610
v -34.689 8.927 3.540
v -34.137 7.697 3.540
v -33.135 8.885 7.610
v -34.137 7.697 3.540
v -32.831 7.361 3.540
v -33.135 8.885 7.610
v -32.831 7.361 3.540
v -31.754 8.173 3.540
v -33.135 8.885 7.610
v -31.754 8.173 3.540
v -31.717 9.521 3.540
v -33.135 8.885 7.610
v -31.754 8.173 3.540
v -32.831 7.361 3.540
v -34.137 7.697 3.540
v -34.689 8.927 3.540
v -34.071 10.126 3.540
v -32.749 10.390 3.540
v -31.717 9.521 3.540
v -19.729 15.366 4.308
v -19.478 15.478 4.308
v -19.591 15.728 4.308
v -19.841 15.616 4.308
v -19.841 15.616 0.936
v -19.591 15.728 0.936
v -19.478 15.478 0.936
v -19.729 15.366 0.936
v -19.729 15.366 0.936
v -19.478 15.478 0.936
v -19.478 15.478 4.308
v -19.729 15.366 4.308
v -19.478 15.478 0.936
v -19.591 15.728 0.936
v -19.591 15.728 4.308
v -19.478 15.478 4.308
v -19.591 15.728 0.936
v -19.841 15.616 0.936
v -19.841 15.616 4.308
v -19.591 15.728 4.308
v -19.841 15.616 0.936
v -19.729 15.366 0.936
v -19.729 15.366 4.308
v -19.841 15.616 4.308
v -17.179 16.660 3.130
v -18.983 18.180 3.130
v -19.660 15.547 7.933
v -18.983 18.180 3.130
v -21.297 17.718 3.130
v -19.660 15.547 7.933
v -21.297 17.718 3.130
v -22.378 15.621 3.130
v -19.660 15.547 7.933
v -22.378 15.621 3.130
v -21.412 13.468 3.130
v -19.660 15.547 7.933
v -21.412 13.468 3.130
v -19.127 12.881 3.130
v -19.660 15.547 7.933
v -19.127 12.881 3.130
v -17.243 14.301 3.130
v -19.660 15.547 7.933
v -17.243 14.301 3.130
v -17.179 16.660 3.130
v -19.660 15.547 7.933
v -17.243 14.301 3.130
v -19.127 12.881 3.130
v -21.412 13.468 3.130
v -22.378 15.621 3.130
v -21.297 17.718 3.130
v -18.983 18.180 3.130
v -17.179 16.660 3.130
v -17.923 16.326 5.214
v -19.186 17.390 5.214
v -19.660 15.547 10.199
v -19.186 17.390 5.214
v -20.805 17.067 5.214
v -19.660 15.547 10.199
v -20.805 17.067 5.214
v -21.562 15.599 5.214
v -19.660 15.547 10.199
v -21.562 15.599 5.214
v -20.886 14.092 5.214
v -19.660 15.547 10.199
v -20.886 14.092 5.214
v -19.287 13.681 5.214
v -19.660 15.547 10.199
v -19.287 13.681 5.214
v -17.968 14.675 5.214
v -19.660 15.547 10.199
v -17.968 14.675 5.214
v -17.923 16.326 5.214
v -19.660 15.547 10.199
v -17.968 14.675 5.214
v -19.287 13.681 5.214
v -20.886 14.092 5.214
v -21.562 15.599 5.214
v -20.805 17.067 5.214
v -19.186 17.390 5.214
v -17.923 16.326 5.214
v -39.866 -69.055 6.066
v -39.616 -68.943 6.066
v -39.728 -68.693 6.066
v -39.978 -68.805 6.066
v -39.978 -68.805 3.209
v -39.728 -68.693 3.209
v -39.616 -68.943 3.209
v -39.866 -69.055 3.209
v -39.866 -69.055 3.209
v -39.616 -68.943 3.209
v -39.616 -68.943 6.066
v -39.866 -69.055 6.066
v -39.616 -68.943 3.209
v -39.728 -68.693 3.209
v -39.728 -68.693 6.066
v -39.616 -68.943 6.066
v -39.728 -68.693 3.209
v -39.978 -68.805 3.209
v -39.978 -68.805 6.066
v -39.728 -68.693 6.066
v -39.978 -68.805 3.209
v -39.866 -69.055 3.209
v -39.866 -69.055 6.066
v -39.978 -68.805 6.066
v -37.719 -67.942 5.079
v -39.230 -66.668 5.079
v -39.797 -68.874 9.103
v -39.230 -66.668 5.079
v -41.168 -67.056 5.079
v -39.797 -68.874 9.103
v -41.168 -67.056 5.079
v -42.074 -68.812 5.079
v -39.797 -68.874 9.103
v -42.074 -68.812 5.079
v -41.265 -70.615 5.079
v -39.797 -68.874 9.103
v -41.265 -70.615 5.079
v -39.351 -71.107 5.079
v -39.797 -68.874 9.103
v -39.351 -71.107 5.079
v -37.773 -69.917 5.079
v -39.797 -68.874 9.103
v -37.773 -69.917 5.079
v -37.719 -67.942 5.079
v -39.797 -68.874 9.103
v -37.773 -69.917 5.079
v -39.351 -71.107 5.079
v -41.265 -70.615 5.079
v -42.074 -68.812 5.079
v -41.168 -67.056 5.079
v -39.230 -66.668 5.079
v -37.719 -67.942 5.079
v -38.343 -68.221 6.825
v -39.400 -67.330 6.825
v -39.797 -68.874 11.001
v -39.400 -67.330 6.825
v -40.757 -67.601 6.825
v -39.797 -68.874 11.001
v -40.757 -67.601 6.825
v -41.391 -68.831 6.825
v -39.797 -68.874 11.001
v -41.391 -68.831 6.825
v -40.825 -70.093 6.825
v -39.797 -68.874 11.001
v -40.825 -70.093 6.825
v -39.485 -70.437 6.825
v -39.797 -68.874 11.001
v -39.485 -70.437 6.825
v -38.380 -69.604 6.825
v -39.797 -68.874 11.001
v -38.380 -69.604 6.825
v -38.343 -68.221 6.825
v -39.797 -68.874 11.001
v -38.380 -69.604 6.825
v -39.485 -70.437 6.825
v -40.825 -70.093 6.825
v -41.391 -68.831 6.825
v -40.757 -67.601 6.825
v -39.400 -67.330 6.825
v -38.343 -68.221 6.825
v -25.285 -48.176 9.065
v -25.035 -48.064 9.065
v -25.147 -47.814 9.065
v -25.398 -47.926 9.065
v -25.398 -47.926 6.053
v -25.147 -47.814 6.053
v -25.035 -48.064 6.053
v -25.285 -48.176 6.053
v -25.285 -48.176 6.053
v -25.035 -48.064 6.053
v -25.035 -48.064 9.065
v -25.285 -48.176 9.065
v -25.035 -48.064 6.053
v -25.147 -47.814 6.053
v -25.147 -47.814 9.065
v -25.035 -48.064 9.065
v -25.147 -47.814 6.053
v -25.398 -47.926 6.053
v -25.398 -47.926 9.065
v -25.147 -47.814 9.065
v -25.398 -47.926 6.053
v -25.285 -48.176 6.053
v -25.285 -48.176 9.065
v -25.398 -47.926 9.065
v -23.018 -47.009 8.021
v -24.617 -45.661 8.021
v -25.216 -47.995 12.278
v -24.617 -45.661 8.021
v -26.667 -46.071 8.021
v -25.216 -47.995 12.278
v -26.667 -46.071 8.021
v -27.625 -47.930 8.021
v -25.216 -47.995 12.278
v -27.625 -47.930 8.021
v -26.769 -49.838 8.021
v -25.216 -47.995 12.278
v -26.769 -49.838 8.021
v -24.744 -50.358 8.021
v -25.216 -47.995 12.278
v -24.744 -50.358 8.021
v -23.074 -49.099 8.021
v -25.216 -47.995 12.278
v -23.074 -49.099 8.021
v -23.018 -47.009 8.021
v -25.216 -47.995 12.278
v -23.074 -49.099 8.021
v -24.744 -50.358 8.021
v -26.769 -49.838 8.021
v -27.625 -47.930 8.021
v -26.667 -46.071 8.021
v -24.617 -45.661 8.021
v -23.018 -47.009 8.021
v -23.677 -47.305 9.868
v -24.797 -46.361 9.868
v -25.216 -47.995 14.286
v -24.797 -46.361 9.868
v -26.232 -46.648 9.868
v -25.216 -47.995 14.286
v -26.232 -46.648 9.868
v -26.903 -47.949 9.868
v -25.216 -47.995 14.286
v -26.903 -47.949 9.868
v -26.304 -49.285 9.868
v -25.216 -47.995 14.286
v -26.304 -49.285 9.868
v -24.886 -49.649 9.868
v -25.216 -47.995 14.286
v -24.886 -49.649 9.868
v -23.717 -48.768 9.868
v -25.216 -47.995 14.286
v -23.717 -48.768 9.868
v -23.677 -47.305 9.868
v -25.216 -47.995 14.286
v -23.717 -48.768 9.868
v -24.886 -49.649 9.868
v -26.304 -49.285 9.868
v -26.903 -47.949 9.868
v -26.232 -46.648 9.868
v -24.797 -46.361 9.868
v -23.677 -47.305 9.868
v -34.787 -81.143 8.059
v -34.537 -81.030 8.059
v -34.649 -80.780 8.059
v -34.899 -80.892 8.059
v -34.899 -80.892 4.902
v -34.649 -80.780 4.902
v -34.537 -81.030 4.902
v -34.787 -81.143 4.902
v -34.787 -81.143 4.902
v -34.537 -81.030 4.902
v -34.537 -81.030 8.059
v -34.787 -81.143 8.059
v -34.537 -81.030 4.902
v -34.649 -80.780 4.902
v -34.649 -80.780 8.059
v -34.537 -81.030 8.059
v -34.649 -80.780 4.902
v -34.899 -80.892 4.902
v -34.899 -80.892 8.059
v -34.649 -80.780 8.059
v -34.899 -80.892 4.902
v -34.787 -81.143 4.902
v -34.787 -81.143 8.059
v -34.899 -80.892 8.059
v -32.405 -79.924 6.960
v -34.087 -78.506 6.960
v -34.718 -80.961 11.438
v -34.087 -78.506 6.960
v -36.244 -78.938 6.960
v -34.718 -80.961 11.438
v -36.244 -78.938 6.960
v -37.252 -80.893 6.960
v -34.718 -80.961 11.438
v -37.252 -80.893 6.960
v -36.351 -82.899 6.960
v -34.718 -80.961 11.438
v -36.351 -82.899 6.960
v -34.221 -83.447 6.960
v -34.718 -80.961 11.438
v -34.221 -83.447 6.960
v -32.465 -82.123 6.960
v -34.718 -80.961 11.438
v -32.465 -82.123 6.960
v -32.405 -79.924 6.960
v -34.718 -80.961 11.438
v -32.465 -82.123 6.960
v -34.221 -83.447 6.960
v -36.351 -82.899 6.960
v -37.252 -80.893 6.960
v -36.244 -78.938 6.960
v -34.087 -78.506 6.960
v -32.405 -79.924 6.960
v -33.099 -80.235 8.904
v -34.276 -79.243 8.904
v -34.718 -80.961 13.550
v -34.276 -79.243 8.904
v -35.786 -79.545 8.904
v -34.718 -80.961 13.550
v -35.786 -79.545 8.904
v -36.491 -80.913 8.904
v -34.718 -80.961 13.550
v -36.491 -80.913 8.904
v -35.861 -82.318 8.904
v -34.718 -80.961 13.550
v -35.861 -82.318 8.904
v -34.370 -82.701 8.904
v -34.718 -80.961 13.550
v -34.370 -82.701 8.904
v -33.141 -81.774 8.904
v -34.718 -80.961 13.550
v -33.141 -81.774 8.904
v -33.099 -80.235 8.904
v -34.718 -80.961 13.550
v -33.141 -81.774 8.904
v -34.370 -82.701 8.904
v -35.861 -82.318 8.904
v -36.491 -80.913 8.904
v -35.786 -79.545 8.904
v -34.276 -79.243 8.904
v -33.099 -80.235 8.904
v 17.466 -26.237 18.793
v 17.716 -26.124 18.793
v 17.604 -25.874 18.793
v 17.354 -25.986 18.793
v 17.354 -25.986 15.583
v 17.604 -25.874 15.583
v 17.716 -26.124 15.583
v 17.466 -26.237 15.583
v 17.466 -26.237 15.583
v 17.716 -26.124 15.583
v 17.716 -26.124 18.793
v 17.466 -26.237 18.793
v 17.716 -26.124 15.583
v 17.604 -25.874 15.583
v 17.604 -25.874 18.793
v 17.716 -26.124 18.793
v 17.604 -25.874 15.583
v 17.354 -25.986 15.583
v 17.354 -25.986 18.793
v 17.604 -25.874 18.793
v 17.354 -25.986 15.583
v 17.466 -26.237 15.583
v 17.466 -26.237 18.793
v 17.354 -25.986 18.793
v 19.888 -25.000 17.675
v 18.177 -23.557 17.675
v 17.535 -26.055 22.232
v 18.177 -23.557 17.675
v 15.982 -23.996 17.675
v 17.535 -26.055 22.232
v 15.982 -23.996 17.675
v 14.956 -25.986 17.675
v 17.535 -26.055 22.232
v 14.956 -25.986 17.675
v 15.873 -28.028 17.675
v 17.535 -26.055 22.232
v 15.873 -28.028 17.675
v 18.040 -28.585 17.675
v 17.535 -26.055 22.232
v 18.040 -28.585 17.675
v 19.828 -27.237 17.675
v 17.535 -26.055 22.232
v 19.828 -27.237 17.675
v 19.888 -25.000 17.675
v 17.535 -26.055 22.232
v 19.828 -27.237 17.675
v 18.040 -28.585 17.675
v 15.873 -28.028 17.675
v 14.956 -25.986 17.675
v 15.982 -23.996 17.675
v 18.177 -23.557 17.675
v 19.888 -25.000 17.675
v 19.182 -25.316 19.653
v 17.984 -24.307 19.653
v 17.535 -26.055 24.382
v 17.984 -24.307 19.653
v 16.448 -24.614 19.653
v 17.535 -26.055 24.382
v 16.448 -24.614 19.653
v 15.730 -26.006 19.653
v 17.535 -26.055 24.382
v 15.730 -26.006 19.653
v 16.371 -27.436 19.653
v 17.535 -26.055 24.382
v 16.371 -27.436 19.653
v 17.889 -27.826 19.653
v 17.535 -26.055 24.382
v 17.889 -27.826 19.653
v 19.140 -26.883 19.653
v 17.535 -26.055 24.382
v 19.140 -26.883 19.653
v 19.182 -25.316 19.653
v 17.535 -26.055 24.382
v 19.140 -26.883 19.653
v 17.889 -27.826 19.653
v 16.371 -27.436 19.653
v 15.730 -26.006 19.653
v 16.448 -24.614 19.653
v 17.984 -24.307 19.653
v 19.182 -25.316 19.653
v 23.107 42.823 8.842
v 23.357 42.935 8.842
v 23.245 43.185 8.842
v 22.995 43.073 8.842
v 22.995 43.073 5.410
v 23.245 43.185 5.410
v 23.357 42.935 5.410
v 23.107 42.823 5.410
v 23.107 42.823 5.410
v 23.357 42.935 5.410
v 23.357 42.935 8.842
v 23.107 42.823 8.842
v 23.357 42.935 5.410
v 23.245 43.185 5.410
v 23.245 43.185 8.842
v 23.357 42.935 8.842
v 23.245 43.185 5.410
v 22.995 43.073 5.410
v 22.995 43.073 8.842
v 23.245 43.185 8.842
v 22.995 43.073 5.410
v 23.107 42.823 5.410
v 23.107 42.823 8.842
v 22.995 43.073 8.842
v 25.703 44.138 7.641
v 23.865 45.686 7.641
v 23.176 43.004 12.534
v 23.865 45.686 7.641
v 21.509 45.215 7.641
v 23.176 43.004 12.534
v 21.509 45.215 7.641
v 20.408 43.079 7.641
v 23.176 43.004 12.534
v 20.408 43.079 7.641
v 21.391 40.886 7.641
v 23.176 43.004 12.534
v 21.391 40.886 7.641
v 23.719 40.288 7.641
v 23.176 43.004 12.534
v 23.719 40.288 7.641
v 25.638 41.735 7.641
v 23.176 43.004 12.534
v 25.638 41.735 7.641
v 25.703 44.138 7.641
v 23.176 43.004 12.534
v 25.638 41.735 7.641
v 23.719 40.288 7.641
v 21.391 40.886 7.641
v 20.408 43.079 7.641
v 21.509 45.215 7.641
v 23.865 45.686 7.641
v 25.703 44.138 7.641
v 24.945 43.798 9.765
v 23.659 44.882 9.765
v 23.176 43.004 14.842
v 23.659 44.882 9.765
v 22.009 44.552 9.765
v 23.176 43.004 14.842
v 22.009 44.552 9.765
v 21.238 43.057 9.765
v 23.176 43.004 14.842
v 21.238 43.057 9.765
v 21.927 41.522 9.765
v 23.176 43.004 14.842
v 21.927 41.522 9.765
v 23.556 41.103 9.765
v 23.176 43.004 14.842
v 23.556 41.103 9.765
v 24.899 42.116 9.765
v 23.176 43.004 14.842
v 24.899 42.116 9.765
v 24.945 43.798 9.765
v 23.176 43.004 14.842
v 24.899 42.116 9.765
v 23.556 41.103 9.765
v 21.927 41.522 9.765
v 21.238 43.057 9.765
v 22.009 44.552 9.765
v 23.659 44.882 9.765
v 24.945 43.798 9.765
v -55.515 -19.642 3.537
v -55.264 -19.530 3.537
v -55.377 -19.280 3.537
v -55.627 -19.392 3.537
v -55.627 -19.392 0.004
v -55.377 -19.280 0.004
v -55.264 -19.530 0.004
v -55.515 -19.642 0.004
v -55.515 -19.642 0.004
v -55.264 -19.530 0.004
v -55.264 -19.530 3.537
v -55.515 -19.642 3.537
v -55.264 -19.530 0.004
v -55.377 -19.280 0.004
v -55.377 -19.280 3.537
v -55.264 -19.530 3.537
v -55.377 -19.280 0.004
v -55.627 -19.392 0.004
v -55.627 -19.392 3.537
v -55.377 -19.280 3.537
v -55.627 -19.392 0.004
v -55.515 -19.642 0.004
v -55.515 -19.642 3.537
v -55.627 -19.392 3.537
v -52.839 -18.292 2.299
v -54.734 -16.694 2.299
v -55.446 -19.461 7.347
v -54.734 -16.694 2.299
v -57.166 -17.180 2.299
v -55.446 -19.461 7.347
v -57.166 -17.180 2.299
v -58.302 -19.384 2.299
v -55.446 -19.461 7.347
v -58.302 -19.384 2.299
v -57.287 -21.646 2.299
v -55.446 -19.461 7.347
v -57.287 -21.646 2.299
v -54.886 -22.263 2.299
v -55.446 -19.461 7.347
v -54.886 -22.263 2.299
v -52.906 -20.770 2.299
v -55.446 -19.461 7.347
v -52.906 -20.770 2.299
v -52.839 -18.292 2.299
v -55.446 -19.461 7.347
v -52.906 -20.770 2.299
v -54.886 -22.263 2.299
v -57.287 -21.646 2.299
v -58.302 -19.384 2.299
v -57.166 -17.180 2.299
v -54.734 -16.694 2.299
v -52.839 -18.292 2.299
v -53.621 -18.642 4.489
v -54.948 -17.524 4.489
v -55.446 -19.461 9.728
v -54.948 -17.524 4.489
v -56.650 -17.864 4.489
v -55.446 -19.461 9.728
v -56.650 -17.864 4.489
v -57.445 -19.407 4.489
v -55.446 -19.461 9.728
v -57.445 -19.407 4.489
v -56.735 -20.990 4.489
v -55.446 -19.461 9.728
v -56.735 -20.990 4.489
v -55.054 -21.422 4.489
v -55.446 -19.461 9.728
v -55.054 -21.422 4.489
v -53.668 -20.377 4.489
v -55.446 -19.461 9.728
v -53.668 -20.377 4.489
v -53.621 -18.642 4.489
v -55.446 -19.461 9.728
v -53.668 -20.377 4.489
v -55.054 -21.422 4.489
v -56.735 -20.990 4.489
v -57.445 -19.407 4.489
v -56.650 -17.864 4.489
v -54.948 -17.524 4.489
v -53.621 -18.642 4.489
v 18.752 31.176 9.386
v 19.003 31.289 9.386
v 18.890 31.539 9.386
v 18.640 31.427 9.386
v 18.640 31.427 5.612
v 18.890 31.539 5.612
v 19.003 31.289 5.612
v 18.752 31.176 5.612
v 18.752 31.176 5.612
v 19.003 31.289 5.612
v 19.003 31.289 9.386
v 18.752 31.176 9.386
v 19.003 31.289 5.612
v 18.890 31.539 5.612
v 18.890 31.539 9.386
v 19.003 31.289 9.386
v 18.890 31.539 5.612
v 18.640 31.427 5.612
v 18.640 31.427 9.386
v 18.890 31.539 9.386
v 18.640 31.427 5.612
v 18.752 31.176 5.612
v 18.752 31.176 9.386
v 18.640 31.427 9.386
v 21.616 32.611 8.059
v 19.584 34.325 8.059
v 18.821 31.358 13.470
v 19.584 34.325 8.059
v 16.977 33.804 8.059
v 18.821 31.358 13.470
v 16.977 33.804 8.059
v 15.759 31.441 8.059
v 18.821 31.358 13.470
v 15.759 31.441 8.059
v 16.847 29.015 8.059
v 18.821 31.358 13.470
v 16.847 29.015 8.059
v 19.422 28.354 8.059
v 18.821 31.358 13.470
v 19.422 28.354 8.059
v 21.544 29.954 8.059
v 18.821 31.358 13.470
v 21.544 29.954 8.059
v 21.616 32.611 8.059
v 18.821 31.358 13.470
v 21.544 29.954 8.059
v 19.422 28.354 8.059
v 16.847 29.015 8.059
v 15.759 31.441 8.059
v 16.977 33.804 8.059
v 19.584 34.325 8.059
v 21.616 32.611 8.059
v 20.778 32.235 10.407
v 19.355 33.435 10.407
v 18.821 31.358 16.023
v 19.355 33.435 10.407
v 17.530 33.070 10.407
v 18.821 31.358 16.023
v 17.530 33.070 10.407
v 16.678 31.416 10.407
v 18.821 31.358 16.023
v 16.678 31.416 10.407
v 17.439 29.718 10.407
v 18.821 31.358 16.023
v 17.439 29.718 10.407
v 19.242 29.255 10.407
v 18.821 31.358 16.023
v 19.242 29.255 10.407
v 20.727 30.375 10.407
v 18.821 31.358 16.023
v 20.727 30.375 10.407
v 20.778 32.235 10.407
v 18.821 31.358 16.023
v 20.727 30.375 10.407
v 19.242 29.255 10.407
v 17.439 29.718 10.407
v 16.678 31.416 10.407
v 17.530 33.070 10.407
v 19.355 33.435 10.407
v 20.778 32.235 10.407
v -21.477 -57.862 9.311
v -21.226 -57.749 9.311
v -21.339 -57.499 9.311
v -21.589 -57.611 9.311
v -21.589 -57.611 6.353
v -21.339 -57.499 6.353
v -21.226 -57.749 6.353
v -21.477 -57.862 6.353
v -21.477 -57.862 6.353
v -21.226 -57.749 6.353
v -21.226 -57.749 9.311
v -21.477 -57.862 9.311
v -21.226 -57.749 6.353
v -21.339 -57.499 6.353
v -21.339 -57.499 9.311
v -21.226 -57.749 9.311
v -21.339 -57.499 6.353
v -21.589 -57.611 6.353
v -21.589 -57.611 9.311
v -21.339 -57.499 9.311
v -21.589 -57.611 6.353
v -21.477 -57.862 6.353
v -21.477 -57.862 9.311
v -21.589 -57.611 9.311
v -19.251 -56.713 8.286
v -20.819 -55.391 8.286
v -21.408 -57.680 12.463
v -20.819 -55.391 8.286
v -22.831 -55.793 8.286
v -21.408 -57.680 12.463
v -22.831 -55.793 8.286
v -23.771 -57.616 8.286
v -21.408 -57.680 12.463
v -23.771 -57.616 8.286
v -22.931 -59.488 8.286
v -21.408 -57.680 12.463
v -22.931 -59.488 8.286
v -20.944 -59.998 8.286
v -21.408 -57.680 12.463
v -20.944 -59.998 8.286
v -19.306 -58.763 8.286
v -21.408 -57.680 12.463
v -19.306 -58.763 8.286
v -19.251 -56.713 8.286
v -21.408 -57.680 12.463
v -19.306 -58.763 8.286
v -20.944 -59.998 8.286
v -22.931 -59.488 8.286
v -23.771 -57.616 8.286
v -22.831 -55.793 8.286
v -20.819 -55.391 8.286
v -19.251 -56.713 8.286
v -19.898 -57.003 10.099
v -20.996 -56.078 10.099
v -21.408 -57.680 14.433
v -20.996 -56.078 10.099
v -22.404 -56.359 10.099
v -21.408 -57.680 14.433
v -22.404 -56.359 10.099
v -23.062 -57.635 10.099
v -21.408 -57.680 14.433
v -23.062 -57.635 10.099
v -22.474 -58.946 10.099
v -21.408 -57.680 14.433
v -22.474 -58.946 10.099
v -21.083 -59.303 10.099
v -21.408 -57.680 14.433
v -21.083 -59.303 10.099
v -19.937 -58.439 10.099
v -21.408 -57.680 14.433
v -19.937 -58.439 10.099
v -19.898 -57.003 10.099
v -21.408 -57.680 14.433
v -19.937 -58.439 10.099
v -21.083 -59.303 10.099
v -22.474 -58.946 10.099
v -23.062 -57.635 10.099
v -22.404 -56.359 10.099
v -20.996 -56.078 10.099
v -19.898 -57.003 10.099
v -46.891 -37.623 5.384
v -46.641 -37.510 5.384
v -46.753 -37.260 5.384
v -47.003 -37.372 5.384
v -47.003 -37.372 2.548
v -46.753 -37.260 2.548
v -46.641 -37.510 2.548
v -46.891 -37.623 2.548
v -46.891 -37.623 2.548
v -46.641 -37.510 2.548
v -46.641 -37.510 5.384
v -46.891 -37.623 5.384
v -46.641 -37.510 2.548
v -46.753 -37.260 2.548
v -46.753 -37.260 5.384
v -46.641 -37.510 5.384
v -46.753 -37.260 2.548
v -47.003 -37.372 2.548
v -47.003 -37.372 5.384
v -46.753 -37.260 5.384
v -47.003 -37.372 2.548
v -46.891 -37.623 2.548
v -46.891 -37.623 5.384
v -47.003 -37.372 5.384
v -44.760 -36.516 4.405
v -46.260 -35.252 4.405
v -46.822 -37.441 8.398
v -46.260 -35.252 4.405
v -48.183 -35.637 4.405
v -46.822 -37.441 8.398
v -48.183 -35.637 4.405
v -49.081 -37.380 4.405
v -46.822 -37.441 8.398
v -49.081 -37.380 4.405
v -48.279 -39.170 4.405
v -46.822 -37.441 8.398
v -48.279 -39.170 4.405
v -46.379 -39.658 4.405
v -46.822 -37.441 8.398
v -46.379 -39.658 4.405
v -44.813 -38.477 4.405
v -46.822 -37.441 8.398
v -44.813 -38.477 4.405
v -44.760 -36.516 4.405
v -46.822 -37.441 8.398
v -44.813 -38.477 4.405
v -46.379 -39.658 4.405
v -48.279 -39.170 4.405
v -49.081 -37.380 4.405
v -48.183 -35.637 4.405
v -46.260 -35.252 4.405
v -44.760 -36.516 4.405
v -45.379 -36.794 6.138
v -46.428 -35.909 6.138
v -46.822 -37.441 10.281
v -46.428 -35.909 6.138
v -47.775 -36.178 6.138
v -46.822 -37.441 10.281
v -47.775 -36.178 6.138
v -48.404 -37.398 6.138
v -46.822 -37.441 10.281
v -48.404 -37.398 6.138
v -47.842 -38.651 6.138
v -46.822 -37.441 10.281
v -47.842 -38.651 6.138
v -46.512 -38.993 6.138
v -46.822 -37.441 10.281
v -46.512 -38.993 6.138
v -45.416 -38.166 6.138
v -46.822 -37.441 10.281
v -45.416 -38.166 6.138
v -45.379 -36.794 6.138
v -46.822 -37.441 10.281
v -45.416 -38.166 6.138
v -46.512 -38.993 6.138
v -47.842 -38.651 6.138
v -48.404 -37.398 6.138
v -47.775 -36.178 6.138
v -46.428 -35.909 6.138
v -45.379 -36.794 6.138
v 47.390 19.859 16.163
v 47.640 19.971 16.163
v 47.528 20.222 16.163
v 47.277 20.109 16.163
v 47.277 20.109 13.447
v 47.528 20.222 13.447
v 47.640 19.971 13.447
v 47.390 19.859 13.447
v 47.390 19.859 13.447
v 47.640 19.971 13.447
v 47.640 19.971 16.163
v 47.390 19.859 16.163
v 47.640 19.971 13.447
v 47.528 20.222 13.447
v 47.528 20.222 16.163
v 47.640 19.971 16.163
v 47.528 20.222 13.447
v 47.277 20.109 13.447
v 47.277 20.109 16.163
v 47.528 20.222 16.163
v 47.277 20.109 13.447
v 47.390 19.859 13.447
v 47.390 19.859 16.163
v 47.277 20.109 16.163
v 49.426 20.923 15.229
v 47.995 22.129 15.229
v 47.459 20.040 19.039
v 47.995 22.129 15.229
v 46.160 21.762 15.229
v 47.459 20.040 19.039
v 46.160 21.762 15.229
v 45.303 20.099 15.229
v 47.459 20.040 19.039
v 45.303 20.099 15.229
v 46.069 18.391 15.229
v 47.459 20.040 19.039
v 46.069 18.391 15.229
v 47.881 17.925 15.229
v 47.459 20.040 19.039
v 47.881 17.925 15.229
v 49.376 19.052 15.229
v 47.459 20.040 19.039
v 49.376 19.052 15.229
v 49.426 20.923 15.229
v 47.459 20.040 19.039
v 49.376 19.052 15.229
v 47.881 17.925 15.229
v 46.069 18.391 15.229
v 45.303 20.099 15.229
v 46.160 21.762 15.229
v 47.995 22.129 15.229
v 49.426 20.923 15.229
v 48.836 20.658 16.882
v 47.834 21.502 16.882
v 47.459 20.040 20.836
v 47.834 21.502 16.882
v 46.550 21.246 16.882
v 47.459 20.040 20.836
v 46.550 21.246 16.882
v 45.949 20.081 16.882
v 47.459 20.040 20.836
v 45.949 20.081 16.882
v 46.486 18.886 16.882
v 47.459 20.040 20.836
v 46.486 18.886 16.882
v 47.755 18.560 16.882
v 47.459 20.040 20.836
v 47.755 18.560 16.882
v 48.801 19.349 16.882
v 47.459 20.040 20.836
v 48.801 19.349 16.882
v 48.836 20.658 16.882
v 47.459 20.040 20.836
v 48.801 19.349 16.882
v 47.755 18.560 16.882
v 46.486 18.886 16.882
v 45.949 20.081 16.882
v 46.550 21.246 16.882
v 47.834 21.502 16.882
v 48.836 20.658 16.882
v 12.907 -5.698 12.718
v 13.158 -5.586 12.718
v 13.045 -5.336 12.718
v 12.795 -5.448 12.718
v 12.795 -5.448 9.845
v 13.045 -5.336 9.845
v 13.158 -5.586 9.845
v 12.907 -5.698 9.845
v 12.907 -5.698 9.845
v 13.158 -5.586 9.845
v 13.158 -5.586 12.718
v 12.907 -5.698 12.718
v 13.158 -5.586 9.845
v 13.045 -5.336 9.845
v 13.045 -5.336 12.718
v 13.158 -5.586 12.718
v 13.045 -5.336 9.845
v 12.795 -5.448 9.845
v 12.795 -5.448 12.718
v 13.045 -5.336 12.718
v 12.795 -5.448 9.845
v 12.907 -5.698 9.845
v 12.907 -5.698 12.718
v 12.795 -5.448 12.718
v 15.067 -4.579 11.725
v 13.546 -3.298 11.725
v 12.976 -5.517 15.773
v 13.546 -3.298 11.725
v 11.597 -3.688 11.725
v 12.976 -5.517 15.773
v 11.597 -3.688 11.725
v 10.686 -5.455 11.725
v 12.976 -5.517 15.773
v 10.686 -5.455 11.725
v 11.500 -7.269 11.725
v 12.976 -5.517 15.773
v 11.500 -7.269 11.725
v 13.425 -7.764 11.725
v 12.976 -5.517 15.773
v 13.425 -7.764 11.725
v 15.013 -6.567 11.725
v 12.976 -5.517 15.773
v 15.013 -6.567 11.725
v 15.067 -4.579 11.725
v 12.976 -5.517 15.773
v 15.013 -6.567 11.725
v 13.425 -7.764 11.725
v 11.500 -7.269 11.725
v 10.686 -5.455 11.725
v 11.597 -3.688 11.725
v 13.546 -3.298 11.725
v 15.067 -4.579 11.725
v 14.440 -4.861 13.482
v 13.375 -3.964 13.482
v 12.976 -5.517 17.682
v 13.375 -3.964 13.482
v 12.011 -4.236 13.482
v 12.976 -5.517 17.682
v 12.011 -4.236 13.482
v 11.373 -5.473 13.482
v 12.976 -5.517 17.682
v 11.373 -5.473 13.482
v 11.943 -6.743 13.482
v 12.976 -5.517 17.682
v 11.943 -6.743 13.482
v 13.291 -7.090 13.482
v 12.976 -5.517 17.682
v 13.291 -7.090 13.482
v 14.402 -6.252 13.482
v 12.976 -5.517 17.682
v 14.402 -6.252 13.482
v 14.440 -4.861 13.482
v 12.976 -5.517 17.682
v 14.402 -6.252 13.482
v 13.291 -7.090 13.482
v 11.943 -6.743 13.482
v 11.373 -5.473 13.482
v 12.011 -4.236 13.482
v 13.375 -3.964 13.482
v 14.440 -4.861 13.482
v -17.053 9.145 4.896
v -16.802 9.257 4.896
v -16.915 9.507 4.896
v -17.165 9.395 4.896
v -17.165 9.395 1.952
v -16.915 9.507 1.952
v -16.802 9.257 1.952
v -17.053 9.145 1.952
v -17.053 9.145 1.952
v -16.802 9.257 1.952
v -16.802 9.257 4.896
v -17.053 9.145 4.896
v -16.802 9.257 1.952
v -16.915 9.507 1.952
v -16.915 9.507 4.896
v -16.802 9.257 4.896
v -16.915 9.507 1.952
v -17.165 9.395 1.952
v -17.165 9.395 4.896
v -16.915 9.507 4.896
v -17.165 9.395 1.952
v -17.053 9.145 1.952
v -17.053 9.145 4.896
v -17.165 9.395 4.896
v -14.837 10.289 3.877
v -16.398 11.605 3.877
v -16.984 9.326 8.033
v -16.398 11.605 3.877
v -18.400 11.204 3.877
v -16.984 9.326 8.033
v -18.400 11.204 3.877
v -19.335 9.390 3.877
v -16.984 9.326 8.033
v -19.335 9.390 3.877
v -18.500 7.527 3.877
v -16.984 9.326 8.033
v -18.500 7.527 3.877
v -16.523 7.019 3.877
v -16.984 9.326 8.033
v -16.523 7.019 3.877
v -14.893 8.248 3.877
v -16.984 9.326 8.033
v -14.893 8.248 3.877
v -14.837 10.289 3.877
v -16.984 9.326 8.033
v -14.893 8.248 3.877
v -16.523 7.019 3.877
v -18.500 7.527 3.877
v -19.335 9.390 3.877
v -18.400 11.204 3.877
v -16.398 11.605 3.877
v -14.837 10.289 3.877
v -15.481 10.000 5.681
v -16.574 10.921 5.681
v -16.984 9.326 9.993
v -16.574 10.921 5.681
v -17.975 10.641 5.681
v -16.984 9.326 9.993
v -17.975 10.641 5.681
v -18.630 9.371 5.681
v -16.984 9.326 9.993
v -18.630 9.371 5.681
v -18.045 8.067 5.681
v -16.984 9.326 9.993
v -18.045 8.067 5.681
v -16.661 7.711 5.681
v -16.984 9.326 9.993
v -16.661 7.711 5.681
v -15.520 8.572 5.681
v -16.984 9.326 9.993
v -15.520 8.572 5.681
v -15.481 10.000 5.681
v -16.984 9.326 9.993
v -15.520 8.572 5.681
v -16.661 7.711 5.681
v -18.045 8.067 5.681
v -18.630 9.371 5.681
v -17.975 10.641 5.681
v -16.574 10.921 5.681
v -15.481 10.000 5.681
v -4.593 31.181 4.543
v -4.343 31.293 4.543
v -4.455 31.544 4.543
v -4.706 31.431 4.543
v -4.706 31.431 1.370
v -4.455 31.544 1.370
v -4.343 31.293 1.370
v -4.593 31.181 1.370
v -4.593 31.181 1.370
v -4.343 31.293 1.370
v -4.343 31.293 4.543
v -4.593 31.181 4.543
v -4.343 31.293 1.370
v -4.455 31.544 1.370
v -4.455 31.544 4.543
v -4.343 31.293 4.543
v -4.455 31.544 1.370
v -4.706 31.431 1.370
v -4.706 31.431 4.543
v -4.455 31.544 4.543
v -4.706 31.431 1.370
v -4.593 31.181 1.370
v -4.593 31.181 4.543
v -4.706 31.431 4.543
v -2.199 32.405 3.438
v -3.890 33.830 3.438
v -4.524 31.362 7.940
v -3.890 33.830 3.438
v -6.058 33.397 3.438
v -4.524 31.362 7.940
v -6.058 33.397 3.438
v -7.071 31.432 3.438
v -4.524 31.362 7.940
v -7.071 31.432 3.438
v -6.166 29.414 3.438
v -4.524 31.362 7.940
v -6.166 29.414 3.438
v -4.025 28.864 3.438
v -4.524 31.362 7.940
v -4.025 28.864 3.438
v -2.259 30.195 3.438
v -4.524 31.362 7.940
v -2.259 30.195 3.438
v -2.199 32.405 3.438
v -4.524 31.362 7.940
v -2.259 30.195 3.438
v -4.025 28.864 3.438
v -6.166 29.414 3.438
v -7.071 31.432 3.438
v -6.058 33.397 3.438
v -3.890 33.830 3.438
v -2.199 32.405 3.438
v -2.897 32.092 5.392
v -4.080 33.090 5.392
v -4.524 31.362 10.064
v -4.080 33.090 5.392
v -5.598 32.787 5.392
v -4.524 31.362 10.064
v -5.598 32.787 5.392
v -6.307 31.411 5.392
v -4.524 31.362 10.064
v -6.307 31.411 5.392
v -5.674 29.999 5.392
v -4.524 31.362 10.064
v -5.674 29.999 5.392
v -4.175 29.613 5.392
v -4.524 31.362 10.064
v -4.175 29.613 5.392
v -2.939 30.545 5.392
v -4.524 31.362 10.064
v -2.939 30.545 5.392
v -2.897 32.092 5.392
v -4.524 31.362 10.064
v -2.939 30.545 5.392
v -4.175 29.613 5.392
v -5.674 29.999 5.392
v -6.307 31.411 5.392
v -5.598 32.787 5.392
v -4.080 33.090 5.392
v -2.897 32.092 5.392
v 39.395 40.053 11.670
v 39.645 40.165 11.670
v 39.533 40.415 11.670
v 39.283 40.303 11.670
v 39.283 40.303 8.979
v 39.533 40.415 8.979
v 39.645 40.165 8.979
v 39.395 40.053 8.979
v 39.395 40.053 8.979
v 39.645 40.165 8.979
v 39.645 40.165 11.670
v 39.395 40.053 11.670
v 39.645 40.165 8.979
v 39.533 40.415 8.979
v 39.533 40.415 11.670
v 39.645 40.165 11.670
v 39.533 40.415 8.979
v 39.283 40.303 8.979
v 39.283 40.303 11.670
v 39.533 40.415 11.670
v 39.283 40.303 8.979
v 39.395 40.053 8.979
v 39.395 40.053 11.670
v 39.283 40.303 11.670
v 41.412 41.108 10.744
v 39.995 42.302 10.744
v 39.464 40.234 14.516
v 39.995 42.302 10.744
v 38.179 41.939 10.744
v 39.464 40.234 14.516
v 38.179 41.939 10.744
v 37.330 40.292 10.744
v 39.464 40.234 14.516
v 37.330 40.292 10.744
v 38.088 38.602 10.744
v 39.464 40.234 14.516
v 38.088 38.602 10.744
v 39.882 38.141 10.744
v 39.464 40.234 14.516
v 39.882 38.141 10.744
v 41.362 39.256 10.744
v 39.464 40.234 14.516
v 41.362 39.256 10.744
v 41.412 41.108 10.744
v 39.464 40.234 14.516
v 41.362 39.256 10.744
v 39.882 38.141 10.744
v 38.088 38.602 10.744
v 37.330 40.292 10.744
v 38.179 41.939 10.744
v 39.995 42.302 10.744
v 41.412 41.108 10.744
v 40.827 40.846 12.381
v 39.836 41.681 12.381
v 39.464 40.234 16.295
v 39.836 41.681 12.381
v 38.564 41.427 12.381
v 39.464 40.234 16.295
v 38.564 41.427 12.381
v 37.970 40.275 12.381
v 39.464 40.234 16.295
v 37.970 40.275 12.381
v 38.501 39.091 12.381
v 39.464 40.234 16.295
v 38.501 39.091 12.381
v 39.757 38.769 12.381
v 39.464 40.234 16.295
v 39.757 38.769 12.381
v 40.792 39.549 12.381
v 39.464 40.234 16.295
v 40.792 39.549 12.381
v 40.827 40.846 12.381
v 39.464 40.234 16.295
v 40.792 39.549 12.381
v 39.757 38.769 12.381
v 38.501 39.091 12.381
v 37.970 40.275 12.381
v 38.564 41.427 12.381
v 39.836 41.681 12.381
v 40.827 40.846 12.381
v 18.562 10.267 11.391
v 18.812 10.380 11.391
v 18.700 10.630 11.391
v 18.449 10.518 11.391
v 18.449 10.518 8.421
v 18.700 10.630 8.421
v 18.812 10.380 8.421
v 18.562 10.267 8.421
v 18.562 10.267 8.421
v 18.812 10.380 8.421
v 18.812 10.380 11.391
v 18.562 10.267 11.391
v 18.812 10.380 8.421
v 18.700 10.630 8.421
v 18.700 10.630 11.391
v 18.812 10.380 11.391
v 18.700 10.630 8.421
v 18.449 10.518 8.421
v 18.449 10.518 11.391
v 18.700 10.630 11.391
v 18.449 10.518 8.421
v 18.562 10.267 8.421
v 18.562 10.267 11.391
v 18.449 10.518 11.391
v 20.797 11.421 10.362
v 19.222 12.749 10.362
v 18.631 10.449 14.558
v 19.222 12.749 10.362
v 17.201 12.345 10.362
v 18.631 10.449 14.558
v 17.201 12.345 10.362
v 16.257 10.513 10.362
v 18.631 10.449 14.558
v 16.257 10.513 10.362
v 17.100 8.633 10.362
v 18.631 10.449 14.558
v 17.100 8.633 10.362
v 19.096 8.120 10.362
v 18.631 10.449 14.558
v 19.096 8.120 10.362
v 20.742 9.361 10.362
v 18.631 10.449 14.558
v 20.742 9.361 10.362
v 20.797 11.421 10.362
v 18.631 10.449 14.558
v 20.742 9.361 10.362
v 19.096 8.120 10.362
v 17.100 8.633 10.362
v 16.257 10.513 10.362
v 17.201 12.345 10.362
v 19.222 12.749 10.362
v 20.797 11.421 10.362
v 20.147 11.129 12.183
v 19.044 12.059 12.183
v 18.631 10.449 16.536
v 19.044 12.059 12.183
v 17.630 11.776 12.183
v 18.631 10.449 16.536
v 17.630 11.776 12.183
v 16.969 10.494 12.183
v 18.631 10.449 16.536
v 16.969 10.494 12.183
v 17.559 9.178 12.183
v 18.631 10.449 16.536
v 17.559 9.178 12.183
v 18.957 8.819 12.183
v 18.631 10.449 16.536
v 18.957 8.819 12.183
v 20.108 9.687 12.183
v 18.631 10.449 16.536
v 20.108 9.687 12.183
v 20.147 11.129 12.183
v 18.631 10.449 16.536
v 20.108 9.687 12.183
v 18.957 8.819 12.183
v 17.559 9.178 12.183
v 16.969 10.494 12.183
v 17.630 11.776 12.183
v 19.044 12.059 12.183
v 20.147 11.129 12.183
v -6.131 -43.974 12.812
v -5.881 -43.862 12.812
v -5.993 -43.612 12.812
v -6.243 -43.724 12.812
v -6.243 -43.724 10.127
v -5.993 -43.612 10.127
v -5.881 -43.862 10.127
v -6.131 -43.974 10.127
v -6.131 -43.974 10.127
v -5.881 -43.862 10.127
v -5.881 -43.862 12.812
v -6.131 -43.974 12.812
v -5.881 -43.862 10.127
v -5.993 -43.612 10.127
v -5.993 -43.612 12.812
v -5.881 -43.862 12.812
v -5.993 -43.612 10.127
v -6.243 -43.724 10.127
v -6.243 -43.724 12.812
v -5.993 -43.612 12.812
v -6.243 -43.724 10.127
v -6.131 -43.974 10.127
v -6.131 -43.974 12.812
v -6.243 -43.724 12.812
v -4.118 -42.921 11.889
v -5.532 -41.730 11.889
v -6.062 -43.793 15.652
v -5.532 -41.730 11.889
v -7.344 -42.092 11.889
v -6.062 -43.793 15.652
v -7.344 -42.092 11.889
v -8.191 -43.735 11.889
v -6.062 -43.793 15.652
v -8.191 -43.735 11.889
v -7.435 -45.422 11.889
v -6.062 -43.793 15.652
v -7.435 -45.422 11.889
v -5.644 -45.882 11.889
v -6.062 -43.793 15.652
v -5.644 -45.882 11.889
v -4.169 -44.769 11.889
v -6.062 -43.793 15.652
v -4.169 -44.769 11.889
v -4.118 -42.921 11.889
v -6.062 -43.793 15.652
v -4.169 -44.769 11.889
v -5.644 -45.882 11.889
v -7.435 -45.422 11.889
v -8.191 -43.735 11.889
v -7.344 -42.092 11.889
v -5.532 -41.730 11.889
v -4.118 -42.921 11.889
v -4.701 -43.183 13.522
v -5.691 -42.349 13.522
v -6.062 -43.793 17.427
v -5.691 -42.349 13.522
v -6.959 -42.603 13.522
v -6.062 -43.793 17.427
v -6.959 -42.603 13.522
v -7.552 -43.753 13.522
v -6.062 -43.793 17.427
v -7.552 -43.753 13.522
v -7.023 -44.933 13.522
v -6.062 -43.793 17.427
v -7.023 -44.933 13.522
v -5.770 -45.255 13.522
v -6.062 -43.793 17.427
v -5.770 -45.255 13.522
v -4.737 -44.476 13.522
v -6.062 -43.793 17.427
v -4.737 -44.476 13.522
v -4.701 -43.183 13.522
v -6.062 -43.793 17.427
v -4.737 -44.476 13.522
v -5.770 -45.255 13.522
v -7.023 -44.933 13.522
v -7.552 -43.753 13.522
v -6.959 -42.603 13.522
v -5.691 -42.349 13.522
v -4.701 -43.183 13.522
v 52.961 19.358 18.136
v 53.211 19.470 18.136
v 53.099 19.720 18.136
v 52.849 19.608 18.136
v 52.849 19.608 14.787
v 53.099 19.720 14.787
v 53.211 19.470 14.787
v 52.961 19.358 14.787
v 52.961 19.358 14.787
v 53.211 19.470 14.787
v 53.211 19.470 18.136
v 52.961 19.358 18.136
v 53.211 19.470 14.787
v 53.099 19.720 14.787
v 53.099 19.720 18.136
v 53.211 19.470 18.136
v 53.099 19.720 14.787
v 52.849 19.608 14.787
v 52.849 19.608 18.136
v 53.099 19.720 18.136
v 52.849 19.608 14.787
v 52.961 19.358 14.787
v 52.961 19.358 18.136
v 52.849 19.608 18.136
v 55.493 20.644 16.967
v 53.702 22.154 16.967
v 53.030 19.539 21.736
v 53.702 22.154 16.967
v 51.405 21.695 16.967
v 53.030 19.539 21.736
v 51.405 21.695 16.967
v 50.331 19.612 16.967
v 53.030 19.539 21.736
v 50.331 19.612 16.967
v 51.290 17.475 16.967
v 53.030 19.539 21.736
v 51.290 17.475 16.967
v 53.559 16.891 16.967
v 53.030 19.539 21.736
v 53.559 16.891 16.967
v 55.430 18.302 16.967
v 53.030 19.539 21.736
v 55.430 18.302 16.967
v 55.493 20.644 16.967
v 53.030 19.539 21.736
v 55.430 18.302 16.967
v 53.559 16.891 16.967
v 51.290 17.475 16.967
v 50.331 19.612 16.967
v 51.405 21.695 16.967
v 53.702 22.154 16.967
v 55.493 20.644 16.967
v 54.754 20.312 19.036
v 53.500 21.369 19.036
v 53.030 19.539 23.986
v 53.500 21.369 19.036
v 51.892 21.048 19.036
v 53.030 19.539 23.986
v 51.892 21.048 19.036
v 51.141 19.590 19.036
v 53.030 19.539 23.986
v 51.141 19.590 19.036
v 51.812 18.094 19.036
v 53.030 19.539 23.986
v 51.812 18.094 19.036
v 53.400 17.686 19.036
v 53.030 19.539 23.986
v 53.400 17.686 19.036
v 54.710 18.673 19.036
v 53.030 19.539 23.986
v 54.710 18.673 19.036
v 54.754 20.312 19.036
v 53.030 19.539 23.986
v 54.710 18.673 19.036
v 53.400 17.686 19.036
v 51.812 18.094 19.036
v 51.141 19.590 19.036
v 51.892 21.048 19.036
v 53.500 21.369 19.036
v 54.754 20.312 19.036
v 6.907 44.576 5.116
v 7.157 44.688 5.116
v 7.045 44.939 5.116
v 6.794 44.826 5.116
v 6.794 44.826 2.135
v 7.045 44.939 2.135
v 7.157 44.688 2.135
v 6.907 44.576 2.135
v 6.907 44.576 2.135
v 7.157 44.688 2.135
v 7.157 44.688 5.116
v 6.907 44.576 5.116
v 7.157 44.688 2.135
v 7.045 44.939 2.135
v 7.045 44.939 5.116
v 7.157 44.688 5.116
v 7.045 44.939 2.135
v 6.794 44.826 2.135
v 6.794 44.826 5.116
v 7.045 44.939 5.116
v 6.794 44.826 2.135
v 6.907 44.576 2.135
v 6.907 44.576 5.116
v 6.794 44.826 5.116
v 9.151 45.733 4.083
v 7.569 47.067 4.083
v 6.976 44.757 8.295
v 7.569 47.067 4.083
v 5.540 46.661 4.083
v 6.976 44.757 8.295
v 5.540 46.661 4.083
v 4.592 44.822 4.083
v 6.976 44.757 8.295
v 4.592 44.822 4.083
v 5.439 42.934 4.083
v 6.976 44.757 8.295
v 5.439 42.934 4.083
v 7.443 42.419 4.083
v 6.976 44.757 8.295
v 7.443 42.419 4.083
v 9.095 43.665 4.083
v 6.976 44.757 8.295
v 9.095 43.665 4.083
v 9.151 45.733 4.083
v 6.976 44.757 8.295
v 9.095 43.665 4.083
v 7.443 42.419 4.083
v 5.439 42.934 4.083
v 4.592 44.822 4.083
v 5.540 46.661 4.083
v 7.569 47.067 4.083
v 9.151 45.733 4.083
v 8.498 45.440 5.911
v 7.391 46.374 5.911
v 6.976 44.757 10.282
v 7.391 46.374 5.911
v 5.971 46.090 5.911
v 6.976 44.757 10.282
v 5.971 46.090 5.911
v 5.307 44.803 5.911
v 6.976 44.757 10.282
v 5.307 44.803 5.911
v 5.900 43.481 5.911
v 6.976 44.757 10.282
v 5.900 43.481 5.911
v 7.303 43.121 5.911
v 6.976 44.757 10.282
v 7.303 43.121 5.911
v 8.459 43.993 5.911
v 6.976 44.757 10.282
v 8.459 43.993 5.911
v 8.498 45.440 5.911
v 6.976 44.757 10.282
v 8.459 43.993 5.911
v 7.303 43.121 5.911
v 5.900 43.481 5.911
v 5.307 44.803 5.911
v 5.971 46.090 5.911
v 7.391 46.374 5.911
v 8.498 45.440 5.911
v -20.601 -70.953 8.927
v -20.351 -70.841 8.927
v -20.463 -70.591 8.927
v -20.713 -70.703 8.927
v -20.713 -70.703 6.374
v -20.463 -70.591 6.374
v -20.351 -70.841 6.374
v -20.601 -70.953 6.374
v -20.601 -70.953 6.374
v -20.351 -70.841 6.374
v -20.351 -70.841 8.927
v -20.601 -70.953 8.927
v -20.351 -70.841 6.374
v -20.463 -70.591 6.374
v -20.463 -70.591 8.927
v -20.351 -70.841 8.927
v -20.463 -70.591 6.374
v -20.713 -70.703 6.374
v -20.713 -70.703 8.927
v -20.463 -70.591 8.927
v -20.713 -70.703 6.374
v -20.601 -70.953 6.374
v -20.601 -70.953 8.927
v -20.713 -70.703 8.927
v -18.691 -69.946 8.053
v -20.030 -68.818 8.053
v -20.532 -70.772 11.617
v -20.030 -68.818 8.053
v -21.747 -69.161 8.053
v -20.532 -70.772 11.617
v -21.747 -69.161 8.053
v -22.549 -70.717 8.053
v -20.532 -70.772 11.617
v -22.549 -70.717 8.053
v -21.832 -72.315 8.053
v -20.532 -70.772 11.617
v -21.832 -72.315 8.053
v -20.137 -72.750 8.053
v -20.532 -70.772 11.617
v -20.137 -72.750 8.053
v -18.739 -71.696 8.053
v -20.532 -70.772 11.617
v -18.739 -71.696 8.053
v -18.691 -69.946 8.053
v -20.532 -70.772 11.617
v -18.739 -71.696 8.053
v -20.137 -72.750 8.053
v -21.832 -72.315 8.053
v -22.549 -70.717 8.053
v -21.747 -69.161 8.053
v -20.030 -68.818 8.053
v -18.691 -69.946 8.053
v -19.243 -70.194 9.600
v -20.180 -69.404 9.600
v -20.532 -70.772 13.299
v -20.180 -69.404 9.600
v -21.382 -69.644 9.600
v -20.532 -70.772 13.299
v -21.382 -69.644 9.600
v -21.944 -70.734 9.600
v -20.532 -70.772 13.299
v -21.944 -70.734 9.600
v -21.442 -71.852 9.600
v -20.532 -70.772 13.299
v -21.442 -71.852 9.600
v -20.255 -72.157 9.600
v -20.532 -70.772 13.299
v -20.255 -72.157 9.600
v -19.277 -71.419 9.600
v -20.532 -70.772 13.299
v -19.277 -71.419 9.600
v -19.243 -70.194 9.600
v -20.532 -70.772 13.299
v -19.277 -71.419 9.600
v -20.255 -72.157 9.600
v -21.442 -71.852 9.600
v -21.944 -70.734 9.600
v -21.382 -69.644 9.600
v -20.180 -69.404 9.600
v -19.243 -70.194 9.600
v 22.876 -20.669 18.325
v 23.126 -20.557 18.325
v 23.014 -20.307 18.325
v 22.763 -20.419 18.325
v 22.763 -20.419 15.478
v 23.014 -20.307 15.478
v 23.126 -20.557 15.478
v 22.876 -20.669 15.478
v 22.876 -20.669 15.478
v 23.126 -20.557 15.478
v 23.126 -20.557 18.325
v 22.876 -20.669 18.325
v 23.126 -20.557 15.478
v 23.014 -20.307 15.478
v 23.014 -20.307 18.325
v 23.126 -20.557 18.325
v 23.014 -20.307 15.478
v 22.763 -20.419 15.478
v 22.763 -20.419 18.325
v 23.014 -20.307 18.325
v 22.763 -20.419 15.478
v 22.876 -20.669 15.478
v 22.876 -20.669 18.325
v 22.763 -20.419 18.325
v 25.015 -19.559 17.341
v 23.509 -18.291 17.341
v 22.945 -20.488 21.350
v 23.509 -18.291 17.341
v 21.579 -18.676 17.341
v 22.945 -20.488 21.350
v 21.579 -18.676 17.341
v 20.676 -20.427 17.341
v 22.945 -20.488 21.350
v 20.676 -20.427 17.341
v 21.482 -22.223 17.341
v 22.945 -20.488 21.350
v 21.482 -22.223 17.341
v 23.389 -22.713 17.341
v 22.945 -20.488 21.350
v 23.389 -22.713 17.341
v 24.961 -21.528 17.341
v 22.945 -20.488 21.350
v 24.961 -21.528 17.341
v 25.015 -19.559 17.341
v 22.945 -20.488 21.350
v 24.961 -21.528 17.341
v 23.389 -22.713 17.341
v 21.482 -22.223 17.341
v 20.676 -20.427 17.341
v 21.579 -18.676 17.341
v 23.509 -18.291 17.341
v 25.015 -19.559 17.341
v 24.394 -19.838 19.081
v 23.340 -18.950 19.081
v 22.945 -20.488 23.241
v 23.340 -18.950 19.081
v 21.988 -19.220 19.081
v 22.945 -20.488 23.241
v 21.988 -19.220 19.081
v 21.357 -20.445 19.081
v 22.945 -20.488 23.241
v 21.357 -20.445 19.081
v 21.921 -21.703 19.081
v 22.945 -20.488 23.241
v 21.921 -21.703 19.081
v 23.256 -22.046 19.081
v 22.945 -20.488 23.241
v 23.256 -22.046 19.081
v 24.356 -21.216 19.081
v 22.945 -20.488 23.241
v 24.356 -21.216 19.081
v 24.394 -19.838 19.081
v 22.945 -20.488 23.241
v 24.356 -21.216 19.081
v 23.256 -22.046 19.081
v 21.921 -21.703 19.081
v 21.357 -20.445 19.081
v 21.988 -19.220 19.081
v 23.340 -18.950 19.081
v 24.394 -19.838 19.081
v 52.706 45.429 14.352
v 52.956 45.542 14.352
v 52.844 45.792 14.352
v 52.594 45.680 14.352
v 52.594 45.680 11.230
v 52.844 45.792 11.230
v 52.956 45.542 11.230
v 52.706 45.429 11.230
v 52.706 45.429 11.230
v 52.956 45.542 11.230
v 52.956 45.542 14.352
v 52.706 45.429 14.352
v 52.956 45.542 11.230
v 52.844 45.792 11.230
v 52.844 45.792 14.352
v 52.956 45.542 14.352
v 52.844 45.792 11.230
v 52.594 45.680 11.230
v 52.594 45.680 14.352
v 52.844 45.792 14.352
v 52.594 45.680 11.230
v 52.706 45.429 11.230
v 52.706 45.429 14.352
v 52.594 45.680 14.352
v 55.060 46.636 13.267
v 53.398 48.036 13.267
v 52.775 45.611 17.692
v 53.398 48.036 13.267
v 51.267 47.610 13.267
v 52.775 45.611 17.692
v 51.267 47.610 13.267
v 50.271 45.679 13.267
v 52.775 45.611 17.692
v 50.271 45.679 13.267
v 51.161 43.695 13.267
v 52.775 45.611 17.692
v 51.161 43.695 13.267
v 53.266 43.154 13.267
v 52.775 45.611 17.692
v 53.266 43.154 13.267
v 55.001 44.463 13.267
v 52.775 45.611 17.692
v 55.001 44.463 13.267
v 55.060 46.636 13.267
v 52.775 45.611 17.692
v 55.001 44.463 13.267
v 53.266 43.154 13.267
v 51.161 43.695 13.267
v 50.271 45.679 13.267
v 51.267 47.610 13.267
v 53.398 48.036 13.267
v 55.060 46.636 13.267
v 54.375 46.328 15.187
v 53.211 47.309 15.187
v 52.775 45.611 19.779
v 53.211 47.309 15.187
v 51.720 47.010 15.187
v 52.775 45.611 19.779
v 51.720 47.010 15.187
v 51.022 45.658 15.187
v 52.775 45.611 19.779
v 51.022 45.658 15.187
v 51.645 44.270 15.187
v 52.775 45.611 19.779
v 51.645 44.270 15.187
v 53.119 43.891 15.187
v 52.775 45.611 19.779
v 53.119 43.891 15.187
v 54.334 44.807 15.187
v 52.775 45.611 19.779
v 54.334 44.807 15.187
v 54.375 46.328 15.187
v 52.775 45.611 19.779
v 54.334 44.807 15.187
v 53.119 43.891 15.187
v 51.645 44.270 15.187
v 51.022 45.658 15.187
v 51.720 47.010 15.187
v 53.211 47.309 15.187
v 54.375 46.328 15.187
v -14.984 -51.746 10.896
v -14.734 -51.633 10.896
v -14.846 -51.383 10.896
v -15.096 -51.495 10.896
v -15.096 -51.495 7.706
v -14.846 -51.383 7.706
v -14.734 -51.633 7.706
v -14.984 -51.746 7.706
v -14.984 -51.746 7.706
v -14.734 -51.633 7.706
v -14.734 -51.633 10.896
v -14.984 -51.746 10.896
v -14.734 -51.633 7.706
v -14.846 -51.383 7.706
v -14.846 -51.383 10.896
v -14.734 -51.633 10.896
v -14.846 -51.383 7.706
v -15.096 -51.495 7.706
v -15.096 -51.495 10.896
v -14.846 -51.383 10.896
v -15.096 -51.495 7.706
v -14.984 -51.746 7.706
v -14.984 -51.746 10.896
v -15.096 -51.495 10.896
v -12.577 -50.516 9.785
v -14.277 -49.083 9.785
v -14.915 -51.564 14.312
v -14.277 -49.083 9.785
v -16.458 -49.519 9.785
v -14.915 -51.564 14.312
v -16.458 -49.519 9.785
v -17.476 -51.495 9.785
v -14.915 -51.564 14.312
v -17.476 -51.495 9.785
v -16.566 -53.524 9.785
v -14.915 -51.564 14.312
v -16.566 -53.524 9.785
v -14.413 -54.077 9.785
v -14.915 -51.564 14.312
v -14.413 -54.077 9.785
v -12.637 -52.738 9.785
v -14.915 -51.564 14.312
v -12.637 -52.738 9.785
v -12.577 -50.516 9.785
v -14.915 -51.564 14.312
v -12.637 -52.738 9.785
v -14.413 -54.077 9.785
v -16.566 -53.524 9.785
v -17.476 -51.495 9.785
v -16.458 -49.519 9.785
v -14.277 -49.083 9.785
v -12.577 -50.516 9.785
v -13.278 -50.830 11.750
v -14.469 -49.827 11.750
v -14.915 -51.564 16.447
v -14.469 -49.827 11.750
v -15.995 -50.132 11.750
v -14.915 -51.564 16.447
v -15.995 -50.132 11.750
v -16.708 -51.516 11.750
v -14.915 -51.564 16.447
v -16.708 -51.516 11.750
v -16.071 -52.936 11.750
v -14.915 -51.564 16.447
v -16.071 -52.936 11.750
v -14.563 -53.323 11.750
v -14.915 -51.564 16.447
v -14.563 -53.323 11.750
v -13.321 -52.386 11.750
v -14.915 -51.564 16.447
v -13.321 -52.386 11.750
v -13.278 -50.830 11.750
v -14.915 -51.564 16.447
v -13.321 -52.386 11.750
v -14.563 -53.323 11.750
v -16.071 -52.936 11.750
v -16.708 -51.516 11.750
v -15.995 -50.132 11.750
v -14.469 -49.827 11.750
v -13.278 -50.830 11.750
v 11.367 36.660 7.085
v 11.618 36.772 7.085
v 11.505 37.022 7.085
v 11.255 36.910 7.085
v 11.255 36.910 3.578
v 11.505 37.022 3.578
v 11.618 36.772 3.578
v 11.367 36.660 3.578
v 11.367 36.660 3.578
v 11.618 36.772 3.578
v 11.618 36.772 7.085
v 11.367 36.660 7.085
v 11.618 36.772 3.578
v 11.505 37.022 3.578
v 11.505 37.022 7.085
v 11.618 36.772 7.085
v 11.505 37.022 3.578
v 11.255 36.910 3.578
v 11.255 36.910 7.085
v 11.505 37.022 7.085
v 11.255 36.910 3.578
v 11.367 36.660 3.578
v 11.367 36.660 7.085
v 11.255 36.910 7.085
v 14.023 38.001 5.857
v 12.142 39.586 5.857
v 11.436 36.841 10.865
v 12.142 39.586 5.857
v 9.730 39.104 5.857
v 11.436 36.841 10.865
v 9.730 39.104 5.857
v 8.603 36.918 5.857
v 11.436 36.841 10.865
v 8.603 36.918 5.857
v 9.610 34.674 5.857
v 11.436 36.841 10.865
v 9.610 34.674 5.857
v 11.992 34.061 5.857
v 11.436 36.841 10.865
v 11.992 34.061 5.857
v 13.956 35.542 5.857
v 11.436 36.841 10.865
v 13.956 35.542 5.857
v 14.023 38.001 5.857
v 11.436 36.841 10.865
v 13.956 35.542 5.857
v 11.992 34.061 5.857
v 9.610 34.674 5.857
v 8.603 36.918 5.857
v 9.730 39.104 5.857
v 12.142 39.586 5.857
v 14.023 38.001 5.857
v 13.247 37.653 8.030
v 11.930 38.763 8.030
v 11.436 36.841 13.227
v 11.930 38.763 8.030
v 10.242 38.425 8.030
v 11.436 36.841 13.227
v 10.242 38.425 8.030
v 9.453 36.895 8.030
v 11.436 36.841 13.227
v 9.453 36.895 8.030
v 10.158 35.324 8.030
v 11.436 36.841 13.227
v 10.158 35.324 8.030
v 11.825 34.895 8.030
v 11.436 36.841 13.227
v 11.825 34.895 8.030
v 13.200 35.932 8.030
v 11.436 36.841 13.227
v 13.200 35.932 8.030
v 13.247 37.653 8.030
v 11.436 36.841 13.227
v 13.200 35.932 8.030
v 11.825 34.895 8.030
v 10.158 35.324 8.030
v 9.453 36.895 8.030
v 10.242 38.425 8.030
v 11.930 38.763 8.030
v 13.247 37.653 8.030
v 5.653 15.308 7.970
v 5.903 15.420 7.970
v 5.791 15.671 7.970
v 5.541 15.558 7.970
v 5.541 15.558 4.767
v 5.791 15.671 4.767
v 5.903 15.420 4.767
v 5.653 15.308 4.767
v 5.653 15.308 4.767
v 5.903 15.420 4.767
v 5.903 15.420 7.970
v 5.653 15.308 7.970
v 5.903 15.420 4.767
v 5.791 15.671 4.767
v 5.791 15.671 7.970
v 5.903 15.420 7.970
v 5.791 15.671 4.767
v 5.541 15.558 4.767
v 5.541 15.558 7.970
v 5.791 15.671 7.970
v 5.541 15.558 4.767
v 5.653 15.308 4.767
v 5.653 15.308 7.970
v 5.541 15.558 7.970
v 8.070 16.543 6.855
v 6.362 17.982 6.855
v 5.722 15.489 11.401
v 6.362 17.982 6.855
v 4.173 17.544 6.855
v 5.722 15.489 11.401
v 4.173 17.544 6.855
v 3.149 15.559 6.855
v 5.722 15.489 11.401
v 3.149 15.559 6.855
v 4.063 13.521 6.855
v 5.722 15.489 11.401
v 4.063 13.521 6.855
v 6.226 12.966 6.855
v 5.722 15.489 11.401
v 6.226 12.966 6.855
v 8.010 14.310 6.855
v 5.722 15.489 11.401
v 8.010 14.310 6.855
v 8.070 16.543 6.855
v 5.722 15.489 11.401
v 8.010 14.310 6.855
v 6.226 12.966 6.855
v 4.063 13.521 6.855
v 3.149 15.559 6.855
v 4.173 17.544 6.855
v 6.362 17.982 6.855
v 8.070 16.543 6.855
v 7.366 16.227 8.828
v 6.170 17.234 8.828
v 5.722 15.489 13.546
v 6.170 17.234 8.828
v 4.637 16.928 8.828
v 5.722 15.489 13.546
v 4.637 16.928 8.828
v 3.921 15.538 8.828
v 5.722 15.489 13.546
v 3.921 15.538 8.828
v 4.561 14.112 8.828
v 5.722 15.489 13.546
v 4.561 14.112 8.828
v 6.075 13.723 8.828
v 5.722 15.489 13.546
v 6.075 13.723 8.828
v 7.323 14.664 8.828
v 5.722 15.489 13.546
v 7.323 14.664 8.828
v 7.366 16.227 8.828
v 5.722 15.489 13.546
v 7.323 14.664 8.828
v 6.075 13.723 8.828
v 4.561 14.112 8.828
v 3.921 15.538 8.828
v 4.637 16.928 8.828
v 6.170 17.234 8.828
v 7.366 16.227 8.828
v 27.300 32.953 9.780
v 27.551 33.065 9.780
v 27.438 33.315 9.780
v 27.188 33.203 9.780
v 27.188 33.203 7.178
v 27.438 33.315 7.178
v 27.551 33.065 7.178
v 27.300 32.953 7.178
v 27.300 32.953 7.178
v 27.551 33.065 7.178
v 27.551 33.065 9.780
v 27.300 32.953 9.780
v 27.551 33.065 7.178
v 27.438 33.315 7.178
v 27.438 33.315 9.780
v 27.551 33.065 9.780
v 27.438 33.315 7.178
v 27.188 33.203 7.178
v 27.188 33.203 9.780
v 27.438 33.315 9.780
v 27.188 33.203 7.178
v 27.300 32.953 7.178
v 27.300 32.953 9.780
v 27.188 33.203 9.780
v 29.248 33.977 8.888
v 27.882 35.128 8.888
v 27.369 33.134 12.526
v 27.882 35.128 8.888
v 26.130 34.778 8.888
v 27.369 33.134 12.526
v 26.130 34.778 8.888
v 25.311 33.190 8.888
v 27.369 33.134 12.526
v 25.311 33.190 8.888
v 26.042 31.560 8.888
v 27.369 33.134 12.526
v 26.042 31.560 8.888
v 27.773 31.115 8.888
v 27.369 33.134 12.526
v 27.773 31.115 8.888
v 29.200 32.191 8.888
v 27.369 33.134 12.526
v 29.200 32.191 8.888
v 29.248 33.977 8.888
v 27.369 33.134 12.526
v 29.200 32.191 8.888
v 27.773 31.115 8.888
v 26.042 31.560 8.888
v 25.311 33.190 8.888
v 26.130 34.778 8.888
v 27.882 35.128 8.888
v 29.248 33.977 8.888
v 28.685 33.724 10.467
v 27.728 34.530 10.467
v 27.369 33.134 14.242
v 27.728 34.530 10.467
v 26.502 34.285 10.467
v 27.369 33.134 14.242
v 26.502 34.285 10.467
v 25.929 33.173 10.467
v 27.369 33.134 14.242
v 25.929 33.173 10.467
v 26.440 32.032 10.467
v 27.369 33.134 14.242
v 26.440 32.032 10.467
v 27.652 31.721 10.467
v 27.369 33.134 14.242
v 27.652 31.721 10.467
v 28.651 32.474 10.467
v 27.369 33.134 14.242
v 28.651 32.474 10.467
v 28.685 33.724 10.467
v 27.369 33.134 14.242
v 28.651 32.474 10.467
v 27.652 31.721 10.467
v 26.440 32.032 10.467
v 25.929 33.173 10.467
v 26.502 34.285 10.467
v 27.728 34.530 10.467
v 28.685 33.724 10.467
v -2.242 37.545 4.051
v -1.992 37.657 4.051
v -2.104 37.908 4.051
v -2.354 37.795 4.051
v -2.354 37.795 1.199
v -2.104 37.908 1.199
v -1.992 37.657 1.199
v -2.242 37.545 1.199
v -2.242 37.545 1.199
v -1.992 37.657 1.199
v -1.992 37.657 4.051
v -2.242 37.545 4.051
v -1.992 37.657 1.199
v -2.104 37.908 1.199
v -2.104 37.908 4.051
v -1.992 37.657 4.051
v -2.104 37.908 1.199
v -2.354 37.795 1.199
v -2.354 37.795 4.051
v -2.104 37.908 4.051
v -2.354 37.795 1.199
v -2.242 37.545 1.199
v -2.242 37.545 4.051
v -2.354 37.795 4.051
v -0.099 38.657 3.066
v -1.607 39.928 3.066
v -2.173 37.726 7.083
v -1.607 39.928 3.066
v -3.542 39.542 3.066
v -2.173 37.726 7.083
v -3.542 39.542 3.066
v -4.446 37.788 3.066
v -2.173 37.726 7.083
v -4.446 37.788 3.066
v -3.638 35.988 3.066
v -2.173 37.726 7.083
v -3.638 35.988 3.066
v -1.727 35.497 3.066
v -2.173 37.726 7.083
v -1.727 35.497 3.066
v -0.152 36.685 3.066
v -2.173 37.726 7.083
v -0.152 36.685 3.066
v -0.099 38.657 3.066
v -2.173 37.726 7.083
v -0.152 36.685 3.066
v -1.727 35.497 3.066
v -3.638 35.988 3.066
v -4.446 37.788 3.066
v -3.542 39.542 3.066
v -1.607 39.928 3.066
v -0.099 38.657 3.066
v -0.721 38.378 4.809
v -1.777 39.268 4.809
v -2.173 37.726 8.977
v -1.777 39.268 4.809
v -3.131 38.997 4.809
v -2.173 37.726 8.977
v -3.131 38.997 4.809
v -3.764 37.769 4.809
v -2.173 37.726 8.977
v -3.764 37.769 4.809
v -3.199 36.509 4.809
v -2.173 37.726 8.977
v -3.199 36.509 4.809
v -1.861 36.166 4.809
v -2.173 37.726 8.977
v -1.861 36.166 4.809
v -0.758 36.997 4.809
v -2.173 37.726 8.977
v -0.758 36.997 4.809
v -0.721 38.378 4.809
v -2.173 37.726 8.977
v -0.758 36.997 4.809
v -1.861 36.166 4.809
v -3.199 36.509 4.809
v -3.764 37.769 4.809
v -3.131 38.997 4.809
v -1.777 39.268 4.809
v -0.721 38.378 4.809
v 14.614 6.776 11.697
v 14.864 6.888 11.697
v 14.752 7.138 11.697
v 14.502 7.026 11.697
v 14.502 7.026 8.126
v 14.752 7.138 8.126
v 14.864 6.888 8.126
v 14.614 6.776 8.126
v 14.614 6.776 8.126
v 14.864 6.888 8.126
v 14.864 6.888 11.697
v 14.614 6.776 11.697
v 14.864 6.888 8.126
v 14.752 7.138 8.126
v 14.752 7.138 11.697
v 14.864 6.888 11.697
v 14.752 7.138 8.126
v 14.502 7.026 8.126
v 14.502 7.026 11.697
v 14.752 7.138 11.697
v 14.502 7.026 8.126
v 14.614 6.776 8.126
v 14.614 6.776 11.697
v 14.502 7.026 11.697
v 17.319 8.139 10.445
v 15.402 9.755 10.445
v 14.683 6.957 15.549
v 15.402 9.755 10.445
v 12.943 9.264 10.445
v 14.683 6.957 15.549
v 12.943 9.264 10.445
v 11.795 7.035 10.445
v 14.683 6.957 15.549
v 11.795 7.035 10.445
v 12.821 4.748 10.445
v 14.683 6.957 15.549
v 12.821 4.748 10.445
v 15.249 4.124 10.445
v 14.683 6.957 15.549
v 15.249 4.124 10.445
v 17.251 5.633 10.445
v 14.683 6.957 15.549
v 17.251 5.633 10.445
v 17.319 8.139 10.445
v 14.683 6.957 15.549
v 17.251 5.633 10.445
v 15.249 4.124 10.445
v 12.821 4.748 10.445
v 11.795 7.035 10.445
v 12.943 9.264 10.445
v 15.402 9.755 10.445
v 17.319 8.139 10.445
v 16.528 7.785 12.660
v 15.186 8.916 12.660
v 14.683 6.957 17.956
v 15.186 8.916 12.660
v 13.465 8.572 12.660
v 14.683 6.957 17.956
v 13.465 8.572 12.660
v 12.661 7.012 12.660
v 14.683 6.957 17.956
v 12.661 7.012 12.660
v 13.380 5.411 12.660
v 14.683 6.957 17.956
v 13.380 5.411 12.660
v 15.079 4.974 12.660
v 14.683 6.957 17.956
v 15.079 4.974 12.660
v 16.480 6.031 12.660
v 14.683 6.957 17.956
v 16.480 6.031 12.660
v 16.528 7.785 12.660
v 14.683 6.957 17.956
v 16.480 6.031 12.660
v 15.079 4.974 12.660
v 13.380 5.411 12.660
v 12.661 7.012 12.660
v 13.465 8.572 12.660
v 15.186 8.916 12.660
v 16.528 7.785 12.660
v -7.294 -28.340 12.240
v -7.043 -28.228 12.240
v -7.156 -27.978 12.240
v -7.406 -28.090 12.240
v -7.406 -28.090 9.516
v -7.156 -27.978 9.516
v -7.043 -28.228 9.516
v -7.294 -28.340 9.516
v -7.294 -28.340 9.516
v -7.043 -28.228 9.516
v -7.043 -28.228 12.240
v -7.294 -28.340 12.240
v -7.043 -28.228 9.516
v -7.156 -27.978 9.516
v -7.156 -27.978 12.240
v -7.043 -28.228 12.240
v -7.156 -27.978 9.516
v -7.406 -28.090 9.516
v -7.406 -28.090 12.240
v -7.156 -27.978 12.240
v -7.406 -28.090 9.516
v -7.294 -28.340 9.516
v -7.294 -28.340 12.240
v -7.406 -28.090 12.240
v -5.251 -27.273 11.303
v -6.686 -26.063 11.303
v -7.225 -28.159 15.125
v -6.686 -26.063 11.303
v -8.527 -26.431 11.303
v -7.225 -28.159 15.125
v -8.527 -26.431 11.303
v -9.387 -28.100 11.303
v -7.225 -28.159 15.125
v -9.387 -28.100 11.303
v -8.619 -29.813 11.303
v -7.225 -28.159 15.125
v -8.619 -29.813 11.303
v -6.801 -30.280 11.303
v -7.225 -28.159 15.125
v -6.801 -30.280 11.303
v -5.302 -29.150 11.303
v -7.225 -28.159 15.125
v -5.302 -29.150 11.303
v -5.251 -27.273 11.303
v -7.225 -28.159 15.125
v -5.302 -29.150 11.303
v -6.801 -30.280 11.303
v -8.619 -29.813 11.303
v -9.387 -28.100 11.303
v -8.527 -26.431 11.303
v -6.686 -26.063 11.303
v -5.251 -27.273 11.303
v -5.843 -27.539 12.961
v -6.848 -26.692 12.961
v -7.225 -28.159 16.928
v -6.848 -26.692 12.961
v -8.136 -26.950 12.961
v -7.225 -28.159 16.928
v -8.136 -26.950 12.961
v -8.739 -28.118 12.961
v -7.225 -28.159 16.928
v -8.739 -28.118 12.961
v -8.201 -29.317 12.961
v -7.225 -28.159 16.928
v -8.201 -29.317 12.961
v -6.928 -29.644 12.961
v -7.225 -28.159 16.928
v -6.928 -29.644 12.961
v -5.879 -28.853 12.961
v -7.225 -28.159 16.928
v -5.879 -28.853 12.961
v -5.843 -27.539 12.961
v -7.225 -28.159 16.928
v -5.879 -28.853 12.961
v -6.928 -29.644 12.961
v -8.201 -29.317 12.961
v -8.739 -28.118 12.961
v -8.136 -26.950 12.961
v -6.848 -26.692 12.961
v -5.843 -27.539 12.961
v 12.456 25.706 7.617
v 12.706 25.819 7.617
v 12.594 26.069 7.617
v 12.343 25.957 7.617
v 12.343 25.957 4.916
v 12.594 26.069 4.916
v 12.706 25.819 4.916
v 12.456 25.706 4.916
v 12.456 25.706 4.916
v 12.706 25.819 4.916
v 12.706 25.819 7.617
v 12.456 25.706 7.617
v 12.706 25.819 4.916
v 12.594 26.069 4.916
v 12.594 26.069 7.617
v 12.706 25.819 7.617
v 12.594 26.069 4.916
v 12.343 25.957 4.916
v 12.343 25.957 7.617
v 12.594 26.069 7.617
v 12.343 25.957 4.916
v 12.456 25.706 4.916
v 12.456 25.706 7.617
v 12.343 25.957 7.617
v 14.480 26.765 6.688
v 13.058 27.963 6.688
v 12.525 25.888 10.474
v 13.058 27.963 6.688
v 11.234 27.599 6.688
v 12.525 25.888 10.474
v 11.234 27.599 6.688
v 10.382 25.946 6.688
v 12.525 25.888 10.474
v 10.382 25.946 6.688
v 11.144 24.249 6.688
v 12.525 25.888 10.474
v 11.144 24.249 6.688
v 12.945 23.786 6.688
v 12.525 25.888 10.474
v 12.945 23.786 6.688
v 14.430 24.906 6.688
v 12.525 25.888 10.474
v 14.430 24.906 6.688
v 14.480 26.765 6.688
v 12.525 25.888 10.474
v 14.430 24.906 6.688
v 12.945 23.786 6.688
v 11.144 24.249 6.688
v 10.382 25.946 6.688
v 11.234 27.599 6.688
v 13.058 27.963 6.688
v 14.480 26.765 6.688
v 13.893 26.502 8.331
v 12.898 27.340 8.331
v 12.525 25.888 12.260
v 12.898 27.340 8.331
v 11.621 27.085 8.331
v 12.525 25.888 12.260
v 11.621 27.085 8.331
v 11.025 25.928 8.331
v 12.525 25.888 12.260
v 11.025 25.928 8.331
v 11.558 24.741 8.331
v 12.525 25.888 12.260
v 11.558 24.741 8.331
v 12.819 24.417 8.331
v 12.525 25.888 12.260
v 12.819 24.417 8.331
v 13.858 25.200 8.331
v 12.525 25.888 12.260
v 13.858 25.200 8.331
v 13.893 26.502 8.331
v 12.525 25.888 12.260
v 13.858 25.200 8.331
v 12.819 24.417 8.331
v 11.558 24.741 8.331
v 11.025 25.928 8.331
v 11.621 27.085 8.331
v 12.898 27.340 8.331
v 13.893 26.502 8.331
v -44.672 -64.116 5.679
v -44.421 -64.003 5.679
v -44.534 -63.753 5.679
v -44.784 -63.865 5.679
v -44.784 -63.865 2.802
v -44.534 -63.753 2.802
v -44.421 -64.003 2.802
v -44.672 -64.116 2.802
v -44.672 -64.116 2.802
v -44.421 -64.003 2.802
v -44.421 -64.003 5.679
v -44.672 -64.116 5.679
v -44.421 -64.003 2.802
v -44.534 -63.753 2.802
v -44.534 -63.753 5.679
v -44.421 -64.003 5.679
v -44.534 -63.753 2.802
v -44.784 -63.865 2.802
v -44.784 -63.865 5.679
v -44.534 -63.753 5.679
v -44.784 -63.865 2.802
v -44.672 -64.116 2.802
v -44.672 -64.116 5.679
v -44.784 -63.865 5.679
v -42.509 -62.995 4.685
v -44.032 -61.712 4.685
v -44.603 -63.934 8.738
v -44.032 -61.712 4.685
v -45.984 -62.102 4.685
v -44.603 -63.934 8.738
v -45.984 -62.102 4.685
v -46.897 -63.872 4.685
v -44.603 -63.934 8.738
v -46.897 -63.872 4.685
v -46.082 -65.689 4.685
v -44.603 -63.934 8.738
v -46.082 -65.689 4.685
v -44.153 -66.184 4.685
v -44.603 -63.934 8.738
v -44.153 -66.184 4.685
v -42.563 -64.986 4.685
v -44.603 -63.934 8.738
v -42.563 -64.986 4.685
v -42.509 -62.995 4.685
v -44.603 -63.934 8.738
v -42.563 -64.986 4.685
v -44.153 -66.184 4.685
v -46.082 -65.689 4.685
v -46.897 -63.872 4.685
v -45.984 -62.102 4.685
v -44.032 -61.712 4.685
v -42.509 -62.995 4.685
v -43.137 -63.277 6.444
v -44.203 -62.379 6.444
v -44.603 -63.934 10.651
v -44.203 -62.379 6.444
v -45.570 -62.652 6.444
v -44.603 -63.934 10.651
v -45.570 -62.652 6.444
v -46.208 -63.891 6.444
v -44.603 -63.934 10.651
v -46.208 -63.891 6.444
v -45.638 -65.162 6.444
v -44.603 -63.934 10.651
v -45.638 -65.162 6.444
v -44.288 -65.509 6.444
v -44.603 -63.934 10.651
v -44.288 -65.509 6.444
v -43.175 -64.670 6.444
v -44.603 -63.934 10.651
v -43.175 -64.670 6.444
v -43.137 -63.277 6.444
v -44.603 -63.934 10.651
v -43.175 -64.670 6.444
v -44.288 -65.509 6.444
v -45.638 -65.162 6.444
v -46.208 -63.891 6.444
v -45.570 -62.652 6.444
v -44.203 -62.379 6.444
v -43.137 -63.277 6.444
v 0.002 28.331 5.761
v 0.252 28.443 5.761
v 0.140 28.693 5.761
v -0.110 28.581 5.761
v -0.110 28.581 2.308
v 0.140 28.693 2.308
v 0.252 28.443 2.308
v 0.002 28.331 2.308
v 0.002 28.331 2.308
v 0.252 28.443 2.308
v 0.252 28.443 5.761
v 0.002 28.331 5.761
v 0.252 28.443 2.308
v 0.140 28.693 2.308
v 0.140 28.693 5.761
v 0.252 28.443 5.761
v 0.140 28.693 2.308
v -0.110 28.581 2.308
v -0.110 28.581 5.761
v 0.140 28.693 5.761
v -0.110 28.581 2.308
v 0.002 28.331 2.308
v 0.002 28.331 5.761
v -0.110 28.581 5.761
v 2.615 29.653 4.553
v 0.765 31.212 4.553
v 0.071 28.512 9.479
v 0.765 31.212 4.553
v -1.608 30.738 4.553
v 0.071 28.512 9.479
v -1.608 30.738 4.553
v -2.716 28.587 4.553
v 0.071 28.512 9.479
v -2.716 28.587 4.553
v -1.726 26.380 4.553
v 0.071 28.512 9.479
v -1.726 26.380 4.553
v 0.617 25.778 4.553
v 0.071 28.512 9.479
v 0.617 25.778 4.553
v 2.549 27.234 4.553
v 0.071 28.512 9.479
v 2.549 27.234 4.553
v 2.615 29.653 4.553
v 0.071 28.512 9.479
v 2.549 27.234 4.553
v 0.617 25.778 4.553
v -1.726 26.380 4.553
v -2.716 28.587 4.553
v -1.608 30.738 4.553
v 0.765 31.212 4.553
v 2.615 29.653 4.553
v 1.852 29.311 6.690
v 0.557 30.402 6.690
v 0.071 28.512 11.802
v 0.557 30.402 6.690
v -1.104 30.070 6.690
v 0.071 28.512 11.802
v -1.104 30.070 6.690
v -1.880 28.565 6.690
v 0.071 28.512 11.802
v -1.880 28.565 6.690
v -1.187 27.019 6.690
v 0.071 28.512 11.802
v -1.187 27.019 6.690
v 0.453 26.598 6.690
v 0.071 28.512 11.802
v 0.453 26.598 6.690
v 1.806 27.618 6.690
v 0.071 28.512 11.802
v 1.806 27.618 6.690
v 1.852 29.311 6.690
v 0.071 28.512 11.802
v 1.806 27.618 6.690
v 0.453 26.598 6.690
v -1.187 27.019 6.690
v -1.880 28.565 6.690
v -1.104 30.070 6.690
v 0.557 30.402 6.690
v 1.852 29.311 6.690
v 40.594 24.110 14.246
v 40.844 24.223 14.246
v 40.732 24.473 14.246
v 40.482 24.361 14.246
v 40.482 24.361 11.245
v 40.732 24.473 11.245
v 40.844 24.223 11.245
v 40.594 24.110 11.245
v 40.594 24.110 11.245
v 40.844 24.223 11.245
v 40.844 24.223 14.246
v 40.594 24.110 14.246
v 40.844 24.223 11.245
v 40.732 24.473 11.245
v 40.732 24.473 14.246
v 40.844 24.223 14.246
v 40.732 24.473 11.245
v 40.482 24.361 11.245
v 40.482 24.361 14.246
v 40.732 24.473 14.246
v 40.482 24.361 11.245
v 40.594 24.110 11.245
v 40.594 24.110 14.246
v 40.482 24.361 14.246
v 42.854 25.274 13.206
v 41.261 26.617 13.206
v 40.663 24.292 17.447
v 41.261 26.617 13.206
v 39.218 26.208 13.206
v 40.663 24.292 17.447
v 39.218 26.208 13.206
v 38.263 24.357 13.206
v 40.663 24.292 17.447
v 38.263 24.357 13.206
v 39.116 22.456 13.206
v 40.663 24.292 17.447
v 39.116 22.456 13.206
v 41.134 21.938 13.206
v 40.663 24.292 17.447
v 41.134 21.938 13.206
v 42.797 23.192 13.206
v 40.663 24.292 17.447
v 42.797 23.192 13.206
v 42.854 25.274 13.206
v 40.663 24.292 17.447
v 42.797 23.192 13.206
v 41.134 21.938 13.206
v 39.116 22.456 13.206
v 38.263 24.357 13.206
v 39.218 26.208 13.206
v 41.261 26.617 13.206
v 42.854 25.274 13.206
v 42.196 24.979 15.046
v 41.081 25.919 15.046
v 40.663 24.292 19.448
v 41.081 25.919 15.046
v 39.651 25.633 15.046
v 40.663 24.292 19.448
v 39.651 25.633 15.046
v 38.983 24.337 15.046
v 40.663 24.292 19.448
v 38.983 24.337 15.046
v 39.580 23.007 15.046
v 40.663 24.292 19.448
v 39.580 23.007 15.046
v 40.993 22.644 15.046
v 40.663 24.292 19.448
v 40.993 22.644 15.046
v 42.157 23.522 15.046
v 40.663 24.292 19.448
v 42.157 23.522 15.046
v 42.196 24.979 15.046
v 40.663 24.292 19.448
v 42.157 23.522 15.046
v 40.993 22.644 15.046
v 39.580 23.007 15.046
v 38.983 24.337 15.046
v 39.651 25.633 15.046
v 41.081 25.919 15.046
v 42.196 24.979 15.046
v -17.635 3.649 5.364
v -17.385 3.761 5.364
v -17.497 4.011 5.364
v -17.748 3.899 5.364
v -17.748 3.899 2.519
v -17.497 4.011 2.519
v -17.385 3.761 2.519
v -17.635 3.649 2.519
v -17.635 3.649 2.519
v -17.385 3.761 2.519
v -17.385 3.761 5.364
v -17.635 3.649 5.364
v -17.385 3.761 2.519
v -17.497 4.011 2.519
v -17.497 4.011 5.364
v -17.385 3.761 5.364
v -17.497 4.011 2.519
v -17.748 3.899 2.519
v -17.748 3.899 5.364
v -17.497 4.011 5.364
v -17.748 3.899 2.519
v -17.635 3.649 2.519
v -17.635 3.649 5.364
v -17.748 3.899 5.364
v -15.498 4.758 4.381
v -17.002 6.026 4.381
v -17.566 3.830 8.386
v -17.002 6.026 4.381
v -18.931 5.640 4.381
v -17.566 3.830 8.386
v -18.931 5.640 4.381
v -19.833 3.891 4.381
v -17.566 3.830 8.386
v -19.833 3.891 4.381
v -19.027 2.097 4.381
v -17.566 3.830 8.386
v -19.027 2.097 4.381
v -17.122 1.607 4.381
v -17.566 3.830 8.386
v -17.122 1.607 4.381
v -15.551 2.791 4.381
v -17.566 3.830 8.386
v -15.551 2.791 4.381
v -15.498 4.758 4.381
v -17.566 3.830 8.386
v -15.551 2.791 4.381
v -17.122 1.607 4.381
v -19.027 2.097 4.381
v -19.833 3.891 4.381
v -18.931 5.640 4.381
v -17.002 6.026 4.381
v -15.498 4.758 4.381
v -16.119 4.479 6.119
v -17.171 5.367 6.119
v -17.566 3.830 10.275
v -17.171 5.367 6.119
v -18.522 5.097 6.119
v -17.566 3.830 10.275
v -18.522 5.097 6.119
v -19.153 3.873 6.119
v -17.566 3.830 10.275
v -19.153 3.873 6.119
v -18.589 2.617 6.119
v -17.566 3.830 10.275
v -18.589 2.617 6.119
v -17.255 2.274 6.119
v -17.566 3.830 10.275
v -17.255 2.274 6.119
v -16.156 3.103 6.119
v -17.566 3.830 10.275
v -16.156 3.103 6.119
v -16.119 4.479 6.119
v -17.566 3.830 10.275
v -16.156 3.103 6.119
v -17.255 2.274 6.119
v -18.589 2.617 6.119
v -19.153 3.873 6.119
v -18.522 5.097 6.119
v -17.171 5.367 6.119
v -16.119 4.479 6.119
v -40.601 -8.236 4.196
v -40.351 -8.124 4.196
v -40.463 -7.874 4.196
v -40.714 -7.986 4.196
v -40.714 -7.986 0.769
v -40.463 -7.874 0.769
v -40.351 -8.124 0.769
v -40.601 -8.236 0.769
v -40.601 -8.236 0.769
v -40.351 -8.124 0.769
v -40.351 -8.124 4.196
v -40.601 -8.236 4.196
v -40.351 -8.124 0.769
v -40.463 -7.874 0.769
v -40.463 -7.874 4.196
v -40.351 -8.124 4.196
v -40.463 -7.874 0.769
v -40.714 -7.986 0.769
v -40.714 -7.986 4.196
v -40.463 -7.874 4.196
v -40.714 -7.986 0.769
v -40.601 -8.236 0.769
v -40.601 -8.236 4.196
v -40.714 -7.986 4.196
v -38.009 -6.923 2.997
v -39.844 -5.376 2.997
v -40.532 -8.055 7.884
v -39.844 -5.376 2.997
v -42.198 -5.846 2.997
v -40.532 -8.055 7.884
v -42.198 -5.846 2.997
v -43.297 -7.980 2.997
v -40.532 -8.055 7.884
v -43.297 -7.980 2.997
v -42.315 -10.170 2.997
v -40.532 -8.055 7.884
v -42.315 -10.170 2.997
v -39.990 -10.767 2.997
v -40.532 -8.055 7.884
v -39.990 -10.767 2.997
v -38.074 -9.322 2.997
v -40.532 -8.055 7.884
v -38.074 -9.322 2.997
v -38.009 -6.923 2.997
v -40.532 -8.055 7.884
v -38.074 -9.322 2.997
v -39.990 -10.767 2.997
v -42.315 -10.170 2.997
v -43.297 -7.980 2.997
v -42.198 -5.846 2.997
v -39.844 -5.376 2.997
v -38.009 -6.923 2.997
v -38.766 -7.263 5.118
v -40.050 -6.180 5.118
v -40.532 -8.055 10.189
v -40.050 -6.180 5.118
v -41.698 -6.509 5.118
v -40.532 -8.055 10.189
v -41.698 -6.509 5.118
v -42.468 -8.002 5.118
v -40.532 -8.055 10.189
v -42.468 -8.002 5.118
v -41.780 -9.535 5.118
v -40.532 -8.055 10.189
v -41.780 -9.535 5.118
v -40.153 -9.954 5.118
v -40.532 -8.055 10.189
v -40.153 -9.954 5.118
v -38.811 -8.942 5.118
v -40.532 -8.055 10.189
v -38.811 -8.942 5.118
v -38.766 -7.263 5.118
v -40.532 -8.055 10.189
v -38.811 -8.942 5.118
v -40.153 -9.954 5.118
v -41.780 -9.535 5.118
v -42.468 -8.002 5.118
v -41.698 -6.509 5.118
v -40.050 -6.180 5.118
v -38.766 -7.263 5.118
v 3.396 48.708 3.977
v 3.647 48.820 3.977
v 3.534 49.071 3.977
v 3.284 48.958 3.977
v 3.284 48.958 1.376
v 3.534 49.071 1.376
v 3.647 48.820 1.376
v 3.396 48.708 1.376
v 3.396 48.708 1.376
v 3.647 48.820 1.376
v 3.647 48.820 3.977
v 3.396 48.708 3.977
v 3.647 48.820 1.376
v 3.534 49.071 1.376
v 3.534 49.071 3.977
v 3.647 48.820 3.977
v 3.534 49.071 1.376
v 3.284 48.958 1.376
v 3.284 48.958 3.977
v 3.534 49.071 3.977
v 3.284 48.958 1.376
v 3.396 48.708 1.376
v 3.396 48.708 3.977
v 3.284 48.958 3.977
v 5.343 49.732 3.085
v 3.978 50.883 3.085
v 3.465 48.889 6.721
v 3.978 50.883 3.085
v 2.226 50.533 3.085
v 3.465 48.889 6.721
v 2.226 50.533 3.085
v 1.408 48.945 3.085
v 3.465 48.889 6.721
v 1.408 48.945 3.085
v 2.139 47.316 3.085
v 3.465 48.889 6.721
v 2.139 47.316 3.085
v 3.869 46.871 3.085
v 3.465 48.889 6.721
v 3.869 46.871 3.085
v 5.295 47.946 3.085
v 3.465 48.889 6.721
v 5.295 47.946 3.085
v 5.343 49.732 3.085
v 3.465 48.889 6.721
v 5.295 47.946 3.085
v 3.869 46.871 3.085
v 2.139 47.316 3.085
v 1.408 48.945 3.085
v 2.226 50.533 3.085
v 3.978 50.883 3.085
v 5.343 49.732 3.085
v 4.780 49.479 4.663
v 3.824 50.285 4.663
v 3.465 48.889 8.436
v 3.824 50.285 4.663
v 2.598 50.040 4.663
v 3.465 48.889 8.436
v 2.598 50.040 4.663
v 2.025 48.928 4.663
v 3.465 48.889 8.436
v 2.025 48.928 4.663
v 2.537 47.788 4.663
v 3.465 48.889 8.436
v 2.537 47.788 4.663
v 3.748 47.477 4.663
v 3.465 48.889 8.436
v 3.748 47.477 4.663
v 4.746 48.229 4.663
v 3.465 48.889 8.436
v 4.746 48.229 4.663
v 4.780 49.479 4.663
v 3.465 48.889 8.436
v 4.746 48.229 4.663
v 3.748 47.477 4.663
v 2.537 47.788 4.663
v 2.025 48.928 4.663
v 2.598 50.040 4.663
v 3.824 50.285 4.663
v 4.780 49.479 4.663
v -28.841 -35.058 8.896
v -28.591 -34.946 8.896
v -28.703 -34.695 8.896
v -28.953 -34.808 8.896
v -28.953 -34.808 5.731
v -28.703 -34.695 5.731
v -28.591 -34.946 5.731
v -28.841 -35.058 5.731
v -28.841 -35.058 5.731
v -28.591 -34.946 5.731
v -28.591 -34.946 8.896
v -28.841 -35.058 8.896
v -28.591 -34.946 5.731
v -28.703 -34.695 5.731
v -28.703 -34.695 8.896
v -28.591 -34.946 8.896
v -28.703 -34.695 5.731
v -28.953 -34.808 5.731
v -28.953 -34.808 8.896
v -28.703 -34.695 8.896
v -28.953 -34.808 5.731
v -28.841 -35.058 5.731
v -28.841 -35.058 8.896
v -28.953 -34.808 8.896
v -26.453 -33.836 7.795
v -28.139 -32.415 7.795
v -28.772 -34.877 12.285
v -28.139 -32.415 7.795
v -30.302 -32.847 7.795
v -28.772 -34.877 12.285
v -30.302 -32.847 7.795
v -31.313 -34.808 7.795
v -28.772 -34.877 12.285
v -31.313 -34.808 7.795
v -30.410 -36.820 7.795
v -28.772 -34.877 12.285
v -30.410 -36.820 7.795
v -28.274 -37.369 7.795
v -28.772 -34.877 12.285
v -28.274 -37.369 7.795
v -26.513 -36.041 7.795
v -28.772 -34.877 12.285
v -26.513 -36.041 7.795
v -26.453 -33.836 7.795
v -28.772 -34.877 12.285
v -26.513 -36.041 7.795
v -28.274 -37.369 7.795
v -30.410 -36.820 7.795
v -31.313 -34.808 7.795
v -30.302 -32.847 7.795
v -28.139 -32.415 7.795
v -26.453 -33.836 7.795
v -27.149 -34.149 9.743
v -28.329 -33.154 9.743
v -28.772 -34.877 14.403
v -28.329 -33.154 9.743
v -29.843 -33.456 9.743
v -28.772 -34.877 14.403
v -29.843 -33.456 9.743
v -30.550 -34.828 9.743
v -28.772 -34.877 14.403
v -30.550 -34.828 9.743
v -29.919 -36.237 9.743
v -28.772 -34.877 14.403
v -29.919 -36.237 9.743
v -28.423 -36.621 9.743
v -28.772 -34.877 14.403
v -28.423 -36.621 9.743
v -27.191 -35.692 9.743
v -28.772 -34.877 14.403
v -27.191 -35.692 9.743
v -27.149 -34.149 9.743
v -28.772 -34.877 14.403
v -27.191 -35.692 9.743
v -28.423 -36.621 9.743
v -29.919 -36.237 9.743
v -30.550 -34.828 9.743
v -29.843 -33.456 9.743
v -28.329 -33.154 9.743
v -27.149 -34.149 9.743
v -28.840 -52.438 8.450
v -28.590 -52.326 8.450
v -28.702 -52.075 8.450
v -28.952 -52.188 8.450
v -28.952 -52.188 5.309
v -28.702 -52.075 5.309
v -28.590 -52.326 5.309
v -28.840 -52.438 5.309
v -28.840 -52.438 5.309
v -28.590 -52.326 5.309
v -28.590 -52.326 8.450
v -28.840 -52.438 8.450
v -28.590 -52.326 5.309
v -28.702 -52.075 5.309
v -28.702 -52.075 8.450
v -28.590 -52.326 8.450
v -28.702 -52.075 5.309
v -28.952 -52.188 5.309
v -28.952 -52.188 8.450
v -28.702 -52.075 8.450
v -28.952 -52.188 5.309
v -28.840 -52.438 5.309
v -28.840 -52.438 8.450
v -28.952 -52.188 8.450
v -26.471 -51.225 7.357
v -28.144 -49.815 7.357
v -28.771 -52.257 11.811
v -28.144 -49.815 7.357
v -30.289 -50.244 7.357
v -28.771 -52.257 11.811
v -30.289 -50.244 7.357
v -31.291 -52.188 7.357
v -28.771 -52.257 11.811
v -31.291 -52.188 7.357
v -30.396 -54.184 7.357
v -28.771 -52.257 11.811
v -30.396 -54.184 7.357
v -28.277 -54.729 7.357
v -28.771 -52.257 11.811
v -28.277 -54.729 7.357
v -26.530 -53.412 7.357
v -28.771 -52.257 11.811
v -26.530 -53.412 7.357
v -26.471 -51.225 7.357
v -28.771 -52.257 11.811
v -26.530 -53.412 7.357
v -28.277 -54.729 7.357
v -30.396 -54.184 7.357
v -31.291 -52.188 7.357
v -30.289 -50.244 7.357
v -28.144 -49.815 7.357
v -26.471 -51.225 7.357
v -27.161 -51.534 9.290
v -28.332 -50.548 9.290
v -28.771 -52.257 13.911
v -28.332 -50.548 9.290
v -29.833 -50.848 9.290
v -28.771 -52.257 13.911
v -29.833 -50.848 9.290
v -30.535 -52.209 9.290
v -28.771 -52.257 13.911
v -30.535 -52.209 9.290
v -29.908 -53.606 9.290
v -28.771 -52.257 13.911
v -29.908 -53.606 9.290
v -28.425 -53.987 9.290
v -28.771 -52.257 13.911
v -28.425 -53.987 9.290
v -27.202 -53.065 9.290
v -28.771 -52.257 13.911
v -27.202 -53.065 9.290
v -27.161 -51.534 9.290
v -28.771 -52.257 13.911
v -27.202 -53.065 9.290
v -28.425 -53.987 9.290
v -29.908 -53.606 9.290
v -30.535 -52.209 9.290
v -29.833 -50.848 9.290
v -28.332 -50.548 9.290
v -27.161 -51.534 9.290
v 59.056 29.065 17.480
v 59.306 29.177 17.480
v 59.194 29.427 17.480
v 58.943 29.315 17.480
v 58.943 29.315 14.604
v 59.194 29.427 14.604
v 59.306 29.177 14.604
v 59.056 29.065 14.604
v 59.056 29.065 14.604
v 59.306 29.177 14.604
v 59.306 29.177 17.480
v 59.056 29.065 17.480
v 59.306 29.177 14.604
v 59.194 29.427 14.604
v 59.194 29.427 17.480
v 59.306 29.177 17.480
v 59.194 29.427 14.604
v 58.943 29.315 14.604
v 58.943 29.315 17.480
v 59.194 29.427 17.480
v 58.943 29.315 14.604
v 59.056 29.065 14.604
v 59.056 29.065 17.480
v 58.943 29.315 17.480
v 61.217 30.185 16.486
v 59.695 31.468 16.486
v 59.125 29.246 20.539
v 59.695 31.468 16.486
v 57.743 31.078 16.486
v 59.125 29.246 20.539
v 57.743 31.078 16.486
v 56.831 29.308 16.486
v 59.125 29.246 20.539
v 56.831 29.308 16.486
v 57.646 27.492 16.486
v 59.125 29.246 20.539
v 57.646 27.492 16.486
v 59.574 26.997 16.486
v 59.125 29.246 20.539
v 59.574 26.997 16.486
v 61.163 28.195 16.486
v 59.125 29.246 20.539
v 61.163 28.195 16.486
v 61.217 30.185 16.486
v 59.125 29.246 20.539
v 61.163 28.195 16.486
v 59.574 26.997 16.486
v 57.646 27.492 16.486
v 56.831 29.308 16.486
v 57.743 31.078 16.486
v 59.695 31.468 16.486
v 61.217 30.185 16.486
v 60.590 29.903 18.245
v 59.524 30.801 18.245
v 59.125 29.246 22.450
v 59.524 30.801 18.245
v 58.158 30.528 18.245
v 59.125 29.246 22.450
v 58.158 30.528 18.245
v 57.519 29.290 18.245
v 59.125 29.246 22.450
v 57.519 29.290 18.245
v 58.090 28.018 18.245
v 59.125 29.246 22.450
v 58.090 28.018 18.245
v 59.439 27.672 18.245
v 59.125 29.246 22.450
v 59.439 27.672 18.245
v 60.552 28.510 18.245
v 59.125 29.246 22.450
v 60.552 28.510 18.245
v 60.590 29.903 18.245
v 59.125 29.246 22.450
v 60.552 28.510 18.245
v 59.439 27.672 18.245
v 58.090 28.018 18.245
v 57.519 29.290 18.245
v 58.158 30.528 18.245
v 59.524 30.801 18.245
v 60.590 29.903 18.245
v 41.113 -0.666 18.781
v 41.364 -0.553 18.781
v 41.251 -0.303 18.781
v 41.001 -0.415 18.781
v 41.001 -0.415 15.638
v 41.251 -0.303 15.638
v 41.364 -0.553 15.638
v 41.113 -0.666 15.638
v 41.113 -0.666 15.638
v 41.364 -0.553 15.638
v 41.364 -0.553 18.781
v 41.113 -0.666 18.781
v 41.364 -0.553 15.638
v 41.251 -0.303 15.638
v 41.251 -0.303 18.781
v 41.364 -0.553 18.781
v 41.251 -0.303 15.638
v 41.001 -0.415 15.638
v 41.001 -0.415 18.781
v 41.251 -0.303 18.781
v 41.001 -0.415 15.638
v 41.113 -0.666 15.638
v 41.113 -0.666 18.781
v 41.001 -0.415 18.781
v 43.484 0.548 17.688
v 41.810 1.959 17.688
v 41.182 -0.484 22.144
v 41.810 1.959 17.688
v 39.664 1.530 17.688
v 41.182 -0.484 22.144
v 39.664 1.530 17.688
v 38.661 -0.416 17.688
v 41.182 -0.484 22.144
v 38.661 -0.416 17.688
v 39.557 -2.413 17.688
v 41.182 -0.484 22.144
v 39.557 -2.413 17.688
v 41.677 -2.958 17.688
v 41.182 -0.484 22.144
v 41.677 -2.958 17.688
v 43.425 -1.640 17.688
v 41.182 -0.484 22.144
v 43.425 -1.640 17.688
v 43.484 0.548 17.688
v 41.182 -0.484 22.144
v 43.425 -1.640 17.688
v 41.677 -2.958 17.688
v 39.557 -2.413 17.688
v 38.661 -0.416 17.688
v 39.664 1.530 17.688
v 41.810 1.959 17.688
v 43.484 0.548 17.688
v 42.794 0.238 19.621
v 41.622 1.226 19.621
v 41.182 -0.484 24.246
v 41.622 1.226 19.621
v 40.119 0.926 19.621
v 41.182 -0.484 24.246
v 40.119 0.926 19.621
v 39.417 -0.436 19.621
v 41.182 -0.484 24.246
v 39.417 -0.436 19.621
v 40.044 -1.834 19.621
v 41.182 -0.484 24.246
v 40.044 -1.834 19.621
v 41.529 -2.216 19.621
v 41.182 -0.484 24.246
v 41.529 -2.216 19.621
v 42.752 -1.293 19.621
v 41.182 -0.484 24.246
v 42.752 -1.293 19.621
v 42.794 0.238 19.621
v 41.182 -0.484 24.246
v 42.752 -1.293 19.621
v 41.529 -2.216 19.621
v 40.044 -1.834 19.621
v 39.417 -0.436 19.621
v 40.119 0.926 19.621
v 41.622 1.226 19.621
v 42.794 0.238 19.621
v -15.356 -20.792 10.183
v -15.106 -20.680 10.183
v -15.218 -20.430 10.183
v -15.469 -20.542 10.183
v -15.469 -20.542 6.447
v -15.218 -20.430 6.447
v -15.106 -20.680 6.447
v -15.356 -20.792 6.447
v -15.356 -20.792 6.447
v -15.106 -20.680 6.447
v -15.106 -20.680 10.183
v -15.356 -20.792 10.183
v -15.106 -20.680 6.447
v -15.218 -20.430 6.447
v -15.218 -20.430 10.183
v -15.106 -20.680 10.183
v -15.218 -20.430 6.447
v -15.469 -20.542 6.447
v -15.469 -20.542 10.183
v -15.218 -20.430 10.183
v -15.469 -20.542 6.447
v -15.356 -20.792 6.447
v -15.356 -20.792 10.183
v -15.469 -20.542 10.183
v -12.522 -19.371 8.870
v -14.533 -17.676 8.870
v -15.287 -20.611 14.223
v -14.533 -17.676 8.870
v -17.112 -18.191 8.870
v -15.287 -20.611 14.223
v -17.112 -18.191 8.870
v -18.316 -20.529 8.870
v -15.287 -20.611 14.223
v -18.316 -20.529 8.870
v -17.240 -22.928 8.870
v -15.287 -20.611 14.223
v -17.240 -22.928 8.870
v -14.693 -23.583 8.870
v -15.287 -20.611 14.223
v -14.693 -23.583 8.870
v -12.594 -21.999 8.870
v -15.287 -20.611 14.223
v -12.594 -21.999 8.870
v -12.522 -19.371 8.870
v -15.287 -20.611 14.223
v -12.594 -21.999 8.870
v -14.693 -23.583 8.870
v -17.240 -22.928 8.870
v -18.316 -20.529 8.870
v -17.112 -18.191 8.870
v -14.533 -17.676 8.870
v -12.522 -19.371 8.870
v -13.352 -19.743 11.193
v -14.759 -18.557 11.193
v -15.287 -20.611 16.749
v -14.759 -18.557 11.193
v -16.564 -18.917 11.193
v -15.287 -20.611 16.749
v -16.564 -18.917 11.193
v -17.408 -20.554 11.193
v -15.287 -20.611 16.749
v -17.408 -20.554 11.193
v -16.654 -22.233 11.193
v -15.287 -20.611 16.749
v -16.654 -22.233 11.193
v -14.872 -22.691 11.193
v -15.287 -20.611 16.749
v -14.872 -22.691 11.193
v -13.402 -21.583 11.193
v -15.287 -20.611 16.749
v -13.402 -21.583 11.193
v -13.352 -19.743 11.193
v -15.287 -20.611 16.749
v -13.402 -21.583 11.193
v -14.872 -22.691 11.193
v -16.654 -22.233 11.193
v -17.408 -20.554 11.193
v -16.564 -18.917 11.193
v -14.759 -18.557 11.193
v -13.352 -19.743 11.193
v 28.734 78.731 6.259
v 28.984 78.843 6.259
v 28.872 79.093 6.259
v 28.621 78.981 6.259
v 28.621 78.981 3.366
v 28.872 79.093 3.366
v 28.984 78.843 3.366
v 28.734 78.731 3.366
v 28.734 78.731 3.366
v 28.984 78.843 3.366
v 28.984 78.843 6.259
v 28.734 78.731 6.259
v 28.984 78.843 3.366
v 28.872 79.093 3.366
v 28.872 79.093 6.259
v 28.984 78.843 6.259
v 28.872 79.093 3.366
v 28.621 78.981 3.366
v 28.621 78.981 6.259
v 28.872 79.093 6.259
v 28.621 78.981 3.366
v 28.734 78.731 3.366
v 28.734 78.731 6.259
v 28.621 78.981 6.259
v 30.909 79.857 5.259
v 29.377 81.148 5.259
v 28.803 78.912 9.338
v 29.377 81.148 5.259
v 27.413 80.756 5.259
v 28.803 78.912 9.338
v 27.413 80.756 5.259
v 26.495 78.975 5.259
v 28.803 78.912 9.338
v 26.495 78.975 5.259
v 27.315 77.147 5.259
v 28.803 78.912 9.338
v 27.315 77.147 5.259
v 29.255 76.648 5.259
v 28.803 78.912 9.338
v 29.255 76.648 5.259
v 30.855 77.854 5.259
v 28.803 78.912 9.338
v 30.855 77.854 5.259
v 30.909 79.857 5.259
v 28.803 78.912 9.338
v 30.855 77.854 5.259
v 29.255 76.648 5.259
v 27.315 77.147 5.259
v 26.495 78.975 5.259
v 27.413 80.756 5.259
v 29.377 81.148 5.259
v 30.909 79.857 5.259
v 30.277 79.574 7.029
v 29.205 80.477 7.029
v 28.803 78.912 11.262
v 29.205 80.477 7.029
v 27.830 80.203 7.029
v 28.803 78.912 11.262
v 27.830 80.203 7.029
v 27.187 78.956 7.029
v 28.803 78.912 11.262
v 27.187 78.956 7.029
v 27.761 77.676 7.029
v 28.803 78.912 11.262
v 27.761 77.676 7.029
v 29.119 77.327 7.029
v 28.803 78.912 11.262
v 29.119 77.327 7.029
v 30.239 78.172 7.029
v 28.803 78.912 11.262
v 30.239 78.172 7.029
v 30.277 79.574 7.029
v 28.803 78.912 11.262
v 30.239 78.172 7.029
v 29.119 77.327 7.029
v 27.761 77.676 7.029
v 27.187 78.956 7.029
v 27.830 80.203 7.029
v 29.205 80.477 7.029
v 30.277 79.574 7.029
v 30.851 58.841 9.207
v 31.102 58.953 9.207
v 30.989 59.203 9.207
v 30.739 59.091 9.207
v 30.739 59.091 5.768
v 30.989 59.203 5.768
v 31.102 58.953 5.768
v 30.851 58.841 5.768
v 30.851 58.841 5.768
v 31.102 58.953 5.768
v 31.102 58.953 9.207
v 30.851 58.841 9.207
v 31.102 58.953 5.768
v 30.989 59.203 5.768
v 30.989 59.203 9.207
v 31.102 58.953 9.207
v 30.989 59.203 5.768
v 30.739 59.091 5.768
v 30.739 59.091 9.207
v 30.989 59.203 9.207
v 30.739 59.091 5.768
v 30.851 58.841 5.768
v 30.851 58.841 9.207
v 30.739 59.091 9.207
v 33.454 60.159 8.004
v 31.611 61.711 8.004
v 30.920 59.022 12.910
v 31.611 61.711 8.004
v 29.249 61.239 8.004
v 30.920 59.022 12.910
v 29.249 61.239 8.004
v 28.145 59.097 8.004
v 30.920 59.022 12.910
v 28.145 59.097 8.004
v 29.131 56.899 8.004
v 30.920 59.022 12.910
v 29.131 56.899 8.004
v 31.465 56.299 8.004
v 30.920 59.022 12.910
v 31.465 56.299 8.004
v 33.388 57.750 8.004
v 30.920 59.022 12.910
v 33.388 57.750 8.004
v 33.454 60.159 8.004
v 30.920 59.022 12.910
v 33.388 57.750 8.004
v 31.465 56.299 8.004
v 29.131 56.899 8.004
v 28.145 59.097 8.004
v 29.249 61.239 8.004
v 31.611 61.711 8.004
v 33.454 60.159 8.004
v 32.694 59.818 10.133
v 31.404 60.905 10.133
v 30.920 59.022 15.224
v 31.404 60.905 10.133
v 29.750 60.574 10.133
v 30.920 59.022 15.224
v 29.750 60.574 10.133
v 28.977 59.075 10.133
v 30.920 59.022 15.224
v 28.977 59.075 10.133
v 29.668 57.536 10.133
v 30.920 59.022 15.224
v 29.668 57.536 10.133
v 31.301 57.116 10.133
v 30.920 59.022 15.224
v 31.301 57.116 10.133
v 32.648 58.132 10.133
v 30.920 59.022 15.224
v 32.648 58.132 10.133
v 32.694 59.818 10.133
v 30.920 59.022 15.224
v 32.648 58.132 10.133
v 31.301 57.116 10.133
v 29.668 57.536 10.133
v 28.977 59.075 10.133
v 29.750 60.574 10.133
v 31.404 60.905 10.133
v 32.694 59.818 10.133
v 4.978 -39.408 15.559
v 5.228 -39.295 15.559
v 5.116 -39.045 15.559
v 4.866 -39.157 15.559
v 4.866 -39.157 12.980
v 5.116 -39.045 12.980
v 5.228 -39.295 12.980
v 4.978 -39.408 12.980
v 4.978 -39.408 12.980
v 5.228 -39.295 12.980
v 5.228 -39.295 15.559
v 4.978 -39.408 15.559
v 5.228 -39.295 12.980
v 5.116 -39.045 12.980
v 5.116 -39.045 15.559
v 5.228 -39.295 15.559
v 5.116 -39.045 12.980
v 4.866 -39.157 12.980
v 4.866 -39.157 15.559
v 5.116 -39.045 15.559
v 4.866 -39.157 12.980
v 4.978 -39.408 12.980
v 4.978 -39.408 15.559
v 4.866 -39.157 15.559
v 6.908 -38.392 14.675
v 5.555 -37.252 14.675
v 5.047 -39.226 18.277
v 5.555 -37.252 14.675
v 3.819 -37.598 14.675
v 5.047 -39.226 18.277
v 3.819 -37.598 14.675
v 3.009 -39.171 14.675
v 5.047 -39.226 18.277
v 3.009 -39.171 14.675
v 3.733 -40.786 14.675
v 5.047 -39.226 18.277
v 3.733 -40.786 14.675
v 5.447 -41.226 14.675
v 5.047 -39.226 18.277
v 5.447 -41.226 14.675
v 6.860 -40.161 14.675
v 5.047 -39.226 18.277
v 6.860 -40.161 14.675
v 6.908 -38.392 14.675
v 5.047 -39.226 18.277
v 6.860 -40.161 14.675
v 5.447 -41.226 14.675
v 3.733 -40.786 14.675
v 3.009 -39.171 14.675
v 3.819 -37.598 14.675
v 5.555 -37.252 14.675
v 6.908 -38.392 14.675
v 6.349 -38.642 16.238
v 5.402 -37.844 16.238
v 5.047 -39.226 19.977
v 5.402 -37.844 16.238
v 4.188 -38.087 16.238
v 5.047 -39.226 19.977
v 4.188 -38.087 16.238
v 3.620 -39.188 16.238
v 5.047 -39.226 19.977
v 3.620 -39.188 16.238
v 4.127 -40.318 16.238
v 5.047 -39.226 19.977
v 4.127 -40.318 16.238
v 5.327 -40.626 16.238
v 5.047 -39.226 19.977
v 5.327 -40.626 16.238
v 6.316 -39.880 16.238
v 5.047 -39.226 19.977
v 6.316 -39.880 16.238
v 6.349 -38.642 16.238
v 5.047 -39.226 19.977
v 6.316 -39.880 16.238
v 5.327 -40.626 16.238
v 4.127 -40.318 16.238
v 3.620 -39.188 16.238
v 4.188 -38.087 16.238
v 5.402 -37.844 16.238
v 6.349 -38.642 16.238
v -16.728 28.142 2.879
v -16.478 28.254 2.879
v -16.590 28.504 2.879
v -16.840 28.392 2.879
v -16.840 28.392 0.000
v -16.590 28.504 0.000
v -16.478 28.254 0.000
v -16.728 28.142 0.000
v -16.728 28.142 0.000
v -16.478 28.254 0.000
v -16.478 28.254 2.879
v -16.728 28.142 2.879
v -16.478 28.254 0.000
v -16.590 28.504 0.000
v -16.590 28.504 2.879
v -16.478 28.254 2.879
v -16.590 28.504 0.000
v -16.840 28.392 0.000
v -16.840 28.392 2.879
v -16.590 28.504 2.879
v -16.840 28.392 0.000
v -16.728 28.142 0.000
v -16.728 28.142 2.879
v -16.840 28.392 2.879
v -14.564 29.263 1.884
v -16.087 30.547 1.884
v -16.659 28.323 5.940
v -16.087 30.547 1.884
v -18.041 30.156 1.884
v -16.659 28.323 5.940
v -18.041 30.156 1.884
v -18.954 28.385 1.884
v -16.659 28.323 5.940
v -18.954 28.385 1.884
v -18.138 26.568 1.884
v -16.659 28.323 5.940
v -18.138 26.568 1.884
v -16.209 26.072 1.884
v -16.659 28.323 5.940
v -16.209 26.072 1.884
v -14.618 27.271 1.884
v -16.659 28.323 5.940
v -14.618 27.271 1.884
v -14.564 29.263 1.884
v -16.659 28.323 5.940
v -14.618 27.271 1.884
v -16.209 26.072 1.884
v -18.138 26.568 1.884
v -18.954 28.385 1.884
v -18.041 30.156 1.884
v -16.087 30.547 1.884
v -14.564 29.263 1.884
v -15.192 28.981 3.644
v -16.259 29.880 3.644
v -16.659 28.323 7.853
v -16.259 29.880 3.644
v -17.626 29.606 3.644
v -16.659 28.323 7.853
v -17.626 29.606 3.644
v -18.265 28.367 3.644
v -16.659 28.323 7.853
v -18.265 28.367 3.644
v -17.695 27.094 3.644
v -16.659 28.323 7.853
v -17.695 27.094 3.644
v -16.344 26.747 3.644
v -16.659 28.323 7.853
v -16.344 26.747 3.644
v -15.230 27.587 3.644
v -16.659 28.323 7.853
v -15.230 27.587 3.644
v -15.192 28.981 3.644
v -16.659 28.323 7.853
v -15.230 27.587 3.644
v -16.344 26.747 3.644
v -17.695 27.094 3.644
v -18.265 28.367 3.644
v -17.626 29.606 3.644
v -16.259 29.880 3.644
v -15.192 28.981 3.644
v 17.280 64.696 5.654
v 17.530 64.809 5.654
v 17.418 65.059 5.654
v 17.168 64.947 5.654
v 17.168 64.947 2.573
v 17.418 65.059 2.573
v 17.530 64.809 2.573
v 17.280 64.696 2.573
v 17.280 64.696 2.573
v 17.530 64.809 2.573
v 17.530 64.809 5.654
v 17.280 64.696 5.654
v 17.530 64.809 2.573
v 17.418 65.059 2.573
v 17.418 65.059 5.654
v 17.530 64.809 5.654
v 17.418 65.059 2.573
v 17.168 64.947 2.573
v 17.168 64.947 5.654
v 17.418 65.059 5.654
v 17.168 64.947 2.573
v 17.280 64.696 2.573
v 17.280 64.696 5.654
v 17.168 64.947 5.654
v 19.602 65.888 4.584
v 17.964 67.270 4.584
v 17.349 64.878 8.947
v 17.964 67.270 4.584
v 15.862 66.850 4.584
v 17.349 64.878 8.947
v 15.862 66.850 4.584
v 14.880 64.945 4.584
v 17.349 64.878 8.947
v 14.880 64.945 4.584
v 15.757 62.989 4.584
v 17.349 64.878 8.947
v 15.757 62.989 4.584
v 17.833 62.456 4.584
v 17.349 64.878 8.947
v 17.833 62.456 4.584
v 19.544 63.746 4.584
v 17.349 64.878 8.947
v 19.544 63.746 4.584
v 19.602 65.888 4.584
v 17.349 64.878 8.947
v 19.544 63.746 4.584
v 17.833 62.456 4.584
v 15.757 62.989 4.584
v 14.880 64.945 4.584
v 15.862 66.850 4.584
v 17.964 67.270 4.584
v 19.602 65.888 4.584
v 18.926 65.585 6.477
v 17.779 66.552 6.477
v 17.349 64.878 11.005
v 17.779 66.552 6.477
v 16.308 66.258 6.477
v 17.349 64.878 11.005
v 16.308 66.258 6.477
v 15.621 64.924 6.477
v 17.349 64.878 11.005
v 15.621 64.924 6.477
v 16.235 63.556 6.477
v 17.349 64.878 11.005
v 16.235 63.556 6.477
v 17.688 63.182 6.477
v 17.349 64.878 11.005
v 17.688 63.182 6.477
v 18.886 64.085 6.477
v 17.349 64.878 11.005
v 18.886 64.085 6.477
v 18.926 65.585 6.477
v 17.349 64.878 11.005
v 18.886 64.085 6.477
v 17.688 63.182 6.477
v 16.235 63.556 6.477
v 15.621 64.924 6.477
v 16.308 66.258 6.477
v 17.779 66.552 6.477
v 18.926 65.585 6.477
usemtl trunk
f 1 2 3 4
f 5 6 7 8
f 9 10 11 12
f 13 14 15 16
f 17 18 19 20
f 21 22 23 24
usemtl pine
f 25 26 27
f 28 29 30
f 31 32 33
f 34 35 36
f 37 38 39
f 40 41 42
f 43 44 45
f 46 47 48 49 50 51 52
f 53 54 55
f 56 57 58
f 59 60 61
f 62 63 64
f 65 66 67
f 68 69 70
f 71 72 73
f 74 75 76 77 78 79 80
usemtl trunk
f 81 82 83 84
f 85 86 87 88
f 89 90 91 92
f 93 94 95 96
f 97 98 99 100
f 101 102 103 104
usemtl pine
f 105 106 107
f 108 109 110
f 111 112 113
f 114 115 116
f 117 118 119
f 120 121 122
f 123 124 125
f 126 127 128 129 130 131 132
f 133 134 135
f 136 137 138
f 139 140 141
f 142 143 144
f 145 146 147
f 148 149 150
f 151 152 153
f 154 155 156 157 158 159 160
usemtl trunk
f 161 162 163 164
f 165 166 167 168
f 169 170 171 172
f 173 174 175 176
f 177 178 179 180
f 181 182 183 184
usemtl pine
f 185 186 187
f 188 189 190
f 191 192 193
f 194 195 196
f 197 198 199
f 200 201 202
f 203 204 205
f 206 207 208 209 210 211 212
f 213 214 215
f 216 217 218
f 219 220 221
f 222 223 224
f 225 226 227
f 228 229 230
f 231 232 233
f 234 235 236 237 238 239 240
usemtl trunk
f 241 242 243 244
f 245 246 247 248
f 249 250 251 252
f 253 254 255 256
f 257 258 259 260
f 261 262 263 264
usemtl pine
f 265 266 267
f 268 269 270
f 271 272 273
f 274 275 276
f 277 278 279
f 280 281 282
f 283 284 285
f 286 287 288 289 290 291 292
f 293 294 295
f 296 297 298
f 299 300 301
f 302 303 304
f 305 306 307
f 308 309 310
f 311 312 313
f 314 315 316 317 318 319 320
usemtl trunk
f 321 322 323 324
f 325 326 327 328
f 329 330 331 332
f 333 334 335 336
f 337 338 339 340
f 341 342 343 344
usemtl pine
f 345 346 347
f 348 349 350
f 351 352 353
f 354 355 356
f 357 358 359
f 360 361 362
f 363 364 365
f 366 367 368 369 370 371 372
f 373 374 375
f 376 377 378
f 379 380 381
f 382 383 384
f 385 386 387
f 388 389 390
f 391 392 393
f 394 395 396 397 398 399 400
usemtl trunk
f 401 402 403 404
f 405 406 407 408
f 409 410 411 412
f 413 414 415 416
f 417 418 419 420
f 421 422 423 424
usemtl pine
f 425 426 427
f 428 429 430
f 431 432 433
f 434 435 436
f 437 438 439
f 440 441 442
f 443 444 445
f 446 447 448 449 450 451 452
f 453 454 455
f 456 457 458
f 459 460 461
f 462 463 464
f 465 466 467
f 468 469 470
f 471 472 473
f 474 475 476 477 478 479 480
usemtl trunk
f 481 482 483 484
f 485 486 487 488
f 489 490 491 492
f 493 494 495 496
f 497 498 499 500
f 501 502 503 504
usemtl pine
f 505 506 507
f 508 509 510
f 511 512 513
f 514 515 516
f 517 518 519
f 520 521 522
f 523 524 525
f 526 527 528 529 530 531 532
f 533 534 535
f 536 537 538
f 539 540 541
f 542 543 544
f 545 546 547
f 548 549 550
f 551 552 553
f 554 555 556 557 558 559 560
usemtl trunk
f 561 562 563 564
f 565 566 567 568
f 569 570 571 572
f 573 574 575 576
f 577 578 579 580
f 581 582 583 584
usemtl pine
f 585 586 587
f 588 589 590
f 591 592 593
f 594 595 596
f 597 598 599
f 600 601 602
f 603 604 605
f 606 607 608 609 610 611 612
f 613 614 615
f 616 617 618
f 619 620 621
f 622 623 624
f 625 626 627
f 628 629 630
f 631 632 633
f 634 635 636 637 638 639 640
usemtl trunk
f 641 642 643 644
f 645 646 647 648
f 649 650 651 652
f 653 654 655 656
f 657 658 659 660
f 661 662 663 664
usemtl pine
f 665 666 667
f 668 669 670
f 671 672 673
f 674 675 676
f 677 678 679
f 680 681 682
f 683 684 685
f 686 687 688 689 690 691 692
f 693 694 695
f 696 697 698
f 699 700 701
f 702 703 704
f 705 706 707
f 708 709 710
f 711 712 713
f 714 715 716 717 718 719 720
usemtl trunk
f 721 722 723 724
f 725 726 727 728
f 729 730 731 732
f 733 734 735 736
f 737 738 739 740
f 741 742 743 744
usemtl pine
f 745 746 747
f 748 749 750
f 751 752 753
f 754 755 756
f 757 758 759
f 760 761 762
f 763 764 765
f 766 767 768 769 770 771 772
f 773 774 775
f 776 777 778
f 779 780 781
f 782 783 784
f 785 786 787
f 788 789 790
f 791 792 793
f 794 795 796 797 798 799 800
usemtl trunk
f 801 802 803 804
f 805 806 807 808
f 809 810 811 812
f 813 814 815 816
f 817 818 819 820
f 821 822 823 824
usemtl pine
f 825 826 827
f 828 829 830
f 831 832 833
f 834 835 836
f 837 838 839
f 840 841 842
f 843 844 845
f 846 847 848 849 850 851 852
f 853 854 855
f 856 857 858
f 859 860 861
f 862 863 864
f 865 866 867
f 868 869 870
f 871 872 873
f 874 875 876 877 878 879 880
usemtl trunk
f 881 882 883 884
f 885 886 887 888
f 889 890 891 892
f 893 894 895 896
f 897 898 899 900
f 901 902 903 904
usemtl pine
f 905 906 907
f 908 909 910
f 911 912 913
f 914 915 916
f 917 918 919
f 920 921 922
f 923 924 925
f 926 927 928 929 930 931 932
f 933 934 935
f 936 937 938
f 939 940 941
f 942 943 944
f 945 946 947
f 948 949 950
f 951 952 953
f 954 955 956 957 958 959 960
usemtl trunk
f 961 962 963 964
f 965 966 967 968
f 969 970 971 972
f 973 974 975 976
f 977 978 979 980
f 981 982 983 984
usemtl pine
f 985 986 987
f 988 989 990
f 991 992 993
f 994 995 996
f 997 998 999
f 1000 1001 1002
f 1003 1004 1005
f 1006 1007 1008 1009 1010 1011 1012
f 1013 1014 1015
f 1016 1017 1018
f 1019 1020 1021
f 1022 1023 1024
f 1025 1026 1027
f 1028 1029 1030
f 1031 1032 1033
f 1034 1035 1036 1037 1038 1039 1040
usemtl trunk
f 1041 1042 1043 1044
f 1045 1046 1047 1048
f 1049 1050 1051 1052
f 1053 1054 1055 1056
f 1057 1058 1059 1060
f 1061 1062 1063 1064
usemtl pine
f 1065 1066 1067
f 1068 1069 1070
f 1071 1072 1073
f 1074 1075 1076
f 1077 1078 1079
f 1080 1081 1082
f 1083 1084 1085
f 1086 1087 1088 1089 1090 1091 1092
f 1093 1094 1095
f 1096 1097 1098
f 1099 1100 1101
f 1102 1103 1104
f 1105 1106 1107
f 1108 1109 1110
f 1111 1112 1113
f 1114 1115 1116 1117 1118 1119 1120
usemtl trunk
f 1121 1122 1123 1124
f 1125 1126 1127 1128
f 1129 1130 1131 1132
f 1133 1134 1135 1136
f 1137 1138 1139 1140
f 1141 1142 1143 1144
usemtl pine
f 1145 1146 1147
f 1148 1149 1150
f 1151 1152 1153
f 1154 1155 1156
f 1157 1158 1159
f 1160 1161 1162
f 1163 1164 1165
f 1166 1167 1168 1169 1170 1171 1172
f 1173 1174 1175
f 1176 1177 1178
f 1179 1180 1181
f 1182 1183 1184
f 1185 1186 1187
f 1188 1189 1190
f 1191 1192 1193
f 1194 1195 1196 1197 1198 1199 1200
usemtl trunk
f 1201 1202 1203 1204
f 1205 1206 1207 1208
f 1209 1210 1211 1212
f 1213 1214 1215 1216
f 1217 1218 1219 1220
f 1221 1222 1223 1224
usemtl pine
f 1225 1226 1227
f 1228 1229 1230
f 1231 1232 1233
f 1234 1235 1236
f 1237 1238 1239
f 1240 1241 1242
f 1243 1244 1245
f 1246 1247 1248 1249 1250 1251 1252
f 1253 1254 1255
f 1256 1257 1258
f 1259 1260 1261
f 1262 1263 1264
f 1265 1266 1267
f 1268 1269 1270
f 1271 1272 1273
f 1274 1275 1276 1277 1278 1279 1280
usemtl trunk
f 1281 1282 1283 1284
f 1285 1286 1287 1288
f 1289 1290 1291 1292
f 1293 1294 1295 1296
f 1297 1298 1299 1300
f 1301 1302 1303 1304
usemtl pine
f 1305 1306 1307
f 1308 1309 1310
f 1311 1312 1313
f 1314 1315 1316
f 1317 1318 1319
f 1320 1321 1322
f 1323 1324 1325
f 1326 1327 1328 1329 1330 1331 1332
f 1333 1334 1335
f 1336 1337 1338
f 1339 1340 1341
f 1342 1343 1344
f 1345 1346 1347
f 1348 1349 1350
f 1351 1352 1353
f 1354 1355 1356 1357 1358 1359 1360
usemtl trunk
f 1361 1362 1363 1364
f 1365 1366 1367 1368
f 1369 1370 1371 1372
f 1373 1374 1375 1376
f 1377 1378 1379 1380
f 1381 1382 1383 1384
usemtl pine
f 1385 1386 1387
f 1388 1389 1390
f 1391 1392 1393
f 1394 1395 1396
f 1397 1398 1399
f 1400 1401 1402
f 1403 1404 1405
f 1406 1407 1408 1409 1410 1411 1412
f 1413 1414 1415
f 1416 1417 1418
f 1419 1420 1421
f 1422 1423 1424
f 1425 1426 1427
f 1428 1429 1430
f 1431 1432 1433
f 1434 1435 1436 1437 1438 1439 1440
usemtl trunk
f 1441 1442 1443 1444
f 1445 1446 1447 1448
f 1449 1450 1451 1452
f 1453 1454 1455 1456
f 1457 1458 1459 1460
f 1461 1462 1463 1464
usemtl pine
f 1465 1466 1467
f 1468 1469 1470
f 1471 1472 1473
f 1474 1475 1476
f 1477 1478 1479
f 1480 1481 1482
f 1483 1484 1485
f 1486 1487 1488 1489 1490 1491 1492
f 1493 1494 1495
f 1496 1497 1498
f 1499 1500 1501
f 1502 1503 1504
f 1505 1506 1507
f 1508 1509 1510
f 1511 1512 1513
f 1514 1515 1516 1517 1518 1519 1520
usemtl trunk
f 1521 1522 1523 1524
f 1525 1526 1527 1528
f 1529 1530 1531 1532
f 1533 1534 1535 1536
f 1537 1538 1539 1540
f 1541 1542 1543 1544
usemtl pine
f 1545 1546 1547
f 1548 1549 1550
f 1551 1552 1553
f 1554 1555 1556
f 1557 1558 1559
f 1560 1561 1562
f 1563 1564 1565
f 1566 1567 1568 1569 1570 1571 1572
f 1573 1574 1575
f 1576 1577 1578
f 1579 1580 1581
f 1582 1583 1584
f 1585 1586 1587
f 1588 1589 1590
f 1591 1592 1593
f 1594 1595 1596 1597 1598 1599 1600
usemtl trunk
f 1601 1602 1603 1604
f 1605 1606 1607 1608
f 1609 1610 1611 1612
f 1613 1614 1615 1616
f 1617 1618 1619 1620
f 1621 1622 1623 1624
usemtl pine
f 1625 1626 1627
f 1628 1629 1630
f 1631 1632 1633
f 1634 1635 1636
f 1637 1638 1639
f 1640 1641 1642
f 1643 1644 1645
f 1646 1647 1648 1649 1650 1651 1652
f 1653 1654 1655
f 1656 1657 1658
f 1659 1660 1661
f 1662 1663 1664
f 1665 1666 1667
f 1668 1669 1670
f 1671 1672 1673
f 1674 1675 1676 1677 1678 1679 1680
usemtl trunk
f 1681 1682 1683 1684
f 1685 1686 1687 1688
f 1689 1690 1691 1692
f 1693 1694 1695 1696
f 1697 1698 1699 1700
f 1701 1702 1703 1704
usemtl pine
f 1705 1706 1707
f 1708 1709 1710
f 1711 1712 1713
f 1714 1715 1716
f 1717 1718 1719
f 1720 1721 1722
f 1723 1724 1725
f 1726 1727 1728 1729 1730 1731 1732
f 1733 1734 1735
f 1736 1737 1738
f 1739 1740 1741
f 1742 1743 1744
f 1745 1746 1747
f 1748 1749 1750
f 1751 1752 1753
f 1754 1755 1756 1757 1758 1759 1760
usemtl trunk
f 1761 1762 1763 1764
f 1765 1766 1767 1768
f 1769 1770 1771 1772
f 1773 1774 1775 1776
f 1777 1778 1779 1780
f 1781 1782 1783 1784
usemtl pine
f 1785 1786 1787
f 1788 1789 1790
f 1791 1792 1793
f 1794 1795 1796
f 1797 1798 1799
f 1800 1801 1802
f 1803 1804 1805
f 1806 1807 1808 1809 1810 1811 1812
f 1813 1814 1815
f 1816 1817 1818
f 1819 1820 1821
f 1822 1823 1824
f 1825 1826 1827
f 1828 1829 1830
f 1831 1832 1833
f 1834 1835 1836 1837 1838 1839 1840
usemtl trunk
f 1841 1842 1843 1844
f 1845 1846 1847 1848
f 1849 1850 1851 1852
f 1853 1854 1855 1856
f 1857 1858 1859 1860
f 1861 1862 1863 1864
usemtl pine
f 1865 1866 1867
f 1868 1869 1870
f 1871 1872 1873
f 1874 1875 1876
f 1877 1878 1879
f 1880 1881 1882
f 1883 1884 1885
f 1886 1887 1888 1889 1890 1891 1892
f 1893 1894 1895
f 1896 1897 1898
f 1899 1900 1901
f 1902 1903 1904
f 1905 1906 1907
f 1908 1909 1910
f 1911 1912 1913
f 1914 1915 1916 1917 1918 1919 1920
usemtl trunk
f 1921 1922 1923 1924
f 1925 1926 1927 1928
f 1929 1930 1931 1932
f 1933 1934 1935 1936
f 1937 1938 1939 1940
f 1941 1942 1943 1944
usemtl pine
f 1945 1946 1947
f 1948 1949 1950
f 1951 1952 1953
f 1954 1955 1956
f 1957 1958 1959
f 1960 1961 1962
f 1963 1964 1965
f 1966 1967 1968 1969 1970 1971 1972
f 1973 1974 1975
f 1976 1977 1978
f 1979 1980 1981
f 1982 1983 1984
f 1985 1986 1987
f 1988 1989 1990
f 1991 1992 1993
f 1994 1995 1996 1997 1998 1999 2000
usemtl trunk
f 2001 2002 2003 2004
f 2005 2006 2007 2008
f 2009 2010 2011 2012
f 2013 2014 2015 2016
f 2017 2018 2019 2020
f 2021 2022 2023 2024
usemtl pine
f 2025 2026 2027
f 2028 2029 2030
f 2031 2032 2033
f 2034 2035 2036
f 2037 2038 2039
f 2040 2041 2042
f 2043 2044 2045
f 2046 2047 2048 2049 2050 2051 2052
f 2053 2054 2055
f 2056 2057 2058
f 2059 2060 2061
f 2062 2063 2064
f 2065 2066 2067
f 2068 2069 2070
f 2071 2072 2073
f 2074 2075 2076 2077 2078 2079 2080
usemtl trunk
f 2081 2082 2083 2084
f 2085 2086 2087 2088
f 2089 2090 2091 2092
f 2093 2094 2095 2096
f 2097 2098 2099 2100
f 2101 2102 2103 2104
usemtl pine
f 2105 2106 2107
f 2108 2109 2110
f 2111 2112 2113
f 2114 2115 2116
f 2117 2118 2119
f 2120 2121 2122
f 2123 2124 2125
f 2126 2127 2128 2129 2130 2131 2132
f 2133 2134 2135
f 2136 2137 2138
f 2139 2140 2141
f 2142 2143 2144
f 2145 2146 2147
f 2148 2149 2150
f 2151 2152 2153
f 2154 2155 2156 2157 2158 2159 2160
usemtl trunk
f 2161 2162 2163 2164
f 2165 2166 2167 2168
f 2169 2170 2171 2172
f 2173 2174 2175 2176
f 2177 2178 2179 2180
f 2181 2182 2183 2184
usemtl pine
f 2185 2186 2187
f 2188 2189 2190
f 2191 2192 2193
f 2194 2195 2196
f 2197 2198 2199
f 2200 2201 2202
f 2203 2204 2205
f 2206 2207 2208 2209 2210 2211 2212
f 2213 2214 2215
f 2216 2217 2218
f 2219 2220 2221
f 2222 2223 2224
f 2225 2226 2227
f 2228 2229 2230
f 2231 2232 2233
f 2234 2235 2236 2237 2238 2239 2240
usemtl trunk
f 2241 2242 2243 2244
f 2245 2246 2247 2248
f 2249 2250 2251 2252
f 2253 2254 2255 2256
f 2257 2258 2259 2260
f 2261 2262 2263 2264
usemtl pine
f 2265 2266 2267
f 2268 2269 2270
f 2271 2272 2273
f 2274 2275 2276
f 2277 2278 2279
f 2280 2281 2282
f 2283 2284 2285
f 2286 2287 2288 2289 2290 2291 2292
f 2293 2294 2295
f 2296 2297 2298
f 2299 2300 2301
f 2302 2303 2304
f 2305 2306 2307
f 2308 2309 2310
f 2311 2312 2313
f 2314 2315 2316 2317 2318 2319 2320
usemtl trunk
f 2321 2322 2323 2324
f 2325 2326 2327 2328
f 2329 2330 2331 2332
f 2333 2334 2335 2336
f 2337 2338 2339 2340
f 2341 2342 2343 2344
usemtl pine
f 2345 2346 2347
f 2348 2349 2350
f 2351 2352 2353
f 2354 2355 2356
f 2357 2358 2359
f 2360 2361 2362
f 2363 2364 2365
f 2366 2367 2368 2369 2370 2371 2372
f 2373 2374 2375
f 2376 2377 2378
f 2379 2380 2381
f 2382 2383 2384
f 2385 2386 2387
f 2388 2389 2390
f 2391 2392 2393
f 2394 2395 2396 2397 2398 2399 2400
usemtl trunk
f 2401 2402 2403 2404
f 2405 2406 2407 2408
f 2409 2410 2411 2412
f 2413 2414 2415 2416
f 2417 2418 2419 2420
f 2421 2422 2423 2424
usemtl pine
f 2425 2426 2427
f 2428 2429 2430
f 2431 2432 2433
f 2434 2435 2436
f 2437 2438 2439
f 2440 2441 2442
f 2443 2444 2445
f 2446 2447 2448 2449 2450 2451 2452
f 2453 2454 2455
f 2456 2457 2458
f 2459 2460 2461
f 2462 2463 2464
f 2465 2466 2467
f 2468 2469 2470
f 2471 2472 2473
f 2474 2475 2476 2477 2478 2479 2480
usemtl trunk
f 2481 2482 2483 2484
f 2485 2486 2487 2488
f 2489 2490 2491 2492
f 2493 2494 2495 2496
f 2497 2498 2499 2500
f 2501 2502 2503 2504
usemtl pine
f 2505 2506 2507
f 2508 2509 2510
f 2511 2512 2513
f 2514 2515 2516
f 2517 2518 2519
f 2520 2521 2522
f 2523 2524 2525
f 2526 2527 2528 2529 2530 2531 2532
f 2533 2534 2535
f 2536 2537 2538
f 2539 2540 2541
f 2542 2543 2544
f 2545 2546 2547
f 2548 2549 2550
f 2551 2552 2553
f 2554 2555 2556 2557 2558 2559 2560
usemtl trunk
f 2561 2562 2563 2564
f 2565 2566 2567 2568
f 2569 2570 2571 2572
f 2573 2574 2575 2576
f 2577 2578 2579 2580
f 2581 2582 2583 2584
usemtl pine
f 2585 2586 2587
f 2588 2589 2590
f 2591 2592 2593
f 2594 2595 2596
f 2597 2598 2599
f 2600 2601 2602
f 2603 2604 2605
f 2606 2607 2608 2609 2610 2611 2612
f 2613 2614 2615
f 2616 2617 2618
f 2619 2620 2621
f 2622 2623 2624
f 2625 2626 2627
f 2628 2629 2630
f 2631 2632 2633
f 2634 2635 2636 2637 2638 2639 2640
usemtl trunk
f 2641 2642 2643 2644
f 2645 2646 2647 2648
f 2649 2650 2651 2652
f 2653 2654 2655 2656
f 2657 2658 2659 2660
f 2661 2662 2663 2664
usemtl pine
f 2665 2666 2667
f 2668 2669 2670
f 2671 2672 2673
f 2674 2675 2676
f 2677 2678 2679
f 2680 2681 2682
f 2683 2684 2685
f 2686 2687 2688 2689 2690 2691 2692
f 2693 2694 2695
f 2696 2697 2698
f 2699 2700 2701
f 2702 2703 2704
f 2705 2706 2707
f 2708 2709 2710
f 2711 2712 2713
f 2714 2715 2716 2717 2718 2719 2720
usemtl trunk
f 2721 2722 2723 2724
f 2725 2726 2727 2728
f 2729 2730 2731 2732
f 2733 2734 2735 2736
f 2737 2738 2739 2740
f 2741 2742 2743 2744
usemtl pine
f 2745 2746 2747
f 2748 2749 2750
f 2751 2752 2753
f 2754 2755 2756
f 2757 2758 2759
f 2760 2761 2762
f 2763 2764 2765
f 2766 2767 2768 2769 2770 2771 2772
f 2773 2774 2775
f 2776 2777 2778
f 2779 2780 2781
f 2782 2783 2784
f 2785 2786 2787
f 2788 2789 2790
f 2791 2792 2793
f 2794 2795 2796 2797 2798 2799 2800
usemtl trunk
f 2801 2802 2803 2804
f 2805 2806 2807 2808
f 2809 2810 2811 2812
f 2813 2814 2815 2816
f 2817 2818 2819 2820
f 2821 2822 2823 2824
usemtl pine
f 2825 2826 2827
f 2828 2829 2830
f 2831 2832 2833
f 2834 2835 2836
f 2837 2838 2839
f 2840 2841 2842
f 2843 2844 2845
f 2846 2847 2848 2849 2850 2851 2852
f 2853 2854 2855
f 2856 2857 2858
f 2859 2860 2861
f 2862 2863 2864
f 2865 2866 2867
f 2868 2869 2870
f 2871 2872 2873
f 2874 2875 2876 2877 2878 2879 2880
usemtl trunk
f 2881 2882 2883 2884
f 2885 2886 2887 2888
f 2889 2890 2891 2892
f 2893 2894 2895 2896
f 2897 2898 2899 2900
f 2901 2902 2903 2904
usemtl pine
f 2905 2906 2907
f 2908 2909 2910
f 2911 2912 2913
f 2914 2915 2916
f 2917 2918 2919
f 2920 2921 2922
f 2923 2924 2925
f 2926 2927 2928 2929 2930 2931 2932
f 2933 2934 2935
f 2936 2937 2938
f 2939 2940 2941
f 2942 2943 2944
f 2945 2946 2947
f 2948 2949 2950
f 2951 2952 2953
f 2954 2955 2956 2957 2958 2959 2960
usemtl trunk
f 2961 2962 2963 2964
f 2965 2966 2967 2968
f 2969 2970 2971 2972
f 2973 2974 2975 2976
f 2977 2978 2979 2980
f 2981 2982 2983 2984
usemtl pine
f 2985 2986 2987
f 2988 2989 2990
f 2991 2992 2993
f 2994 2995 2996
f 2997 2998 2999
f 3000 3001 3002
f 3003 3004 3005
f 3006 3007 3008 3009 3010 3011 3012
f 3013 3014 3015
f 3016 3017 3018
f 3019 3020 3021
f 3022 3023 3024
f 3025 3026 3027
f 3028 3029 3030
f 3031 3032 3033
f 3034 3035 3036 3037 3038 3039 3040
usemtl trunk
f 3041 3042 3043 3044
f 3045 3046 3047 3048
f 3049 3050 3051 3052
f 3053 3054 3055 3056
f 3057 3058 3059 3060
f 3061 3062 3063 3064
usemtl pine
f 3065 3066 3067
f 3068 3069 3070
f 3071 3072 3073
f 3074 3075 3076
f 3077 3078 3079
f 3080 3081 3082
f 3083 3084 3085
f 3086 3087 3088 3089 3090 3091 3092
f 3093 3094 3095
f 3096 3097 3098
f 3099 3100 3101
f 3102 3103 3104
f 3105 3106 3107
f 3108 3109 3110
f 3111 3112 3113
f 3114 3115 3116 3117 3118 3119 3120
usemtl trunk
f 3121 3122 3123 3124
f 3125 3126 3127 3128
f 3129 3130 3131 3132
f 3133 3134 3135 3136
f 3137 3138 3139 3140
f 3141 3142 3143 3144
usemtl pine
f 3145 3146 3147
f 3148 3149 3150
f 3151 3152 3153
f 3154 3155 3156
f 3157 3158 3159
f 3160 3161 3162
f 3163 3164 3165
f 3166 3167 3168 3169 3170 3171 3172
f 3173 3174 3175
f 3176 3177 3178
f 3179 3180 3181
f 3182 3183 3184
f 3185 3186 3187
f 3188 3189 3190
f 3191 3192 3193
f 3194 3195 3196 3197 3198 3199 3200
usemtl trunk
f 3201 3202 3203 3204
f 3205 3206 3207 3208
f 3209 3210 3211 3212
f 3213 3214 3215 3216
f 3217 3218 3219 3220
f 3221 3222 3223 3224
usemtl pine
f 3225 3226 3227
f 3228 3229 3230
f 3231 3232 3233
f 3234 3235 3236
f 3237 3238 3239
f 3240 3241 3242
f 3243 3244 3245
f 3246 3247 3248 3249 3250 3251 3252
f 3253 3254 3255
f 3256 3257 3258
f 3259 3260 3261
f 3262 3263 3264
f 3265 3266 3267
f 3268 3269 3270
f 3271 3272 3273
f 3274 3275 3276 3277 3278 3279 3280
usemtl trunk
f 3281 3282 3283 3284
f 3285 3286 3287 3288
f 3289 3290 3291 3292
f 3293 3294 3295 3296
f 3297 3298 3299 3300
f 3301 3302 3303 3304
usemtl pine
f 3305 3306 3307
f 3308 3309 3310
f 3311 3312 3313
f 3314 3315 3316
f 3317 3318 3319
f 3320 3321 3322
f 3323 3324 3325
f 3326 3327 3328 3329 3330 3331 3332
f 3333 3334 3335
f 3336 3337 3338
f 3339 3340 3341
f 3342 3343 3344
f 3345 3346 3347
f 3348 3349 3350
f 3351 3352 3353
f 3354 3355 3356 3357 3358 3359 3360
usemtl trunk
f 3361 3362 3363 3364
f 3365 3366 3367 3368
f 3369 3370 3371 3372
f 3373 3374 3375 3376
f 3377 3378 3379 3380
f 3381 3382 3383 3384
usemtl pine
f 3385 3386 3387
f 3388 3389 3390
f 3391 3392 3393
f 3394 3395 3396
f 3397 3398 3399
f 3400 3401 3402
f 3403 3404 3405
f 3406 3407 3408 3409 3410 3411 3412
f 3413 3414 3415
f 3416 3417 3418
f 3419 3420 3421
f 3422 3423 3424
f 3425 3426 3427
f 3428 3429 3430
f 3431 3432 3433
f 3434 3435 3436 3437 3438 3439 3440
usemtl trunk
f 3441 3442 3443 3444
f 3445 3446 3447 3448
f 3449 3450 3451 3452
f 3453 3454 3455 3456
f 3457 3458 3459 3460
f 3461 3462 3463 3464
usemtl pine
f 3465 3466 3467
f 3468 3469 3470
f 3471 3472 3473
f 3474 3475 3476
f 3477 3478 3479
f 3480 3481 3482
f 3483 3484 3485
f 3486 3487 3488 3489 3490 3491 3492
f 3493 3494 3495
f 3496 3497 3498
f 3499 3500 3501
f 3502 3503 3504
f 3505 3506 3507
f 3508 3509 3510
f 3511 3512 3513
f 3514 3515 3516 3517 3518 3519 3520
usemtl trunk
f 3521 3522 3523 3524
f 3525 3526 3527 3528
f 3529 3530 3531 3532
f 3533 3534 3535 3536
f 3537 3538 3539 3540
f 3541 3542 3543 3544
usemtl pine
f 3545 3546 3547
f 3548 3549 3550
f 3551 3552 3553
f 3554 3555 3556
f 3557 3558 3559
f 3560 3561 3562
f 3563 3564 3565
f 3566 3567 3568 3569 3570 3571 3572
f 3573 3574 3575
f 3576 3577 3578
f 3579 3580 3581
f 3582 3583 3584
f 3585 3586 3587
f 3588 3589 3590
f 3591 3592 3593
f 3594 3595 3596 3597 3598 3599 3600
usemtl trunk
f 3601 3602 3603 3604
f 3605 3606 3607 3608
f 3609 3610 3611 3612
f 3613 3614 3615 3616
f 3617 3618 3619 3620
f 3621 3622 3623 3624
usemtl pine
f 3625 3626 3627
f 3628 3629 3630
f 3631 3632 3633
f 3634 3635 3636
f 3637 3638 3639
f 3640 3641 3642
f 3643 3644 3645
f 3646 3647 3648 3649 3650 3651 3652
f 3653 3654 3655
f 3656 3657 3658
f 3659 3660 3661
f 3662 3663 3664
f 3665 3666 3667
f 3668 3669 3670
f 3671 3672 3673
f 3674 3675 3676 3677 3678 3679 3680
usemtl trunk
f 3681 3682 3683 3684
f 3685 3686 3687 3688
f 3689 3690 3691 3692
f 3693 3694 3695 3696
f 3697 3698 3699 3700
f 3701 3702 3703 3704
usemtl pine
f 3705 3706 3707
f 3708 3709 3710
f 3711 3712 3713
f 3714 3715 3716
f 3717 3718 3719
f 3720 3721 3722
f 3723 3724 3725
f 3726 3727 3728 3729 3730 3731 3732
f 3733 3734 3735
f 3736 3737 3738
f 3739 3740 3741
f 3742 3743 3744
f 3745 3746 3747
f 3748 3749 3750
f 3751 3752 3753
f 3754 3755 3756 3757 3758 3759 3760
usemtl trunk
f 3761 3762 3763 3764
f 3765 3766 3767 3768
f 3769 3770 3771 3772
f 3773 3774 3775 3776
f 3777 3778 3779 3780
f 3781 3782 3783 3784
usemtl pine
f 3785 3786 3787
f 3788 3789 3790
f 3791 3792 3793
f 3794 3795 3796
f 3797 3798 3799
f 3800 3801 3802
f 3803 3804 3805
f 3806 3807 3808 3809 3810 3811 3812
f 3813 3814 3815
f 3816 3817 3818
f 3819 3820 3821
f 3822 3823 3824
f 3825 3826 3827
f 3828 3829 3830
f 3831 3832 3833
f 3834 3835 3836 3837 3838 3839 3840
usemtl trunk
f 3841 3842 3843 3844
f 3845 3846 3847 3848
f 3849 3850 3851 3852
f 3853 3854 3855 3856
f 3857 3858 3859 3860
f 3861 3862 3863 3864
usemtl pine
f 3865 3866 3867
f 3868 3869 3870
f 3871 3872 3873
f 3874 3875 3876
f 3877 3878 3879
f 3880 3881 3882
f 3883 3884 3885
f 3886 3887 3888 3889 3890 3891 3892
f 3893 3894 3895
f 3896 3897 3898
f 3899 3900 3901
f 3902 3903 3904
f 3905 3906 3907
f 3908 3909 3910
f 3911 3912 3913
f 3914 3915 3916 3917 3918 3919 3920
usemtl trunk
f 3921 3922 3923 3924
f 3925 3926 3927 3928
f 3929 3930 3931 3932
f 3933 3934 3935 3936
f 3937 3938 3939 3940
f 3941 3942 3943 3944
usemtl pine
f 3945 3946 3947
f 3948 3949 3950
f 3951 3952 3953
f 3954 3955 3956
f 3957 3958 3959
f 3960 3961 3962
f 3963 3964 3965
f 3966 3967 3968 3969 3970 3971 3972
f 3973 3974 3975
f 3976 3977 3978
f 3979 3980 3981
f 3982 3983 3984
f 3985 3986 3987
f 3988 3989 3990
f 3991 3992 3993
f 3994 3995 3996 3997 3998 3999 4000
usemtl trunk
f 4001 4002 4003 4004
f 4005 4006 4007 4008
f 4009 4010 4011 4012
f 4013 4014 4015 4016
f 4017 4018 4019 4020
f 4021 4022 4023 4024
usemtl pine
f 4025 4026 4027
f 4028 4029 4030
f 4031 4032 4033
f 4034 4035 4036
f 4037 4038 4039
f 4040 4041 4042
f 4043 4044 4045
f 4046 4047 4048 4049 4050 4051 4052
f 4053 4054 4055
f 4056 4057 4058
f 4059 4060 4061
f 4062 4063 4064
f 4065 4066 4067
f 4068 4069 4070
f 4071 4072 4073
f 4074 4075 4076 4077 4078 4079 4080
usemtl trunk
f 4081 4082 4083 4084
f 4085 4086 4087 4088
f 4089 4090 4091 4092
f 4093 4094 4095 4096
f 4097 4098 4099 4100
f 4101 4102 4103 4104
usemtl pine
f 4105 4106 4107
f 4108 4109 4110
f 4111 4112 4113
f 4114 4115 4116
f 4117 4118 4119
f 4120 4121 4122
f 4123 4124 4125
f 4126 4127 4128 4129 4130 4131 4132
f 4133 4134 4135
f 4136 4137 4138
f 4139 4140 4141
f 4142 4143 4144
f 4145 4146 4147
f 4148 4149 4150
f 4151 4152 4153
f 4154 4155 4156 4157 4158 4159 4160
usemtl trunk
f 4161 4162 4163 4164
f 4165 4166 4167 4168
f 4169 4170 4171 4172
f 4173 4174 4175 4176
f 4177 4178 4179 4180
f 4181 4182 4183 4184
usemtl pine
f 4185 4186 4187
f 4188 4189 4190
f 4191 4192 4193
f 4194 4195 4196
f 4197 4198 4199
f 4200 4201 4202
f 4203 4204 4205
f 4206 4207 4208 4209 4210 4211 4212
f 4213 4214 4215
f 4216 4217 4218
f 4219 4220 4221
f 4222 4223 4224
f 4225 4226 4227
f 4228 4229 4230
f 4231 4232 4233
f 4234 4235 4236 4237 4238 4239 4240
usemtl trunk
f 4241 4242 4243 4244
f 4245 4246 4247 4248
f 4249 4250 4251 4252
f 4253 4254 4255 4256
f 4257 4258 4259 4260
f 4261 4262 4263 4264
usemtl pine
f 4265 4266 4267
f 4268 4269 4270
f 4271 4272 4273
f 4274 4275 4276
f 4277 4278 4279
f 4280 4281 4282
f 4283 4284 4285
f 4286 4287 4288 4289 4290 4291 4292
f 4293 4294 4295
f 4296 4297 4298
f 4299 4300 4301
f 4302 4303 4304
f 4305 4306 4307
f 4308 4309 4310
f 4311 4312 4313
f 4314 4315 4316 4317 4318 4319 4320
usemtl trunk
f 4321 4322 4323 4324
f 4325 4326 4327 4328
f 4329 4330 4331 4332
f 4333 4334 4335 4336
f 4337 4338 4339 4340
f 4341 4342 4343 4344
usemtl pine
f 4345 4346 4347
f 4348 4349 4350
f 4351 4352 4353
f 4354 4355 4356
f 4357 4358 4359
f 4360 4361 4362
f 4363 4364 4365
f 4366 4367 4368 4369 4370 4371 4372
f 4373 4374 4375
f 4376 4377 4378
f 4379 4380 4381
f 4382 4383 4384
f 4385 4386 4387
f 4388 4389 4390
f 4391 4392 4393
f 4394 4395 4396 4397 4398 4399 4400
usemtl trunk
f 4401 4402 4403 4404
f 4405 4406 4407 4408
f 4409 4410 4411 4412
f 4413 4414 4415 4416
f 4417 4418 4419 4420
f 4421 4422 4423 4424
usemtl pine
f 4425 4426 4427
f 4428 4429 4430
f 4431 4432 4433
f 4434 4435 4436
f 4437 4438 4439
f 4440 4441 4442
f 4443 4444 4445
f 4446 4447 4448 4449 4450 4451 4452
f 4453 4454 4455
f 4456 4457 4458
f 4459 4460 4461
f 4462 4463 4464
f 4465 4466 4467
f 4468 4469 4470
f 4471 4472 4473
f 4474 4475 4476 4477 4478 4479 4480
usemtl trunk
f 4481 4482 4483 4484
f 4485 4486 4487 4488
f 4489 4490 4491 4492
f 4493 4494 4495 4496
f 4497 4498 4499 4500
f 4501 4502 4503 4504
usemtl pine
f 4505 4506 4507
f 4508 4509 4510
f 4511 4512 4513
f 4514 4515 4516
f 4517 4518 4519
f 4520 4521 4522
f 4523 4524 4525
f 4526 4527 4528 4529 4530 4531 4532
f 4533 4534 4535
f 4536 4537 4538
f 4539 4540 4541
f 4542 4543 4544
f 4545 4546 4547
f 4548 4549 4550
f 4551 4552 4553
f 4554 4555 4556 4557 4558 4559 4560
usemtl trunk
f 4561 4562 4563 4564
f 4565 4566 4567 4568
f 4569 4570 4571 4572
f 4573 4574 4575 4576
f 4577 4578 4579 4580
f 4581 4582 4583 4584
usemtl pine
f 4585 4586 4587
f 4588 4589 4590
f 4591 4592 4593
f 4594 4595 4596
f 4597 4598 4599
f 4600 4601 4602
f 4603 4604 4605
f 4606 4607 4608 4609 4610 4611 4612
f 4613 4614 4615
f 4616 4617 4618
f 4619 4620 4621
f 4622 4623 4624
f 4625 4626 4627
f 4628 4629 4630
f 4631 4632 4633
f 4634 4635 4636 4637 4638 4639 4640
usemtl trunk
f 4641 4642 4643 4644
f 4645 4646 4647 4648
f 4649 4650 4651 4652
f 4653 4654 4655 4656
f 4657 4658 4659 4660
f 4661 4662 4663 4664
usemtl pine
f 4665 4666 4667
f 4668 4669 4670
f 4671 4672 4673
f 4674 4675 4676
f 4677 4678 4679
f 4680 4681 4682
f 4683 4684 4685
f 4686 4687 4688 4689 4690 4691 4692
f 4693 4694 4695
f 4696 4697 4698
f 4699 4700 4701
f 4702 4703 4704
f 4705 4706 4707
f 4708 4709 4710
f 4711 4712 4713
f 4714 4715 4716 4717 4718 4719 4720
usemtl trunk
f 4721 4722 4723 4724
f 4725 4726 4727 4728
f 4729 4730 4731 4732
f 4733 4734 4735 4736
f 4737 4738 4739 4740
f 4741 4742 4743 4744
usemtl pine
f 4745 4746 4747
f 4748 4749 4750
f 4751 4752 4753
f 4754 4755 4756
f 4757 4758 4759
f 4760 4761 4762
f 4763 4764 4765
f 4766 4767 4768 4769 4770 4771 4772
f 4773 4774 4775
f 4776 4777 4778
f 4779 4780 4781
f 4782 4783 4784
f 4785 4786 4787
f 4788 4789 4790
f 4791 4792 4793
f 4794 4795 4796 4797 4798 4799 4800
usemtl trunk
f 4801 4802 4803 4804
f 4805 4806 4807 4808
f 4809 4810 4811 4812
f 4813 4814 4815 4816
f 4817 4818 4819 4820
f 4821 4822 4823 4824
usemtl pine
f 4825 4826 4827
f 4828 4829 4830
f 4831 4832 4833
f 4834 4835 4836
f 4837 4838 4839
f 4840 4841 4842
f 4843 4844 4845
f 4846 4847 4848 4849 4850 4851 4852
f 4853 4854 4855
f 4856 4857 4858
f 4859 4860 4861
f 4862 4863 4864
f 4865 4866 4867
f 4868 4869 4870
f 4871 4872 4873
f 4874 4875 4876 4877 4878 4879 4880
usemtl trunk
f 4881 4882 4883 4884
f 4885 4886 4887 4888
f 4889 4890 4891 4892
f 4893 4894 4895 4896
f 4897 4898 4899 4900
f 4901 4902 4903 4904
usemtl pine
f 4905 4906 4907
f 4908 4909 4910
f 4911 4912 4913
f 4914 4915 4916
f 4917 4918 4919
f 4920 4921 4922
f 4923 4924 4925
f 4926 4927 4928 4929 4930 4931 4932
f 4933 4934 4935
f 4936 4937 4938
f 4939 4940 4941
f 4942 4943 4944
f 4945 4946 4947
f 4948 4949 4950
f 4951 4952 4953
f 4954 4955 4956 4957 4958 4959 4960
usemtl trunk
f 4961 4962 4963 4964
f 4965 4966 4967 4968
f 4969 4970 4971 4972
f 4973 4974 4975 4976
f 4977 4978 4979 4980
f 4981 4982 4983 4984
usemtl pine
f 4985 4986 4987
f 4988 4989 4990
f 4991 4992 4993
f 4994 4995 4996
f 4997 4998 4999
f 5000 5001 5002
f 5003 5004 5005
f 5006 5007 5008 5009 5010 5011 5012
f 5013 5014 5015
f 5016 5017 5018
f 5019 5020 5021
f 5022 5023 5024
f 5025 5026 5027
f 5028 5029 5030
f 5031 5032 5033
f 5034 5035 5036 5037 5038 5039 5040
usemtl trunk
f 5041 5042 5043 5044
f 5045 5046 5047 5048
f 5049 5050 5051 5052
f 5053 5054 5055 5056
f 5057 5058 5059 5060
f 5061 5062 5063 5064
usemtl pine
f 5065 5066 5067
f 5068 5069 5070
f 5071 5072 5073
f 5074 5075 5076
f 5077 5078 5079
f 5080 5081 5082
f 5083 5084 5085
f 5086 5087 5088 5089 5090 5091 5092
f 5093 5094 5095
f 5096 5097 5098
f 5099 5100 5101
f 5102 5103 5104
f 5105 5106 5107
f 5108 5109 5110
f 5111 5112 5113
f 5114 5115 5116 5117 5118 5119 5120
usemtl trunk
f 5121 5122 5123 5124
f 5125 5126 5127 5128
f 5129 5130 5131 5132
f 5133 5134 5135 5136
f 5137 5138 5139 5140
f 5141 5142 5143 5144
usemtl pine
f 5145 5146 5147
f 5148 5149 5150
f 5151 5152 5153
f 5154 5155 5156
f 5157 5158 5159
f 5160 5161 5162
f 5163 5164 5165
f 5166 5167 5168 5169 5170 5171 5172
f 5173 5174 5175
f 5176 5177 5178
f 5179 5180 5181
f 5182 5183 5184
f 5185 5186 5187
f 5188 5189 5190
f 5191 5192 5193
f 5194 5195 5196 5197 5198 5199 5200
usemtl trunk
f 5201 5202 5203 5204
f 5205 5206 5207 5208
f 5209 5210 5211 5212
f 5213 5214 5215 5216
f 5217 5218 5219 5220
f 5221 5222 5223 5224
usemtl pine
f 5225 5226 5227
f 5228 5229 5230
f 5231 5232 5233
f 5234 5235 5236
f 5237 5238 5239
f 5240 5241 5242
f 5243 5244 5245
f 5246 5247 5248 5249 5250 5251 5252
f 5253 5254 5255
f 5256 5257 5258
f 5259 5260 5261
f 5262 5263 5264
f 5265 5266 5267
f 5268 5269 5270
f 5271 5272 5273
f 5274 5275 5276 5277 5278 5279 5280
usemtl trunk
f 5281 5282 5283 5284
f 5285 5286 5287 5288
f 5289 5290 5291 5292
f 5293 5294 5295 5296
f 5297 5298 5299 5300
f 5301 5302 5303 5304
usemtl pine
f 5305 5306 5307
f 5308 5309 5310
f 5311 5312 5313
f 5314 5315 5316
f 5317 5318 5319
f 5320 5321 5322
f 5323 5324 5325
f 5326 5327 5328 5329 5330 5331 5332
f 5333 5334 5335
f 5336 5337 5338
f 5339 5340 5341
f 5342 5343 5344
f 5345 5346 5347
f 5348 5349 5350
f 5351 5352 5353
f 5354 5355 5356 5357 5358 5359 5360
usemtl trunk
f 5361 5362 5363 5364
f 5365 5366 5367 5368
f 5369 5370 5371 5372
f 5373 5374 5375 5376
f 5377 5378 5379 5380
f 5381 5382 5383 5384
usemtl pine
f 5385 5386 5387
f 5388 5389 5390
f 5391 5392 5393
f 5394 5395 5396
f 5397 5398 5399
f 5400 5401 5402
f 5403 5404 5405
f 5406 5407 5408 5409 5410 5411 5412
f 5413 5414 5415
f 5416 5417 5418
f 5419 5420 5421
f 5422 5423 5424
f 5425 5426 5427
f 5428 5429 5430
f 5431 5432 5433
f 5434 5435 5436 5437 5438 5439 5440
usemtl trunk
f 5441 5442 5443 5444
f 5445 5446 5447 5448
f 5449 5450 5451 5452
f 5453 5454 5455 5456
f 5457 5458 5459 5460
f 5461 5462 5463 5464
usemtl pine
f 5465 5466 5467
f 5468 5469 5470
f 5471 5472 5473
f 5474 5475 5476
f 5477 5478 5479
f 5480 5481 5482
f 5483 5484 5485
f 5486 5487 5488 5489 5490 5491 5492
f 5493 5494 5495
f 5496 5497 5498
f 5499 5500 5501
f 5502 5503 5504
f 5505 5506 5507
f 5508 5509 5510
f 5511 5512 5513
f 5514 5515 5516 5517 5518 5519 5520
usemtl trunk
f 5521 5522 5523 5524
f 5525 5526 5527 5528
f 5529 5530 5531 5532
f 5533 5534 5535 5536
f 5537 5538 5539 5540
f 5541 5542 5543 5544
usemtl pine
f 5545 5546 5547
f 5548 5549 5550
f 5551 5552 5553
f 5554 5555 5556
f 5557 5558 5559
f 5560 5561 5562
f 5563 5564 5565
f 5566 5567 5568 5569 5570 5571 5572
f 5573 5574 5575
f 5576 5577 5578
f 5579 5580 5581
f 5582 5583 5584
f 5585 5586 5587
f 5588 5589 5590
f 5591 5592 5593
f 5594 5595 5596 5597 5598 5599 5600
usemtl trunk
f 5601 5602 5603 5604
f 5605 5606 5607 5608
f 5609 5610 5611 5612
f 5613 5614 5615 5616
f 5617 5618 5619 5620
f 5621 5622 5623 5624
usemtl pine
f 5625 5626 5627
f 5628 5629 5630
f 5631 5632 5633
f 5634 5635 5636
f 5637 5638 5639
f 5640 5641 5642
f 5643 5644 5645
f 5646 5647 5648 5649 5650 5651 5652
f 5653 5654 5655
f 5656 5657 5658
f 5659 5660 5661
f 5662 5663 5664
f 5665 5666 5667
f 5668 5669 5670
f 5671 5672 5673
f 5674 5675 5676 5677 5678 5679 5680
usemtl trunk
f 5681 5682 5683 5684
f 5685 5686 5687 5688
f 5689 5690 5691 5692
f 5693 5694 5695 5696
f 5697 5698 5699 5700
f 5701 5702 5703 5704
usemtl pine
f 5705 5706 5707
f 5708 5709 5710
f 5711 5712 5713
f 5714 5715 5716
f 5717 5718 5719
f 5720 5721 5722
f 5723 5724 5725
f 5726 5727 5728 5729 5730 5731 5732
f 5733 5734 5735
f 5736 5737 5738
f 5739 5740 5741
f 5742 5743 5744
f 5745 5746 5747
f 5748 5749 5750
f 5751 5752 5753
f 5754 5755 5756 5757 5758 5759 5760
usemtl trunk
f 5761 5762 5763 5764
f 5765 5766 5767 5768
f 5769 5770 5771 5772
f 5773 5774 5775 5776
f 5777 5778 5779 5780
f 5781 5782 5783 5784
usemtl pine
f 5785 5786 5787
f 5788 5789 5790
f 5791 5792 5793
f 5794 5795 5796
f 5797 5798 5799
f 5800 5801 5802
f 5803 5804 5805
f 5806 5807 5808 5809 5810 5811 5812
f 5813 5814 5815
f 5816 5817 5818
f 5819 5820 5821
f 5822 5823 5824
f 5825 5826 5827
f 5828 5829 5830
f 5831 5832 5833
f 5834 5835 5836 5837 5838 5839 5840
usemtl trunk
f 5841 5842 5843 5844
f 5845 5846 5847 5848
f 5849 5850 5851 5852
f 5853 5854 5855 5856
f 5857 5858 5859 5860
f 5861 5862 5863 5864
usemtl pine
f 5865 5866 5867
f 5868 5869 5870
f 5871 5872 5873
f 5874 5875 5876
f 5877 5878 5879
f 5880 5881 5882
f 5883 5884 5885
f 5886 5887 5888 5889 5890 5891 5892
f 5893 5894 5895
f 5896 5897 5898
f 5899 5900 5901
f 5902 5903 5904
f 5905 5906 5907
f 5908 5909 5910
f 5911 5912 5913
f 5914 5915 5916 5917 5918 5919 5920
usemtl trunk
f 5921 5922 5923 5924
f 5925 5926 5927 5928
f 5929 5930 5931 5932
f 5933 5934 5935 5936
f 5937 5938 5939 5940
f 5941 5942 5943 5944
usemtl pine
f 5945 5946 5947
f 5948 5949 5950
f 5951 5952 5953
f 5954 5955 5956
f 5957 5958 5959
f 5960 5961 5962
f 5963 5964 5965
f 5966 5967 5968 5969 5970 5971 5972
f 5973 5974 5975
f 5976 5977 5978
f 5979 5980 5981
f 5982 5983 5984
f 5985 5986 5987
f 5988 5989 5990
f 5991 5992 5993
f 5994 5995 5996 5997 5998 5999 6000
usemtl trunk
f 6001 6002 6003 6004
f 6005 6006 6007 6008
f 6009 6010 6011 6012
f 6013 6014 6015 6016
f 6017 6018 6019 6020
f 6021 6022 6023 6024
usemtl pine
f 6025 6026 6027
f 6028 6029 6030
f 6031 6032 6033
f 6034 6035 6036
f 6037 6038 6039
f 6040 6041 6042
f 6043 6044 6045
f 6046 6047 6048 6049 6050 6051 6052
f 6053 6054 6055
f 6056 6057 6058
f 6059 6060 6061
f 6062 6063 6064
f 6065 6066 6067
f 6068 6069 6070
f 6071 6072 6073
f 6074 6075 6076 6077 6078 6079 6080
usemtl trunk
f 6081 6082 6083 6084
f 6085 6086 6087 6088
f 6089 6090 6091 6092
f 6093 6094 6095 6096
f 6097 6098 6099 6100
f 6101 6102 6103 6104
usemtl pine
f 6105 6106 6107
f 6108 6109 6110
f 6111 6112 6113
f 6114 6115 6116
f 6117 6118 6119
f 6120 6121 6122
f 6123 6124 6125
f 6126 6127 6128 6129 6130 6131 6132
f 6133 6134 6135
f 6136 6137 6138
f 6139 6140 6141
f 6142 6143 6144
f 6145 6146 6147
f 6148 6149 6150
f 6151 6152 6153
f 6154 6155 6156 6157 6158 6159 6160
usemtl trunk
f 6161 6162 6163 6164
f 6165 6166 6167 6168
f 6169 6170 6171 6172
f 6173 6174 6175 6176
f 6177 6178 6179 6180
f 6181 6182 6183 6184
usemtl pine
f 6185 6186 6187
f 6188 6189 6190
f 6191 6192 6193
f 6194 6195 6196
f 6197 6198 6199
f 6200 6201 6202
f 6203 6204 6205
f 6206 6207 6208 6209 6210 6211 6212
f 6213 6214 6215
f 6216 6217 6218
f 6219 6220 6221
f 6222 6223 6224
f 6225 6226 6227
f 6228 6229 6230
f 6231 6232 6233
f 6234 6235 6236 6237 6238 6239 6240
usemtl trunk
f 6241 6242 6243 6244
f 6245 6246 6247 6248
f 6249 6250 6251 6252
f 6253 6254 6255 6256
f 6257 6258 6259 6260
f 6261 6262 6263 6264
usemtl pine
f 6265 6266 6267
f 6268 6269 6270
f 6271 6272 6273
f 6274 6275 6276
f 6277 6278 6279
f 6280 6281 6282
f 6283 6284 6285
f 6286 6287 6288 6289 6290 6291 6292
f 6293 6294 6295
f 6296 6297 6298
f 6299 6300 6301
f 6302 6303 6304
f 6305 6306 6307
f 6308 6309 6310
f 6311 6312 6313
f 6314 6315 6316 6317 6318 6319 6320
usemtl trunk
f 6321 6322 6323 6324
f 6325 6326 6327 6328
f 6329 6330 6331 6332
f 6333 6334 6335 6336
f 6337 6338 6339 6340
f 6341 6342 6343 6344
usemtl pine
f 6345 6346 6347
f 6348 6349 6350
f 6351 6352 6353
f 6354 6355 6356
f 6357 6358 6359
f 6360 6361 6362
f 6363 6364 6365
f 6366 6367 6368 6369 6370 6371 6372
f 6373 6374 6375
f 6376 6377 6378
f 6379 6380 6381
f 6382 6383 6384
f 6385 6386 6387
f 6388 6389 6390
f 6391 6392 6393
f 6394 6395 6396 6397 6398 6399 6400
usemtl trunk
f 6401 6402 6403 6404
f 6405 6406 6407 6408
f 6409 6410 6411 6412
f 6413 6414 6415 6416
f 6417 6418 6419 6420
f 6421 6422 6423 6424
usemtl pine
f 6425 6426 6427
f 6428 6429 6430
f 6431 6432 6433
f 6434 6435 6436
f 6437 6438 6439
f 6440 6441 6442
f 6443 6444 6445
f 6446 6447 6448 6449 6450 6451 6452
f 6453 6454 6455
f 6456 6457 6458
f 6459 6460 6461
f 6462 6463 6464
f 6465 6466 6467
f 6468 6469 6470
f 6471 6472 6473
f 6474 6475 6476 6477 6478 6479 6480
usemtl trunk
f 6481 6482 6483 6484
f 6485 6486 6487 6488
f 6489 6490 6491 6492
f 6493 6494 6495 6496
f 6497 6498 6499 6500
f 6501 6502 6503 6504
usemtl pine
f 6505 6506 6507
f 6508 6509 6510
f 6511 6512 6513
f 6514 6515 6516
f 6517 6518 6519
f 6520 6521 6522
f 6523 6524 6525
f 6526 6527 6528 6529 6530 6531 6532
f 6533 6534 6535
f 6536 6537 6538
f 6539 6540 6541
f 6542 6543 6544
f 6545 6546 6547
f 6548 6549 6550
f 6551 6552 6553
f 6554 6555 6556 6557 6558 6559 6560
usemtl trunk
f 6561 6562 6563 6564
f 6565 6566 6567 6568
f 6569 6570 6571 6572
f 6573 6574 6575 6576
f 6577 6578 6579 6580
f 6581 6582 6583 6584
usemtl pine
f 6585 6586 6587
f 6588 6589 6590
f 6591 6592 6593
f 6594 6595 6596
f 6597 6598 6599
f 6600 6601 6602
f 6603 6604 6605
f 6606 6607 6608 6609 6610 6611 6612
f 6613 6614 6615
f 6616 6617 6618
f 6619 6620 6621
f 6622 6623 6624
f 6625 6626 6627
f 6628 6629 6630
f 6631 6632 6633
f 6634 6635 6636 6637 6638 6639 6640
usemtl trunk
f 6641 6642 6643 6644
f 6645 6646 6647 6648
f 6649 6650 6651 6652
f 6653 6654 6655 6656
f 6657 6658 6659 6660
f 6661 6662 6663 6664
usemtl pine
f 6665 6666 6667
f 6668 6669 6670
f 6671 6672 6673
f 6674 6675 6676
f 6677 6678 6679
f 6680 6681 6682
f 6683 6684 6685
f 6686 6687 6688 6689 6690 6691 6692
f 6693 6694 6695
f 6696 6697 6698
f 6699 6700 6701
f 6702 6703 6704
f 6705 6706 6707
f 6708 6709 6710
f 6711 6712 6713
f 6714 6715 6716 6717 6718 6719 6720
usemtl trunk
f 6721 6722 6723 6724
f 6725 6726 6727 6728
f 6729 6730 6731 6732
f 6733 6734 6735 6736
f 6737 6738 6739 6740
f 6741 6742 6743 6744
usemtl pine
f 6745 6746 6747
f 6748 6749 6750
f 6751 6752 6753
f 6754 6755 6756
f 6757 6758 6759
f 6760 6761 6762
f 6763 6764 6765
f 6766 6767 6768 6769 6770 6771 6772
f 6773 6774 6775
f 6776 6777 6778
f 6779 6780 6781
f 6782 6783 6784
f 6785 6786 6787
f 6788 6789 6790
f 6791 6792 6793
f 6794 6795 6796 6797 6798 6799 6800
usemtl trunk
f 6801 6802 6803 6804
f 6805 6806 6807 6808
f 6809 6810 6811 6812
f 6813 6814 6815 6816
f 6817 6818 6819 6820
f 6821 6822 6823 6824
usemtl pine
f 6825 6826 6827
f 6828 6829 6830
f 6831 6832 6833
f 6834 6835 6836
f 6837 6838 6839
f 6840 6841 6842
f 6843 6844 6845
f 6846 6847 6848 6849 6850 6851 6852
f 6853 6854 6855
f 6856 6857 6858
f 6859 6860 6861
f 6862 6863 6864
f 6865 6866 6867
f 6868 6869 6870
f 6871 6872 6873
f 6874 6875 6876 6877 6878 6879 6880
usemtl trunk
f 6881 6882 6883 6884
f 6885 6886 6887 6888
f 6889 6890 6891 6892
f 6893 6894 6895 6896
f 6897 6898 6899 6900
f 6901 6902 6903 6904
usemtl pine
f 6905 6906 6907
f 6908 6909 6910
f 6911 6912 6913
f 6914 6915 6916
f 6917 6918 6919
f 6920 6921 6922
f 6923 6924 6925
f 6926 6927 6928 6929 6930 6931 6932
f 6933 6934 6935
f 6936 6937 6938
f 6939 6940 6941
f 6942 6943 6944
f 6945 6946 6947
f 6948 6949 6950
f 6951 6952 6953
f 6954 6955 6956 6957 6958 6959 6960
usemtl trunk
f 6961 6962 6963 6964
f 6965 6966 6967 6968
f 6969 6970 6971 6972
f 6973 6974 6975 6976
f 6977 6978 6979 6980
f 6981 6982 6983 6984
usemtl pine
f 6985 6986 6987
f 6988 6989 6990
f 6991 6992 6993
f 6994 6995 6996
f 6997 6998 6999
f 7000 7001 7002
f 7003 7004 7005
f 7006 7007 7008 7009 7010 7011 7012
f 7013 7014 7015
f 7016 7017 7018
f 7019 7020 7021
f 7022 7023 7024
f 7025 7026 7027
f 7028 7029 7030
f 7031 7032 7033
f 7034 7035 7036 7037 7038 7039 7040
usemtl trunk
f 7041 7042 7043 7044
f 7045 7046 7047 7048
f 7049 7050 7051 7052
f 7053 7054 7055 7056
f 7057 7058 7059 7060
f 7061 7062 7063 7064
usemtl pine
f 7065 7066 7067
f 7068 7069 7070
f 7071 7072 7073
f 7074 7075 7076
f 7077 7078 7079
f 7080 7081 7082
f 7083 7084 7085
f 7086 7087 7088 7089 7090 7091 7092
f 7093 7094 7095
f 7096 7097 7098
f 7099 7100 7101
f 7102 7103 7104
f 7105 7106 7107
f 7108 7109 7110
f 7111 7112 7113
f 7114 7115 7116 7117 7118 7119 7120
usemtl trunk
f 7121 7122 7123 7124
f 7125 7126 7127 7128
f 7129 7130 7131 7132
f 7133 7134 7135 7136
f 7137 7138 7139 7140
f 7141 7142 7143 7144
usemtl pine
f 7145 7146 7147
f 7148 7149 7150
f 7151 7152 7153
f 7154 7155 7156
f 7157 7158 7159
f 7160 7161 7162
f 7163 7164 7165
f 7166 7167 7168 7169 7170 7171 7172
f 7173 7174 7175
f 7176 7177 7178
f 7179 7180 7181
f 7182 7183 7184
f 7185 7186 7187
f 7188 7189 7190
f 7191 7192 7193
f 7194 7195 7196 7197 7198 7199 7200
usemtl trunk
f 7201 7202 7203 7204
f 7205 7206 7207 7208
f 7209 7210 7211 7212
f 7213 7214 7215 7216
f 7217 7218 7219 7220
f 7221 7222 7223 7224
usemtl pine
f 7225 7226 7227
f 7228 7229 7230
f 7231 7232 7233
f 7234 7235 7236
f 7237 7238 7239
f 7240 7241 7242
f 7243 7244 7245
f 7246 7247 7248 7249 7250 7251 7252
f 7253 7254 7255
f 7256 7257 7258
f 7259 7260 7261
f 7262 7263 7264
f 7265 7266 7267
f 7268 7269 7270
f 7271 7272 7273
f 7274 7275 7276 7277 7278 7279 7280
usemtl trunk
f 7281 7282 7283 7284
f 7285 7286 7287 7288
f 7289 7290 7291 7292
f 7293 7294 7295 7296
f 7297 7298 7299 7300
f 7301 7302 7303 7304
usemtl pine
f 7305 7306 7307
f 7308 7309 7310
f 7311 7312 7313
f 7314 7315 7316
f 7317 7318 7319
f 7320 7321 7322
f 7323 7324 7325
f 7326 7327 7328 7329 7330 7331 7332
f 7333 7334 7335
f 7336 7337 7338
f 7339 7340 7341
f 7342 7343 7344
f 7345 7346 7347
f 7348 7349 7350
f 7351 7352 7353
f 7354 7355 7356 7357 7358 7359 7360
usemtl trunk
f 7361 7362 7363 7364
f 7365 7366 7367 7368
f 7369 7370 7371 7372
f 7373 7374 7375 7376
f 7377 7378 7379 7380
f 7381 7382 7383 7384
usemtl pine
f 7385 7386 7387
f 7388 7389 7390
f 7391 7392 7393
f 7394 7395 7396
f 7397 7398 7399
f 7400 7401 7402
f 7403 7404 7405
f 7406 7407 7408 7409 7410 7411 7412
f 7413 7414 7415
f 7416 7417 7418
f 7419 7420 7421
f 7422 7423 7424
f 7425 7426 7427
f 7428 7429 7430
f 7431 7432 7433
f 7434 7435 7436 7437 7438 7439 7440
usemtl trunk
f 7441 7442 7443 7444
f 7445 7446 7447 7448
f 7449 7450 7451 7452
f 7453 7454 7455 7456
f 7457 7458 7459 7460
f 7461 7462 7463 7464
usemtl pine
f 7465 7466 7467
f 7468 7469 7470
f 7471 7472 7473
f 7474 7475 7476
f 7477 7478 7479
f 7480 7481 7482
f 7483 7484 7485
f 7486 7487 7488 7489 7490 7491 7492
f 7493 7494 7495
f 7496 7497 7498
f 7499 7500 7501
f 7502 7503 7504
f 7505 7506 7507
f 7508 7509 7510
f 7511 7512 7513
f 7514 7515 7516 7517 7518 7519 7520
usemtl trunk
f 7521 7522 7523 7524
f 7525 7526 7527 7528
f 7529 7530 7531 7532
f 7533 7534 7535 7536
f 7537 7538 7539 7540
f 7541 7542 7543 7544
usemtl pine
f 7545 7546 7547
f 7548 7549 7550
f 7551 7552 7553
f 7554 7555 7556
f 7557 7558 7559
f 7560 7561 7562
f 7563 7564 7565
f 7566 7567 7568 7569 7570 7571 7572
f 7573 7574 7575
f 7576 7577 7578
f 7579 7580 7581
f 7582 7583 7584
f 7585 7586 7587
f 7588 7589 7590
f 7591 7592 7593
f 7594 7595 7596 7597 7598 7599 7600
usemtl trunk
f 7601 7602 7603 7604
f 7605 7606 7607 7608
f 7609 7610 7611 7612
f 7613 7614 7615 7616
f 7617 7618 7619 7620
f 7621 7622 7623 7624
usemtl pine
f 7625 7626 7627
f 7628 7629 7630
f 7631 7632 7633
f 7634 7635 7636
f 7637 7638 7639
f 7640 7641 7642
f 7643 7644 7645
f 7646 7647 7648 7649 7650 7651 7652
f 7653 7654 7655
f 7656 7657 7658
f 7659 7660 7661
f 7662 7663 7664
f 7665 7666 7667
f 7668 7669 7670
f 7671 7672 7673
f 7674 7675 7676 7677 7678 7679 7680
usemtl trunk
f 7681 7682 7683 7684
f 7685 7686 7687 7688
f 7689 7690 7691 7692
f 7693 7694 7695 7696
f 7697 7698 7699 7700
f 7701 7702 7703 7704
usemtl pine
f 7705 7706 7707
f 7708 7709 7710
f 7711 7712 7713
f 7714 7715 7716
f 7717 7718 7719
f 7720 7721 7722
f 7723 7724 7725
f 7726 7727 7728 7729 7730 7731 7732
f 7733 7734 7735
f 7736 7737 7738
f 7739 7740 7741
f 7742 7743 7744
f 7745 7746 7747
f 7748 7749 7750
f 7751 7752 7753
f 7754 7755 7756 7757 7758 7759 7760
usemtl trunk
f 7761 7762 7763 7764
f 7765 7766 7767 7768
f 7769 7770 7771 7772
f 7773 7774 7775 7776
f 7777 7778 7779 7780
f 7781 7782 7783 7784
usemtl pine
f 7785 7786 7787
f 7788 7789 7790
f 7791 7792 7793
f 7794 7795 7796
f 7797 7798 7799
f 7800 7801 7802
f 7803 7804 7805
f 7806 7807 7808 7809 7810 7811 7812
f 7813 7814 7815
f 7816 7817 7818
f 7819 7820 7821
f 7822 7823 7824
f 7825 7826 7827
f 7828 7829 7830
f 7831 7832 7833
f 7834 7835 7836 7837 7838 7839 7840
usemtl trunk
f 7841 7842 7843 7844
f 7845 7846 7847 7848
f 7849 7850 7851 7852
f 7853 7854 7855 7856
f 7857 7858 7859 7860
f 7861 7862 7863 7864
usemtl pine
f 7865 7866 7867
f 7868 7869 7870
f 7871 7872 7873
f 7874 7875 7876
f 7877 7878 7879
f 7880 7881 7882
f 7883 7884 7885
f 7886 7887 7888 7889 7890 7891 7892
f 7893 7894 7895
f 7896 7897 7898
f 7899 7900 7901
f 7902 7903 7904
f 7905 7906 7907
f 7908 7909 7910
f 7911 7912 7913
f 7914 7915 7916 7917 7918 7919 7920
usemtl trunk
f 7921 7922 7923 7924
f 7925 7926 7927 7928
f 7929 7930 7931 7932
f 7933 7934 7935 7936
f 7937 7938 7939 7940
f 7941 7942 7943 7944
usemtl pine
f 7945 7946 7947
f 7948 7949 7950
f 7951 7952 7953
f 7954 7955 7956
f 7957 7958 7959
f 7960 7961 7962
f 7963 7964 7965
f 7966 7967 7968 7969 7970 7971 7972
f 7973 7974 7975
f 7976 7977 7978
f 7979 7980 7981
f 7982 7983 7984
f 7985 7986 7987
f 7988 7989 7990
f 7991 7992 7993
f 7994 7995 7996 7997 7998 7999 8000
usemtl trunk
f 8001 8002 8003 8004
f 8005 8006 8007 8008
f 8009 8010 8011 8012
f 8013 8014 8015 8016
f 8017 8018 8019 8020
f 8021 8022 8023 8024
usemtl pine
f 8025 8026 8027
f 8028 8029 8030
f 8031 8032 8033
f 8034 8035 8036
f 8037 8038 8039
f 8040 8041 8042
f 8043 8044 8045
f 8046 8047 8048 8049 8050 8051 8052
f 8053 8054 8055
f 8056 8057 8058
f 8059 8060 8061
f 8062 8063 8064
f 8065 8066 8067
f 8068 8069 8070
f 8071 8072 8073
f 8074 8075 8076 8077 8078 8079 8080
usemtl trunk
f 8081 8082 8083 8084
f 8085 8086 8087 8088
f 8089 8090 8091 8092
f 8093 8094 8095 8096
f 8097 8098 8099 8100
f 8101 8102 8103 8104
usemtl pine
f 8105 8106 8107
f 8108 8109 8110
f 8111 8112 8113
f 8114 8115 8116
f 8117 8118 8119
f 8120 8121 8122
f 8123 8124 8125
f 8126 8127 8128 8129 8130 8131 8132
f 8133 8134 8135
f 8136 8137 8138
f 8139 8140 8141
f 8142 8143 8144
f 8145 8146 8147
f 8148 8149 8150
f 8151 8152 8153
f 8154 8155 8156 8157 8158 8159 8160
usemtl trunk
f 8161 8162 8163 8164
f 8165 8166 8167 8168
f 8169 8170 8171 8172
f 8173 8174 8175 8176
f 8177 8178 8179 8180
f 8181 8182 8183 8184
usemtl pine
f 8185 8186 8187
f 8188 8189 8190
f 8191 8192 8193
f 8194 8195 8196
f 8197 8198 8199
f 8200 8201 8202
f 8203 8204 8205
f 8206 8207 8208 8209 8210 8211 8212
f 8213 8214 8215
f 8216 8217 8218
f 8219 8220 8221
f 8222 8223 8224
f 8225 8226 8227
f 8228 8229 8230
f 8231 8232 8233
f 8234 8235 8236 8237 8238 8239 8240
usemtl trunk
f 8241 8242 8243 8244
f 8245 8246 8247 8248
f 8249 8250 8251 8252
f 8253 8254 8255 8256
f 8257 8258 8259 8260
f 8261 8262 8263 8264
usemtl pine
f 8265 8266 8267
f 8268 8269 8270
f 8271 8272 8273
f 8274 8275 8276
f 8277 8278 8279
f 8280 8281 8282
f 8283 8284 8285
f 8286 8287 8288 8289 8290 8291 8292
f 8293 8294 8295
f 8296 8297 8298
f 8299 8300 8301
f 8302 8303 8304
f 8305 8306 8307
f 8308 8309 8310
f 8311 8312 8313
f 8314 8315 8316 8317 8318 8319 8320
usemtl trunk
f 8321 8322 8323 8324
f 8325 8326 8327 8328
f 8329 8330 8331 8332
f 8333 8334 8335 8336
f 8337 8338 8339 8340
f 8341 8342 8343 8344
usemtl pine
f 8345 8346 8347
f 8348 8349 8350
f 8351 8352 8353
f 8354 8355 8356
f 8357 8358 8359
f 8360 8361 8362
f 8363 8364 8365
f 8366 8367 8368 8369 8370 8371 8372
f 8373 8374 8375
f 8376 8377 8378
f 8379 8380 8381
f 8382 8383 8384
f 8385 8386 8387
f 8388 8389 8390
f 8391 8392 8393
f 8394 8395 8396 8397 8398 8399 8400
usemtl trunk
f 8401 8402 8403 8404
f 8405 8406 8407 8408
f 8409 8410 8411 8412
f 8413 8414 8415 8416
f 8417 8418 8419 8420
f 8421 8422 8423 8424
usemtl pine
f 8425 8426 8427
f 8428 8429 8430
f 8431 8432 8433
f 8434 8435 8436
f 8437 8438 8439
f 8440 8441 8442
f 8443 8444 8445
f 8446 8447 8448 8449 8450 8451 8452
f 8453 8454 8455
f 8456 8457 8458
f 8459 8460 8461
f 8462 8463 8464
f 8465 8466 8467
f 8468 8469 8470
f 8471 8472 8473
f 8474 8475 8476 8477 8478 8479 8480
usemtl trunk
f 8481 8482 8483 8484
f 8485 8486 8487 8488
f 8489 8490 8491 8492
f 8493 8494 8495 8496
f 8497 8498 8499 8500
f 8501 8502 8503 8504
usemtl pine
f 8505 8506 8507
f 8508 8509 8510
f 8511 8512 8513
f 8514 8515 8516
f 8517 8518 8519
f 8520 8521 8522
f 8523 8524 8525
f 8526 8527 8528 8529 8530 8531 8532
f 8533 8534 8535
f 8536 8537 8538
f 8539 8540 8541
f 8542 8543 8544
f 8545 8546 8547
f 8548 8549 8550
f 8551 8552 8553
f 8554 8555 8556 8557 8558 8559 8560
usemtl trunk
f 8561 8562 8563 8564
f 8565 8566 8567 8568
f 8569 8570 8571 8572
f 8573 8574 8575 8576
f 8577 8578 8579 8580
f 8581 8582 8583 8584
usemtl pine
f 8585 8586 8587
f 8588 8589 8590
f 8591 8592 8593
f 8594 8595 8596
f 8597 8598 8599
f 8600 8601 8602
f 8603 8604 8605
f 8606 8607 8608 8609 8610 8611 8612
f 8613 8614 8615
f 8616 8617 8618
f 8619 8620 8621
f 8622 8623 8624
f 8625 8626 8627
f 8628 8629 8630
f 8631 8632 8633
f 8634 8635 8636 8637 8638 8639 8640
usemtl trunk
f 8641 8642 8643 8644
f 8645 8646 8647 8648
f 8649 8650 8651 8652
f 8653 8654 8655 8656
f 8657 8658 8659 8660
f 8661 8662 8663 8664
usemtl pine
f 8665 8666 8667
f 8668 8669 8670
f 8671 8672 8673
f 8674 8675 8676
f 8677 8678 8679
f 8680 8681 8682
f 8683 8684 8685
f 8686 8687 8688 8689 8690 8691 8692
f 8693 8694 8695
f 8696 8697 8698
f 8699 8700 8701
f 8702 8703 8704
f 8705 8706 8707
f 8708 8709 8710
f 8711 8712 8713
f 8714 8715 8716 8717 8718 8719 8720
usemtl trunk
f 8721 8722 8723 8724
f 8725 8726 8727 8728
f 8729 8730 8731 8732
f 8733 8734 8735 8736
f 8737 8738 8739 8740
f 8741 8742 8743 8744
usemtl pine
f 8745 8746 8747
f 8748 8749 8750
f 8751 8752 8753
f 8754 8755 8756
f 8757 8758 8759
f 8760 8761 8762
f 8763 8764 8765
f 8766 8767 8768 8769 8770 8771 8772
f 8773 8774 8775
f 8776 8777 8778
f 8779 8780 8781
f 8782 8783 8784
f 8785 8786 8787
f 8788 8789 8790
f 8791 8792 8793
f 8794 8795 8796 8797 8798 8799 8800
usemtl trunk
f 8801 8802 8803 8804
f 8805 8806 8807 8808
f 8809 8810 8811 8812
f 8813 8814 8815 8816
f 8817 8818 8819 8820
f 8821 8822 8823 8824
usemtl pine
f 8825 8826 8827
f 8828 8829 8830
f 8831 8832 8833
f 8834 8835 8836
f 8837 8838 8839
f 8840 8841 8842
f 8843 8844 8845
f 8846 8847 8848 8849 8850 8851 8852
f 8853 8854 8855
f 8856 8857 8858
f 8859 8860 8861
f 8862 8863 8864
f 8865 8866 8867
f 8868 8869 8870
f 8871 8872 8873
f 8874 8875 8876 8877 8878 8879 8880
usemtl trunk
f 8881 8882 8883 8884
f 8885 8886 8887 8888
f 8889 8890 8891 8892
f 8893 8894 8895 8896
f 8897 8898 8899 8900
f 8901 8902 8903 8904
usemtl pine
f 8905 8906 8907
f 8908 8909 8910
f 8911 8912 8913
f 8914 8915 8916
f 8917 8918 8919
f 8920 8921 8922
f 8923 8924 8925
f 8926 8927 8928 8929 8930 8931 8932
f 8933 8934 8935
f 8936 8937 8938
f 8939 8940 8941
f 8942 8943 8944
f 8945 8946 8947
f 8948 8949 8950
f 8951 8952 8953
f 8954 8955 8956 8957 8958 8959 8960
usemtl trunk
f 8961 8962 8963 8964
f 8965 8966 8967 8968
f 8969 8970 8971 8972
f 8973 8974 8975 8976
f 8977 8978 8979 8980
f 8981 8982 8983 8984
usemtl pine
f 8985 8986 8987
f 8988 8989 8990
f 8991 8992 8993
f 8994 8995 8996
f 8997 8998 8999
f 9000 9001 9002
f 9003 9004 9005
f 9006 9007 9008 9009 9010 9011 9012
f 9013 9014 9015
f 9016 9017 9018
f 9019 9020 9021
f 9022 9023 9024
f 9025 9026 9027
f 9028 9029 9030
f 9031 9032 9033
f 9034 9035 9036 9037 9038 9039 9040
usemtl trunk
f 9041 9042 9043 9044
f 9045 9046 9047 9048
f 9049 9050 9051 9052
f 9053 9054 9055 9056
f 9057 9058 9059 9060
f 9061 9062 9063 9064
usemtl pine
f 9065 9066 9067
f 9068 9069 9070
f 9071 9072 9073
f 9074 9075 9076
f 9077 9078 9079
f 9080 9081 9082
f 9083 9084 9085
f 9086 9087 9088 9089 9090 9091 9092
f 9093 9094 9095
f 9096 9097 9098
f 9099 9100 9101
f 9102 9103 9104
f 9105 9106 9107
f 9108 9109 9110
f 9111 9112 9113
f 9114 9115 9116 9117 9118 9119 9120
usemtl trunk
f 9121 9122 9123 9124
f 9125 9126 9127 9128
f 9129 9130 9131 9132
f 9133 9134 9135 9136
f 9137 9138 9139 9140
f 9141 9142 9143 9144
usemtl pine
f 9145 9146 9147
f 9148 9149 9150
f 9151 9152 9153
f 9154 9155 9156
f 9157 9158 9159
f 9160 9161 9162
f 9163 9164 9165
f 9166 9167 9168 9169 9170 9171 9172
f 9173 9174 9175
f 9176 9177 9178
f 9179 9180 9181
f 9182 9183 9184
f 9185 9186 9187
f 9188 9189 9190
f 9191 9192 9193
f 9194 9195 9196 9197 9198 9199 9200
usemtl trunk
f 9201 9202 9203 9204
f 9205 9206 9207 9208
f 9209 9210 9211 9212
f 9213 9214 9215 9216
f 9217 9218 9219 9220
f 9221 9222 9223 9224
usemtl pine
f 9225 9226 9227
f 9228 9229 9230
f 9231 9232 9233
f 9234 9235 9236
f 9237 9238 9239
f 9240 9241 9242
f 9243 9244 9245
f 9246 9247 9248 9249 9250 9251 9252
f 9253 9254 9255
f 9256 9257 9258
f 9259 9260 9261
f 9262 9263 9264
f 9265 9266 9267
f 9268 9269 9270
f 9271 9272 9273
f 9274 9275 9276 9277 9278 9279 9280
usemtl trunk
f 9281 9282 9283 9284
f 9285 9286 9287 9288
f 9289 9290 9291 9292
f 9293 9294 9295 9296
f 9297 9298 9299 9300
f 9301 9302 9303 9304
usemtl pine
f 9305 9306 9307
f 9308 9309 9310
f 9311 9312 9313
f 9314 9315 9316
f 9317 9318 9319
f 9320 9321 9322
f 9323 9324 9325
f 9326 9327 9328 9329 9330 9331 9332
f 9333 9334 9335
f 9336 9337 9338
f 9339 9340 9341
f 9342 9343 9344
f 9345 9346 9347
f 9348 9349 9350
f 9351 9352 9353
f 9354 9355 9356 9357 9358 9359 9360
usemtl trunk
f 9361 9362 9363 9364
f 9365 9366 9367 9368
f 9369 9370 9371 9372
f 9373 9374 9375 9376
f 9377 9378 9379 9380
f 9381 9382 9383 9384
usemtl pine
f 9385 9386 9387
f 9388 9389 9390
f 9391 9392 9393
f 9394 9395 9396
f 9397 9398 9399
f 9400 9401 9402
f 9403 9404 9405
f 9406 9407 9408 9409 9410 9411 9412
f 9413 9414 9415
f 9416 9417 9418
f 9419 9420 9421
f 9422 9423 9424
f 9425 9426 9427
f 9428 9429 9430
f 9431 9432 9433
f 9434 9435 9436 9437 9438 9439 9440
usemtl trunk
f 9441 9442 9443 9444
f 9445 9446 9447 9448
f 9449 9450 9451 9452
f 9453 9454 9455 9456
f 9457 9458 9459 9460
f 9461 9462 9463 9464
usemtl pine
f 9465 9466 9467
f 9468 9469 9470
f 9471 9472 9473
f 9474 9475 9476
f 9477 9478 9479
f 9480 9481 9482
f 9483 9484 9485
f 9486 9487 9488 9489 9490 9491 9492
f 9493 9494 9495
f 9496 9497 9498
f 9499 9500 9501
f 9502 9503 9504
f 9505 9506 9507
f 9508 9509 9510
f 9511 9512 9513
f 9514 9515 9516 9517 9518 9519 9520
usemtl trunk
f 9521 9522 9523 9524
f 9525 9526 9527 9528
f 9529 9530 9531 9532
f 9533 9534 9535 9536
f 9537 9538 9539 9540
f 9541 9542 9543 9544
usemtl pine
f 9545 9546 9547
f 9548 9549 9550
f 9551 9552 9553
f 9554 9555 9556
f 9557 9558 9559
f 9560 9561 9562
f 9563 9564 9565
f 9566 9567 9568 9569 9570 9571 9572
f 9573 9574 9575
f 9576 9577 9578
f 9579 9580 9581
f 9582 9583 9584
f 9585 9586 9587
f 9588 9589 9590
f 9591 9592 9593
f 9594 9595 9596 9597 9598 9599 9600
usemtl trunk
f 9601 9602 9603 9604
f 9605 9606 9607 9608
f 9609 9610 9611 9612
f 9613 9614 9615 9616
f 9617 9618 9619 9620
f 9621 9622 9623 9624
usemtl pine
f 9625 9626 9627
f 9628 9629 9630
f 9631 9632 9633
f 9634 9635 9636
f 9637 9638 9639
f 9640 9641 9642
f 9643 9644 9645
f 9646 9647 9648 9649 9650 9651 9652
f 9653 9654 9655
f 9656 9657 9658
f 9659 9660 9661
f 9662 9663 9664
f 9665 9666 9667
f 9668 9669 9670
f 9671 9672 9673
f 9674 9675 9676 9677 9678 9679 9680
usemtl trunk
f 9681 9682 9683 9684
f 9685 9686 9687 9688
f 9689 9690 9691 9692
f 9693 9694 9695 9696
f 9697 9698 9699 9700
f 9701 9702 9703 9704
usemtl pine
f 9705 9706 9707
f 9708 9709 9710
f 9711 9712 9713
f 9714 9715 9716
f 9717 9718 9719
f 9720 9721 9722
f 9723 9724 9725
f 9726 9727 9728 9729 9730 9731 9732
f 9733 9734 9735
f 9736 9737 9738
f 9739 9740 9741
f 9742 9743 9744
f 9745 9746 9747
f 9748 9749 9750
f 9751 9752 9753
f 9754 9755 9756 9757 9758 9759 9760
usemtl trunk
f 9761 9762 9763 9764
f 9765 9766 9767 9768
f 9769 9770 9771 9772
f 9773 9774 9775 9776
f 9777 9778 9779 9780
f 9781 9782 9783 9784
usemtl pine
f 9785 9786 9787
f 9788 9789 9790
f 9791 9792 9793
f 9794 9795 9796
f 9797 9798 9799
f 9800 9801 9802
f 9803 9804 9805
f 9806 9807 9808 9809 9810 9811 9812
f 9813 9814 9815
f 9816 9817 9818
f 9819 9820 9821
f 9822 9823 9824
f 9825 9826 9827
f 9828 9829 9830
f 9831 9832 9833
f 9834 9835 9836 9837 9838 9839 9840
usemtl trunk
f 9841 9842 9843 9844
f 9845 9846 9847 9848
f 9849 9850 9851 9852
f 9853 9854 9855 9856
f 9857 9858 9859 9860
f 9861 9862 9863 9864
usemtl pine
f 9865 9866 9867
f 9868 9869 9870
f 9871 9872 9873
f 9874 9875 9876
f 9877 9878 9879
f 9880 9881 9882
f 9883 9884 9885
f 9886 9887 9888 9889 9890 9891 9892
f 9893 9894 9895
f 9896 9897 9898
f 9899 9900 9901
f 9902 9903 9904
f 9905 9906 9907
f 9908 9909 9910
f 9911 9912 9913
f 9914 9915 9916 9917 9918 9919 9920
usemtl trunk
f 9921 9922 9923 9924
f 9925 9926 9927 9928
f 9929 9930 9931 9932
f 9933 9934 9935 9936
f 9937 9938 9939 9940
f 9941 9942 9943 9944
usemtl pine
f 9945 9946 9947
f 9948 9949 9950
f 9951 9952 9953
f 9954 9955 9956
f 9957 9958 9959
f 9960 9961 9962
f 9963 9964 9965
f 9966 9967 9968 9969 9970 9971 9972
f 9973 9974 9975
f 9976 9977 9978
f 9979 9980 9981
f 9982 9983 9984
f 9985 9986 9987
f 9988 9989 9990
f 9991 9992 9993
f 9994 9995 9996 9997 9998 9999 10000
usemtl trunk
f 10001 10002 10003 10004
f 10005 10006 10007 10008
f 10009 10010 10011 10012
f 10013 10014 10015 10016
f 10017 10018 10019 10020
f 10021 10022 10023 10024
usemtl pine
f 10025 10026 10027
f 10028 10029 10030
f 10031 10032 10033
f 10034 10035 10036
f 10037 10038 10039
f 10040 10041 10042
f 10043 10044 10045
f 10046 10047 10048 10049 10050 10051 10052
f 10053 10054 10055
f 10056 10057 10058
f 10059 10060 10061
f 10062 10063 10064
f 10065 10066 10067
f 10068 10069 10070
f 10071 10072 10073
f 10074 10075 10076 10077 10078 10079 10080
usemtl trunk
f 10081 10082 10083 10084
f 10085 10086 10087 10088
f 10089 10090 10091 10092
f 10093 10094 10095 10096
f 10097 10098 10099 10100
f 10101 10102 10103 10104
usemtl pine
f 10105 10106 10107
f 10108 10109 10110
f 10111 10112 10113
f 10114 10115 10116
f 10117 10118 10119
f 10120 10121 10122
f 10123 10124 10125
f 10126 10127 10128 10129 10130 10131 10132
f 10133 10134 10135
f 10136 10137 10138
f 10139 10140 10141
f 10142 10143 10144
f 10145 10146 10147
f 10148 10149 10150
f 10151 10152 10153
f 10154 10155 10156 10157 10158 10159 10160
usemtl trunk
f 10161 10162 10163 10164
f 10165 10166 10167 10168
f 10169 10170 10171 10172
f 10173 10174 10175 10176
f 10177 10178 10179 10180
f 10181 10182 10183 10184
usemtl pine
f 10185 10186 10187
f 10188 10189 10190
f 10191 10192 10193
f 10194 10195 10196
f 10197 10198 10199
f 10200 10201 10202
f 10203 10204 10205
f 10206 10207 10208 10209 10210 10211 10212
f 10213 10214 10215
f 10216 10217 10218
f 10219 10220 10221
f 10222 10223 10224
f 10225 10226 10227
f 10228 10229 10230
f 10231 10232 10233
f 10234 10235 10236 10237 10238 10239 10240
usemtl trunk
f 10241 10242 10243 10244
f 10245 10246 10247 10248
f 10249 10250 10251 10252
f 10253 10254 10255 10256
f 10257 10258 10259 10260
f 10261 10262 10263 10264
usemtl pine
f 10265 10266 10267
f 10268 10269 10270
f 10271 10272 10273
f 10274 10275 10276
f 10277 10278 10279
f 10280 10281 10282
f 10283 10284 10285
f 10286 10287 10288 10289 10290 10291 10292
f 10293 10294 10295
f 10296 10297 10298
f 10299 10300 10301
f 10302 10303 10304
f 10305 10306 10307
f 10308 10309 10310
f 10311 10312 10313
f 10314 10315 10316 10317 10318 10319 10320
usemtl trunk
f 10321 10322 10323 10324
f 10325 10326 10327 10328
f 10329 10330 10331 10332
f 10333 10334 10335 10336
f 10337 10338 10339 10340
f 10341 10342 10343 10344
usemtl pine
f 10345 10346 10347
f 10348 10349 10350
f 10351 10352 10353
f 10354 10355 10356
f 10357 10358 10359
f 10360 10361 10362
f 10363 10364 10365
f 10366 10367 10368 10369 10370 10371 10372
f 10373 10374 10375
f 10376 10377 10378
f 10379 10380 10381
f 10382 10383 10384
f 10385 10386 10387
f 10388 10389 10390
f 10391 10392 10393
f 10394 10395 10396 10397 10398 10399 10400
usemtl trunk
f 10401 10402 10403 10404
f 10405 10406 10407 10408
f 10409 10410 10411 10412
f 10413 10414 10415 10416
f 10417 10418 10419 10420
f 10421 10422 10423 10424
usemtl pine
f 10425 10426 10427
f 10428 10429 10430
f 10431 10432 10433
f 10434 10435 10436
f 10437 10438 10439
f 10440 10441 10442
f 10443 10444 10445
f 10446 10447 10448 10449 10450 10451 10452
f 10453 10454 10455
f 10456 10457 10458
f 10459 10460 10461
f 10462 10463 10464
f 10465 10466 10467
f 10468 10469 10470
f 10471 10472 10473
f 10474 10475 10476 10477 10478 10479 10480
usemtl trunk
f 10481 10482 10483 10484
f 10485 10486 10487 10488
f 10489 10490 10491 10492
f 10493 10494 10495 10496
f 10497 10498 10499 10500
f 10501 10502 10503 10504
usemtl pine
f 10505 10506 10507
f 10508 10509 10510
f 10511 10512 10513
f 10514 10515 10516
f 10517 10518 10519
f 10520 10521 10522
f 10523 10524 10525
f 10526 10527 10528 10529 10530 10531 10532
f 10533 10534 10535
f 10536 10537 10538
f 10539 10540 10541
f 10542 10543 10544
f 10545 10546 10547
f 10548 10549 10550
f 10551 10552 10553
f 10554 10555 10556 10557 10558 10559 10560
usemtl trunk
f 10561 10562 10563 10564
f 10565 10566 10567 10568
f 10569 10570 10571 10572
f 10573 10574 10575 10576
f 10577 10578 10579 10580
f 10581 10582 10583 10584
usemtl pine
f 10585 10586 10587
f 10588 10589 10590
f 10591 10592 10593
f 10594 10595 10596
f 10597 10598 10599
f 10600 10601 10602
f 10603 10604 10605
f 10606 10607 10608 10609 10610 10611 10612
f 10613 10614 10615
f 10616 10617 10618
f 10619 10620 10621
f 10622 10623 10624
f 10625 10626 10627
f 10628 10629 10630
f 10631 10632 10633
f 10634 10635 10636 10637 10638 10639 10640
usemtl trunk
f 10641 10642 10643 10644
f 10645 10646 10647 10648
f 10649 10650 10651 10652
f 10653 10654 10655 10656
f 10657 10658 10659 10660
f 10661 10662 10663 10664
usemtl pine
f 10665 10666 10667
f 10668 10669 10670
f 10671 10672 10673
f 10674 10675 10676
f 10677 10678 10679
f 10680 10681 10682
f 10683 10684 10685
f 10686 10687 10688 10689 10690 10691 10692
f 10693 10694 10695
f 10696 10697 10698
f 10699 10700 10701
f 10702 10703 10704
f 10705 10706 10707
f 10708 10709 10710
f 10711 10712 10713
f 10714 10715 10716 10717 10718 10719 10720
usemtl trunk
f 10721 10722 10723 10724
f 10725 10726 10727 10728
f 10729 10730 10731 10732
f 10733 10734 10735 10736
f 10737 10738 10739 10740
f 10741 10742 10743 10744
usemtl pine
f 10745 10746 10747
f 10748 10749 10750
f 10751 10752 10753
f 10754 10755 10756
f 10757 10758 10759
f 10760 10761 10762
f 10763 10764 10765
f 10766 10767 10768 10769 10770 10771 10772
f 10773 10774 10775
f 10776 10777 10778
f 10779 10780 10781
f 10782 10783 10784
f 10785 10786 10787
f 10788 10789 10790
f 10791 10792 10793
f 10794 10795 10796 10797 10798 10799 10800
usemtl trunk
f 10801 10802 10803 10804
f 10805 10806 10807 10808
f 10809 10810 10811 10812
f 10813 10814 10815 10816
f 10817 10818 10819 10820
f 10821 10822 10823 10824
usemtl pine
f 10825 10826 10827
f 10828 10829 10830
f 10831 10832 10833
f 10834 10835 10836
f 10837 10838 10839
f 10840 10841 10842
f 10843 10844 10845
f 10846 10847 10848 10849 10850 10851 10852
f 10853 10854 10855
f 10856 10857 10858
f 10859 10860 10861
f 10862 10863 10864
f 10865 10866 10867
f 10868 10869 10870
f 10871 10872 10873
f 10874 10875 10876 10877 10878 10879 10880
usemtl trunk
f 10881 10882 10883 10884
f 10885 10886 10887 10888
f 10889 10890 10891 10892
f 10893 10894 10895 10896
f 10897 10898 10899 10900
f 10901 10902 10903 10904
usemtl pine
f 10905 10906 10907
f 10908 10909 10910
f 10911 10912 10913
f 10914 10915 10916
f 10917 10918 10919
f 10920 10921 10922
f 10923 10924 10925
f 10926 10927 10928 10929 10930 10931 10932
f 10933 10934 10935
f 10936 10937 10938
f 10939 10940 10941
f 10942 10943 10944
f 10945 10946 10947
f 10948 10949 10950
f 10951 10952 10953
f 10954 10955 10956 10957 10958 10959 10960
usemtl trunk
f 10961 10962 10963 10964
f 10965 10966 10967 10968
f 10969 10970 10971 10972
f 10973 10974 10975 10976
f 10977 10978 10979 10980
f 10981 10982 10983 10984
usemtl pine
f 10985 10986 10987
f 10988 10989 10990
f 10991 10992 10993
f 10994 10995 10996
f 10997 10998 10999
f 11000 11001 11002
f 11003 11004 11005
f 11006 11007 11008 11009 11010 11011 11012
f 11013 11014 11015
f 11016 11017 11018
f 11019 11020 11021
f 11022 11023 11024
f 11025 11026 11027
f 11028 11029 11030
f 11031 11032 11033
f 11034 11035 11036 11037 11038 11039 11040
usemtl trunk
f 11041 11042 11043 11044
f 11045 11046 11047 11048
f 11049 11050 11051 11052
f 11053 11054 11055 11056
f 11057 11058 11059 11060
f 11061 11062 11063 11064
usemtl pine
f 11065 11066 11067
f 11068 11069 11070
f 11071 11072 11073
f 11074 11075 11076
f 11077 11078 11079
f 11080 11081 11082
f 11083 11084 11085
f 11086 11087 11088 11089 11090 11091 11092
f 11093 11094 11095
f 11096 11097 11098
f 11099 11100 11101
f 11102 11103 11104
f 11105 11106 11107
f 11108 11109 11110
f 11111 11112 11113
f 11114 11115 11116 11117 11118 11119 11120
usemtl trunk
f 11121 11122 11123 11124
f 11125 11126 11127 11128
f 11129 11130 11131 11132
f 11133 11134 11135 11136
f 11137 11138 11139 11140
f 11141 11142 11143 11144
usemtl pine
f 11145 11146 11147
f 11148 11149 11150
f 11151 11152 11153
f 11154 11155 11156
f 11157 11158 11159
f 11160 11161 11162
f 11163 11164 11165
f 11166 11167 11168 11169 11170 11171 11172
f 11173 11174 11175
f 11176 11177 11178
f 11179 11180 11181
f 11182 11183 11184
f 11185 11186 11187
f 11188 11189 11190
f 11191 11192 11193
f 11194 11195 11196 11197 11198 11199 11200
usemtl trunk
f 11201 11202 11203 11204
f 11205 11206 11207 11208
f 11209 11210 11211 11212
f 11213 11214 11215 11216
f 11217 11218 11219 11220
f 11221 11222 11223 11224
usemtl pine
f 11225 11226 11227
f 11228 11229 11230
f 11231 11232 11233
f 11234 11235 11236
f 11237 11238 11239
f 11240 11241 11242
f 11243 11244 11245
f 11246 11247 11248 11249 11250 11251 11252
f 11253 11254 11255
f 11256 11257 11258
f 11259 11260 11261
f 11262 11263 11264
f 11265 11266 11267
f 11268 11269 11270
f 11271 11272 11273
f 11274 11275 11276 11277 11278 11279 11280
usemtl trunk
f 11281 11282 11283 11284
f 11285 11286 11287 11288
f 11289 11290 11291 11292
f 11293 11294 11295 11296
f 11297 11298 11299 11300
f 11301 11302 11303 11304
usemtl pine
f 11305 11306 11307
f 11308 11309 11310
f 11311 11312 11313
f 11314 11315 11316
f 11317 11318 11319
f 11320 11321 11322
f 11323 11324 11325
f 11326 11327 11328 11329 11330 11331 11332
f 11333 11334 11335
f 11336 11337 11338
f 11339 11340 11341
f 11342 11343 11344
f 11345 11346 11347
f 11348 11349 11350
f 11351 11352 11353
f 11354 11355 11356 11357 11358 11359 11360
usemtl trunk
f 11361 11362 11363 11364
f 11365 11366 11367 11368
f 11369 11370 11371 11372
f 11373 11374 11375 11376
f 11377 11378 11379 11380
f 11381 11382 11383 11384
usemtl pine
f 11385 11386 11387
f 11388 11389 11390
f 11391 11392 11393
f 11394 11395 11396
f 11397 11398 11399
f 11400 11401 11402
f 11403 11404 11405
f 11406 11407 11408 11409 11410 11411 11412
f 11413 11414 11415
f 11416 11417 11418
f 11419 11420 11421
f 11422 11423 11424
f 11425 11426 11427
f 11428 11429 11430
f 11431 11432 11433
f 11434 11435 11436 11437 11438 11439 11440
usemtl trunk
f 11441 11442 11443 11444
f 11445 11446 11447 11448
f 11449 11450 11451 11452
f 11453 11454 11455 11456
f 11457 11458 11459 11460
f 11461 11462 11463 11464
usemtl pine
f 11465 11466 11467
f 11468 11469 11470
f 11471 11472 11473
f 11474 11475 11476
f 11477 11478 11479
f 11480 11481 11482
f 11483 11484 11485
f 11486 11487 11488 11489 11490 11491 11492
f 11493 11494 11495
f 11496 11497 11498
f 11499 11500 11501
f 11502 11503 11504
f 11505 11506 11507
f 11508 11509 11510
f 11511 11512 11513
f 11514 11515 11516 11517 11518 11519 11520
usemtl trunk
f 11521 11522 11523 11524
f 11525 11526 11527 11528
f 11529 11530 11531 11532
f 11533 11534 11535 11536
f 11537 11538 11539 11540
f 11541 11542 11543 11544
usemtl pine
f 11545 11546 11547
f 11548 11549 11550
f 11551 11552 11553
f 11554 11555 11556
f 11557 11558 11559
f 11560 11561 11562
f 11563 11564 11565
f 11566 11567 11568 11569 11570 11571 11572
f 11573 11574 11575
f 11576 11577 11578
f 11579 11580 11581
f 11582 11583 11584
f 11585 11586 11587
f 11588 11589 11590
f 11591 11592 11593
f 11594 11595 11596 11597 11598 11599 11600
usemtl trunk
f 11601 11602 11603 11604
f 11605 11606 11607 11608
f 11609 11610 11611 11612
f 11613 11614 11615 11616
f 11617 11618 11619 11620
f 11621 11622 11623 11624
usemtl pine
f 11625 11626 11627
f 11628 11629 11630
f 11631 11632 11633
f 11634 11635 11636
f 11637 11638 11639
f 11640 11641 11642
f 11643 11644 11645
f 11646 11647 11648 11649 11650 11651 11652
f 11653 11654 11655
f 11656 11657 11658
f 11659 11660 11661
f 11662 11663 11664
f 11665 11666 11667
f 11668 11669 11670
f 11671 11672 11673
f 11674 11675 11676 11677 11678 11679 11680
usemtl trunk
f 11681 11682 11683 11684
f 11685 11686 11687 11688
f 11689 11690 11691 11692
f 11693 11694 11695 11696
f 11697 11698 11699 11700
f 11701 11702 11703 11704
usemtl pine
f 11705 11706 11707
f 11708 11709 11710
f 11711 11712 11713
f 11714 11715 11716
f 11717 11718 11719
f 11720 11721 11722
f 11723 11724 11725
f 11726 11727 11728 11729 11730 11731 11732
f 11733 11734 11735
f 11736 11737 11738
f 11739 11740 11741
f 11742 11743 11744
f 11745 11746 11747
f 11748 11749 11750
f 11751 11752 11753
f 11754 11755 11756 11757 11758 11759 11760
usemtl trunk
f 11761 11762 11763 11764
f 11765 11766 11767 11768
f 11769 11770 11771 11772
f 11773 11774 11775 11776
f 11777 11778 11779 11780
f 11781 11782 11783 11784
usemtl pine
f 11785 11786 11787
f 11788 11789 11790
f 11791 11792 11793
f 11794 11795 11796
f 11797 11798 11799
f 11800 11801 11802
f 11803 11804 11805
f 11806 11807 11808 11809 11810 11811 11812
f 11813 11814 11815
f 11816 11817 11818
f 11819 11820 11821
f 11822 11823 11824
f 11825 11826 11827
f 11828 11829 11830
f 11831 11832 11833
f 11834 11835 11836 11837 11838 11839 11840
usemtl trunk
f 11841 11842 11843 11844
f 11845 11846 11847 11848
f 11849 11850 11851 11852
f 11853 11854 11855 11856
f 11857 11858 11859 11860
f 11861 11862 11863 11864
usemtl pine
f 11865 11866 11867
f 11868 11869 11870
f 11871 11872 11873
f 11874 11875 11876
f 11877 11878 11879
f 11880 11881 11882
f 11883 11884 11885
f 11886 11887 11888 11889 11890 11891 11892
f 11893 11894 11895
f 11896 11897 11898
f 11899 11900 11901
f 11902 11903 11904
f 11905 11906 11907
f 11908 11909 11910
f 11911 11912 11913
f 11914 11915 11916 11917 11918 11919 11920
usemtl trunk
f 11921 11922 11923 11924
f 11925 11926 11927 11928
f 11929 11930 11931 11932
f 11933 11934 11935 11936
f 11937 11938 11939 11940
f 11941 11942 11943 11944
usemtl pine
f 11945 11946 11947
f 11948 11949 11950
f 11951 11952 11953
f 11954 11955 11956
f 11957 11958 11959
f 11960 11961 11962
f 11963 11964 11965
f 11966 11967 11968 11969 11970 11971 11972
f 11973 11974 11975
f 11976 11977 11978
f 11979 11980 11981
f 11982 11983 11984
f 11985 11986 11987
f 11988 11989 11990
f 11991 11992 11993
f 11994 11995 11996 11997 11998 11999 12000
usemtl trunk
f 12001 12002 12003 12004
f 12005 12006 12007 12008
f 12009 12010 12011 12012
f 12013 12014 12015 12016
f 12017 12018 12019 12020
f 12021 12022 12023 12024
usemtl pine
f 12025 12026 12027
f 12028 12029 12030
f 12031 12032 12033
f 12034 12035 12036
f 12037 12038 12039
f 12040 12041 12042
f 12043 12044 12045
f 12046 12047 12048 12049 12050 12051 12052
f 12053 12054 12055
f 12056 12057 12058
f 12059 12060 12061
f 12062 12063 12064
f 12065 12066 12067
f 12068 12069 12070
f 12071 12072 12073
f 12074 12075 12076 12077 12078 12079 12080
usemtl trunk
f 12081 12082 12083 12084
f 12085 12086 12087 12088
f 12089 12090 12091 12092
f 12093 12094 12095 12096
f 12097 12098 12099 12100
f 12101 12102 12103 12104
usemtl pine
f 12105 12106 12107
f 12108 12109 12110
f 12111 12112 12113
f 12114 12115 12116
f 12117 12118 12119
f 12120 12121 12122
f 12123 12124 12125
f 12126 12127 12128 12129 12130 12131 12132
f 12133 12134 12135
f 12136 12137 12138
f 12139 12140 12141
f 12142 12143 12144
f 12145 12146 12147
f 12148 12149 12150
f 12151 12152 12153
f 12154 12155 12156 12157 12158 12159 12160
usemtl trunk
f 12161 12162 12163 12164
f 12165 12166 12167 12168
f 12169 12170 12171 12172
f 12173 12174 12175 12176
f 12177 12178 12179 12180
f 12181 12182 12183 12184
usemtl pine
f 12185 12186 12187
f 12188 12189 12190
f 12191 12192 12193
f 12194 12195 12196
f 12197 12198 12199
f 12200 12201 12202
f 12203 12204 12205
f 12206 12207 12208 12209 12210 12211 12212
f 12213 12214 12215
f 12216 12217 12218
f 12219 12220 12221
f 12222 12223 12224
f 12225 12226 12227
f 12228 12229 12230
f 12231 12232 12233
f 12234 12235 12236 12237 12238 12239 12240
usemtl trunk
f 12241 12242 12243 12244
f 12245 12246 12247 12248
f 12249 12250 12251 12252
f 12253 12254 12255 12256
f 12257 12258 12259 12260
f 12261 12262 12263 12264
usemtl pine
f 12265 12266 12267
f 12268 12269 12270
f 12271 12272 12273
f 12274 12275 12276
f 12277 12278 12279
f 12280 12281 12282
f 12283 12284 12285
f 12286 12287 12288 12289 12290 12291 12292
f 12293 12294 12295
f 12296 12297 12298
f 12299 12300 12301
f 12302 12303 12304
f 12305 12306 12307
f 12308 12309 12310
f 12311 12312 12313
f 12314 12315 12316 12317 12318 12319 12320
usemtl trunk
f 12321 12322 12323 12324
f 12325 12326 12327 12328
f 12329 12330 12331 12332
f 12333 12334 12335 12336
f 12337 12338 12339 12340
f 12341 12342 12343 12344
usemtl pine
f 12345 12346 12347
f 12348 12349 12350
f 12351 12352 12353
f 12354 12355 12356
f 12357 12358 12359
f 12360 12361 12362
f 12363 12364 12365
f 12366 12367 12368 12369 12370 12371 12372
f 12373 12374 12375
f 12376 12377 12378
f 12379 12380 12381
f 12382 12383 12384
f 12385 12386 12387
f 12388 12389 12390
f 12391 12392 12393
f 12394 12395 12396 12397 12398 12399 12400
usemtl trunk
f 12401 12402 12403 12404
f 12405 12406 12407 12408
f 12409 12410 12411 12412
f 12413 12414 12415 12416
f 12417 12418 12419 12420
f 12421 12422 12423 12424
usemtl pine
f 12425 12426 12427
f 12428 12429 12430
f 12431 12432 12433
f 12434 12435 12436
f 12437 12438 12439
f 12440 12441 12442
f 12443 12444 12445
f 12446 12447 12448 12449 12450 12451 12452
f 12453 12454 12455
f 12456 12457 12458
f 12459 12460 12461
f 12462 12463 12464
f 12465 12466 12467
f 12468 12469 12470
f 12471 12472 12473
f 12474 12475 12476 12477 12478 12479 12480
usemtl trunk
f 12481 12482 12483 12484
f 12485 12486 12487 12488
f 12489 12490 12491 12492
f 12493 12494 12495 12496
f 12497 12498 12499 12500
f 12501 12502 12503 12504
usemtl pine
f 12505 12506 12507
f 12508 12509 12510
f 12511 12512 12513
f 12514 12515 12516
f 12517 12518 12519
f 12520 12521 12522
f 12523 12524 12525
f 12526 12527 12528 12529 12530 12531 12532
f 12533 12534 12535
f 12536 12537 12538
f 12539 12540 12541
f 12542 12543 12544
f 12545 12546 12547
f 12548 12549 12550
f 12551 12552 12553
f 12554 12555 12556 12557 12558 12559 12560
usemtl trunk
f 12561 12562 12563 12564
f 12565 12566 12567 12568
f 12569 12570 12571 12572
f 12573 12574 12575 12576
f 12577 12578 12579 12580
f 12581 12582 12583 12584
usemtl pine
f 12585 12586 12587
f 12588 12589 12590
f 12591 12592 12593
f 12594 12595 12596
f 12597 12598 12599
f 12600 12601 12602
f 12603 12604 12605
f 12606 12607 12608 12609 12610 12611 12612
f 12613 12614 12615
f 12616 12617 12618
f 12619 12620 12621
f 12622 12623 12624
f 12625 12626 12627
f 12628 12629 12630
f 12631 12632 12633
f 12634 12635 12636 12637 12638 12639 12640
usemtl trunk
f 12641 12642 12643 12644
f 12645 12646 12647 12648
f 12649 12650 12651 12652
f 12653 12654 12655 12656
f 12657 12658 12659 12660
f 12661 12662 12663 12664
usemtl pine
f 12665 12666 12667
f 12668 12669 12670
f 12671 12672 12673
f 12674 12675 12676
f 12677 12678 12679
f 12680 12681 12682
f 12683 12684 12685
f 12686 12687 12688 12689 12690 12691 12692
f 12693 12694 12695
f 12696 12697 12698
f 12699 12700 12701
f 12702 12703 12704
f 12705 12706 12707
f 12708 12709 12710
f 12711 12712 12713
f 12714 12715 12716 12717 12718 12719 12720
usemtl trunk
f 12721 12722 12723 12724
f 12725 12726 12727 12728
f 12729 12730 12731 12732
f 12733 12734 12735 12736
f 12737 12738 12739 12740
f 12741 12742 12743 12744
usemtl pine
f 12745 12746 12747
f 12748 12749 12750
f 12751 12752 12753
f 12754 12755 12756
f 12757 12758 12759
f 12760 12761 12762
f 12763 12764 12765
f 12766 12767 12768 12769 12770 12771 12772
f 12773 12774 12775
f 12776 12777 12778
f 12779 12780 12781
f 12782 12783 12784
f 12785 12786 12787
f 12788 12789 12790
f 12791 12792 12793
f 12794 12795 12796 12797 12798 12799 12800
usemtl trunk
f 12801 12802 12803 12804
f 12805 12806 12807 12808
f 12809 12810 12811 12812
f 12813 12814 12815 12816
f 12817 12818 12819 12820
f 12821 12822 12823 12824
usemtl pine
f 12825 12826 12827
f 12828 12829 12830
f 12831 12832 12833
f 12834 12835 12836
f 12837 12838 12839
f 12840 12841 12842
f 12843 12844 12845
f 12846 12847 12848 12849 12850 12851 12852
f 12853 12854 12855
f 12856 12857 12858
f 12859 12860 12861
f 12862 12863 12864
f 12865 12866 12867
f 12868 12869 12870
f 12871 12872 12873
f 12874 12875 12876 12877 12878 12879 12880
usemtl trunk
f 12881 12882 12883 12884
f 12885 12886 12887 12888
f 12889 12890 12891 12892
f 12893 12894 12895 12896
f 12897 12898 12899 12900
f 12901 12902 12903 12904
usemtl pine
f 12905 12906 12907
f 12908 12909 12910
f 12911 12912 12913
f 12914 12915 12916
f 12917 12918 12919
f 12920 12921 12922
f 12923 12924 12925
f 12926 12927 12928 12929 12930 12931 12932
f 12933 12934 12935
f 12936 12937 12938
f 12939 12940 12941
f 12942 12943 12944
f 12945 12946 12947
f 12948 12949 12950
f 12951 12952 12953
f 12954 12955 12956 12957 12958 12959 12960
usemtl trunk
f 12961 12962 12963 12964
f 12965 12966 12967 12968
f 12969 12970 12971 12972
f 12973 12974 12975 12976
f 12977 12978 12979 12980
f 12981 12982 12983 12984
usemtl pine
f 12985 12986 12987
f 12988 12989 12990
f 12991 12992 12993
f 12994 12995 12996
f 12997 12998 12999
f 13000 13001 13002
f 13003 13004 13005
f 13006 13007 13008 13009 13010 13011 13012
f 13013 13014 13015
f 13016 13017 13018
f 13019 13020 13021
f 13022 13023 13024
f 13025 13026 13027
f 13028 13029 13030
f 13031 13032 13033
f 13034 13035 13036 13037 13038 13039 13040
usemtl trunk
f 13041 13042 13043 13044
f 13045 13046 13047 13048
f 13049 13050 13051 13052
f 13053 13054 13055 13056
f 13057 13058 13059 13060
f 13061 13062 13063 13064
usemtl pine
f 13065 13066 13067
f 13068 13069 13070
f 13071 13072 13073
f 13074 13075 13076
f 13077 13078 13079
f 13080 13081 13082
f 13083 13084 13085
f 13086 13087 13088 13089 13090 13091 13092
f 13093 13094 13095
f 13096 13097 13098
f 13099 13100 13101
f 13102 13103 13104
f 13105 13106 13107
f 13108 13109 13110
f 13111 13112 13113
f 13114 13115 13116 13117 13118 13119 13120
usemtl trunk
f 13121 13122 13123 13124
f 13125 13126 13127 13128
f 13129 13130 13131 13132
f 13133 13134 13135 13136
f 13137 13138 13139 13140
f 13141 13142 13143 13144
usemtl pine
f 13145 13146 13147
f 13148 13149 13150
f 13151 13152 13153
f 13154 13155 13156
f 13157 13158 13159
f 13160 13161 13162
f 13163 13164 13165
f 13166 13167 13168 13169 13170 13171 13172
f 13173 13174 13175
f 13176 13177 13178
f 13179 13180 13181
f 13182 13183 13184
f 13185 13186 13187
f 13188 13189 13190
f 13191 13192 13193
f 13194 13195 13196 13197 13198 13199 13200
usemtl trunk
f 13201 13202 13203 13204
f 13205 13206 13207 13208
f 13209 13210 13211 13212
f 13213 13214 13215 13216
f 13217 13218 13219 13220
f 13221 13222 13223 13224
usemtl pine
f 13225 13226 13227
f 13228 13229 13230
f 13231 13232 13233
f 13234 13235 13236
f 13237 13238 13239
f 13240 13241 13242
f 13243 13244 13245
f 13246 13247 13248 13249 13250 13251 13252
f 13253 13254 13255
f 13256 13257 13258
f 13259 13260 13261
f 13262 13263 13264
f 13265 13266 13267
f 13268 13269 13270
f 13271 13272 13273
f 13274 13275 13276 13277 13278 13279 13280
usemtl trunk
f 13281 13282 13283 13284
f 13285 13286 13287 13288
f 13289 13290 13291 13292
f 13293 13294 13295 13296
f 13297 13298 13299 13300
f 13301 13302 13303 13304
usemtl pine
f 13305 13306 13307
f 13308 13309 13310
f 13311 13312 13313
f 13314 13315 13316
f 13317 13318 13319
f 13320 13321 13322
f 13323 13324 13325
f 13326 13327 13328 13329 13330 13331 13332
f 13333 13334 13335
f 13336 13337 13338
f 13339 13340 13341
f 13342 13343 13344
f 13345 13346 13347
f 13348 13349 13350
f 13351 13352 13353
f 13354 13355 13356 13357 13358 13359 13360
usemtl trunk
f 13361 13362 13363 13364
f 13365 13366 13367 13368
f 13369 13370 13371 13372
f 13373 13374 13375 13376
f 13377 13378 13379 13380
f 13381 13382 13383 13384
usemtl pine
f 13385 13386 13387
f 13388 13389 13390
f 13391 13392 13393
f 13394 13395 13396
f 13397 13398 13399
f 13400 13401 13402
f 13403 13404 13405
f 13406 13407 13408 13409 13410 13411 13412
f 13413 13414 13415
f 13416 13417 13418
f 13419 13420 13421
f 13422 13423 13424
f 13425 13426 13427
f 13428 13429 13430
f 13431 13432 13433
f 13434 13435 13436 13437 13438 13439 13440
usemtl trunk
f 13441 13442 13443 13444
f 13445 13446 13447 13448
f 13449 13450 13451 13452
f 13453 13454 13455 13456
f 13457 13458 13459 13460
f 13461 13462 13463 13464
usemtl pine
f 13465 13466 13467
f 13468 13469 13470
f 13471 13472 13473
f 13474 13475 13476
f 13477 13478 13479
f 13480 13481 13482
f 13483 13484 13485
f 13486 13487 13488 13489 13490 13491 13492
f 13493 13494 13495
f 13496 13497 13498
f 13499 13500 13501
f 13502 13503 13504
f 13505 13506 13507
f 13508 13509 13510
f 13511 13512 13513
f 13514 13515 13516 13517 13518 13519 13520
usemtl trunk
f 13521 13522 13523 13524
f 13525 13526 13527 13528
f 13529 13530 13531 13532
f 13533 13534 13535 13536
f 13537 13538 13539 13540
f 13541 13542 13543 13544
usemtl pine
f 13545 13546 13547
f 13548 13549 13550
f 13551 13552 13553
f 13554 13555 13556
f 13557 13558 13559
f 13560 13561 13562
f 13563 13564 13565
f 13566 13567 13568 13569 13570 13571 13572
f 13573 13574 13575
f 13576 13577 13578
f 13579 13580 13581
f 13582 13583 13584
f 13585 13586 13587
f 13588 13589 13590
f 13591 13592 13593
f 13594 13595 13596 13597 13598 13599 13600
usemtl trunk
f 13601 13602 13603 13604
f 13605 13606 13607 13608
f 13609 13610 13611 13612
f 13613 13614 13615 13616
f 13617 13618 13619 13620
f 13621 13622 13623 13624
usemtl pine
f 13625 13626 13627
f 13628 13629 13630
f 13631 13632 13633
f 13634 13635 13636
f 13637 13638 13639
f 13640 13641 13642
f 13643 13644 13645
f 13646 13647 13648 13649 13650 13651 13652
f 13653 13654 13655
f 13656 13657 13658
f 13659 13660 13661
f 13662 13663 13664
f 13665 13666 13667
f 13668 13669 13670
f 13671 13672 13673
f 13674 13675 13676 13677 13678 13679 13680
usemtl trunk
f 13681 13682 13683 13684
f 13685 13686 13687 13688
f 13689 13690 13691 13692
f 13693 13694 13695 13696
f 13697 13698 13699 13700
f 13701 13702 13703 13704
usemtl pine
f 13705 13706 13707
f 13708 13709 13710
f 13711 13712 13713
f 13714 13715 13716
f 13717 13718 13719
f 13720 13721 13722
f 13723 13724 13725
f 13726 13727 13728 13729 13730 13731 13732
f 13733 13734 13735
f 13736 13737 13738
f 13739 13740 13741
f 13742 13743 13744
f 13745 13746 13747
f 13748 13749 13750
f 13751 13752 13753
f 13754 13755 13756 13757 13758 13759 13760
usemtl trunk
f 13761 13762 13763 13764
f 13765 13766 13767 13768
f 13769 13770 13771 13772
f 13773 13774 13775 13776
f 13777 13778 13779 13780
f 13781 13782 13783 13784
usemtl pine
f 13785 13786 13787
f 13788 13789 13790
f 13791 13792 13793
f 13794 13795 13796
f 13797 13798 13799
f 13800 13801 13802
f 13803 13804 13805
f 13806 13807 13808 13809 13810 13811 13812
f 13813 13814 13815
f 13816 13817 13818
f 13819 13820 13821
f 13822 13823 13824
f 13825 13826 13827
f 13828 13829 13830
f 13831 13832 13833
f 13834 13835 13836 13837 13838 13839 13840
usemtl trunk
f 13841 13842 13843 13844
f 13845 13846 13847 13848
f 13849 13850 13851 13852
f 13853 13854 13855 13856
f 13857 13858 13859 13860
f 13861 13862 13863 13864
usemtl pine
f 13865 13866 13867
f 13868 13869 13870
f 13871 13872 13873
f 13874 13875 13876
f 13877 13878 13879
f 13880 13881 13882
f 13883 13884 13885
f 13886 13887 13888 13889 13890 13891 13892
f 13893 13894 13895
f 13896 13897 13898
f 13899 13900 13901
f 13902 13903 13904
f 13905 13906 13907
f 13908 13909 13910
f 13911 13912 13913
f 13914 13915 13916 13917 13918 13919 13920
usemtl trunk
f 13921 13922 13923 13924
f 13925 13926 13927 13928
f 13929 13930 13931 13932
f 13933 13934 13935 13936
f 13937 13938 13939 13940
f 13941 13942 13943 13944
usemtl pine
f 13945 13946 13947
f 13948 13949 13950
f 13951 13952 13953
f 13954 13955 13956
f 13957 13958 13959
f 13960 13961 13962
f 13963 13964 13965
f 13966 13967 13968 13969 13970 13971 13972
f 13973 13974 13975
f 13976 13977 13978
f 13979 13980 13981
f 13982 13983 13984
f 13985 13986 13987
f 13988 13989 13990
f 13991 13992 13993
f 13994 13995 13996 13997 13998 13999 14000
usemtl trunk
f 14001 14002 14003 14004
f 14005 14006 14007 14008
f 14009 14010 14011 14012
f 14013 14014 14015 14016
f 14017 14018 14019 14020
f 14021 14022 14023 14024
usemtl pine
f 14025 14026 14027
f 14028 14029 14030
f 14031 14032 14033
f 14034 14035 14036
f 14037 14038 14039
f 14040 14041 14042
f 14043 14044 14045
f 14046 14047 14048 14049 14050 14051 14052
f 14053 14054 14055
f 14056 14057 14058
f 14059 14060 14061
f 14062 14063 14064
f 14065 14066 14067
f 14068 14069 14070
f 14071 14072 14073
f 14074 14075 14076 14077 14078 14079 14080
usemtl trunk
f 14081 14082 14083 14084
f 14085 14086 14087 14088
f 14089 14090 14091 14092
f 14093 14094 14095 14096
f 14097 14098 14099 14100
f 14101 14102 14103 14104
usemtl pine
f 14105 14106 14107
f 14108 14109 14110
f 14111 14112 14113
f 14114 14115 14116
f 14117 14118 14119
f 14120 14121 14122
f 14123 14124 14125
f 14126 14127 14128 14129 14130 14131 14132
f 14133 14134 14135
f 14136 14137 14138
f 14139 14140 14141
f 14142 14143 14144
f 14145 14146 14147
f 14148 14149 14150
f 14151 14152 14153
f 14154 14155 14156 14157 14158 14159 14160
usemtl trunk
f 14161 14162 14163 14164
f 14165 14166 14167 14168
f 14169 14170 14171 14172
f 14173 14174 14175 14176
f 14177 14178 14179 14180
f 14181 14182 14183 14184
usemtl pine
f 14185 14186 14187
f 14188 14189 14190
f 14191 14192 14193
f 14194 14195 14196
f 14197 14198 14199
f 14200 14201 14202
f 14203 14204 14205
f 14206 14207 14208 14209 14210 14211 14212
f 14213 14214 14215
f 14216 14217 14218
f 14219 14220 14221
f 14222 14223 14224
f 14225 14226 14227
f 14228 14229 14230
f 14231 14232 14233
f 14234 14235 14236 14237 14238 14239 14240
usemtl trunk
f 14241 14242 14243 14244
f 14245 14246 14247 14248
f 14249 14250 14251 14252
f 14253 14254 14255 14256
f 14257 14258 14259 14260
f 14261 14262 14263 14264
usemtl pine
f 14265 14266 14267
f 14268 14269 14270
f 14271 14272 14273
f 14274 14275 14276
f 14277 14278 14279
f 14280 14281 14282
f 14283 14284 14285
f 14286 14287 14288 14289 14290 14291 14292
f 14293 14294 14295
f 14296 14297 14298
f 14299 14300 14301
f 14302 14303 14304
f 14305 14306 14307
f 14308 14309 14310
f 14311 14312 14313
f 14314 14315 14316 14317 14318 14319 14320
usemtl trunk
f 14321 14322 14323 14324
f 14325 14326 14327 14328
f 14329 14330 14331 14332
f 14333 14334 14335 14336
f 14337 14338 14339 14340
f 14341 14342 14343 14344
usemtl pine
f 14345 14346 14347
f 14348 14349 14350
f 14351 14352 14353
f 14354 14355 14356
f 14357 14358 14359
f 14360 14361 14362
f 14363 14364 14365
f 14366 14367 14368 14369 14370 14371 14372
f 14373 14374 14375
f 14376 14377 14378
f 14379 14380 14381
f 14382 14383 14384
f 14385 14386 14387
f 14388 14389 14390
f 14391 14392 14393
f 14394 14395 14396 14397 14398 14399 14400
usemtl trunk
f 14401 14402 14403 14404
f 14405 14406 14407 14408
f 14409 14410 14411 14412
f 14413 14414 14415 14416
f 14417 14418 14419 14420
f 14421 14422 14423 14424
usemtl pine
f 14425 14426 14427
f 14428 14429 14430
f 14431 14432 14433
f 14434 14435 14436
f 14437 14438 14439
f 14440 14441 14442
f 14443 14444 14445
f 14446 14447 14448 14449 14450 14451 14452
f 14453 14454 14455
f 14456 14457 14458
f 14459 14460 14461
f 14462 14463 14464
f 14465 14466 14467
f 14468 14469 14470
f 14471 14472 14473
f 14474 14475 14476 14477 14478 14479 14480
usemtl trunk
f 14481 14482 14483 14484
f 14485 14486 14487 14488
f 14489 14490 14491 14492
f 14493 14494 14495 14496
f 14497 14498 14499 14500
f 14501 14502 14503 14504
usemtl pine
f 14505 14506 14507
f 14508 14509 14510
f 14511 14512 14513
f 14514 14515 14516
f 14517 14518 14519
f 14520 14521 14522
f 14523 14524 14525
f 14526 14527 14528 14529 14530 14531 14532
f 14533 14534 14535
f 14536 14537 14538
f 14539 14540 14541
f 14542 14543 14544
f 14545 14546 14547
f 14548 14549 14550
f 14551 14552 14553
f 14554 14555 14556 14557 14558 14559 14560
usemtl trunk
f 14561 14562 14563 14564
f 14565 14566 14567 14568
f 14569 14570 14571 14572
f 14573 14574 14575 14576
f 14577 14578 14579 14580
f 14581 14582 14583 14584
usemtl pine
f 14585 14586 14587
f 14588 14589 14590
f 14591 14592 14593
f 14594 14595 14596
f 14597 14598 14599
f 14600 14601 14602
f 14603 14604 14605
f 14606 14607 14608 14609 14610 14611 14612
f 14613 14614 14615
f 14616 14617 14618
f 14619 14620 14621
f 14622 14623 14624
f 14625 14626 14627
f 14628 14629 14630
f 14631 14632 14633
f 14634 14635 14636 14637 14638 14639 14640
usemtl trunk
f 14641 14642 14643 14644
f 14645 14646 14647 14648
f 14649 14650 14651 14652
f 14653 14654 14655 14656
f 14657 14658 14659 14660
f 14661 14662 14663 14664
usemtl pine
f 14665 14666 14667
f 14668 14669 14670
f 14671 14672 14673
f 14674 14675 14676
f 14677 14678 14679
f 14680 14681 14682
f 14683 14684 14685
f 14686 14687 14688 14689 14690 14691 14692
f 14693 14694 14695
f 14696 14697 14698
f 14699 14700 14701
f 14702 14703 14704
f 14705 14706 14707
f 14708 14709 14710
f 14711 14712 14713
f 14714 14715 14716 14717 14718 14719 14720
usemtl trunk
f 14721 14722 14723 14724
f 14725 14726 14727 14728
f 14729 14730 14731 14732
f 14733 14734 14735 14736
f 14737 14738 14739 14740
f 14741 14742 14743 14744
usemtl pine
f 14745 14746 14747
f 14748 14749 14750
f 14751 14752 14753
f 14754 14755 14756
f 14757 14758 14759
f 14760 14761 14762
f 14763 14764 14765
f 14766 14767 14768 14769 14770 14771 14772
f 14773 14774 14775
f 14776 14777 14778
f 14779 14780 14781
f 14782 14783 14784
f 14785 14786 14787
f 14788 14789 14790
f 14791 14792 14793
f 14794 14795 14796 14797 14798 14799 14800
usemtl trunk
f 14801 14802 14803 14804
f 14805 14806 14807 14808
f 14809 14810 14811 14812
f 14813 14814 14815 14816
f 14817 14818 14819 14820
f 14821 14822 14823 14824
usemtl pine
f 14825 14826 14827
f 14828 14829 14830
f 14831 14832 14833
f 14834 14835 14836
f 14837 14838 14839
f 14840 14841 14842
f 14843 14844 14845
f 14846 14847 14848 14849 14850 14851 14852
f 14853 14854 14855
f 14856 14857 14858
f 14859 14860 14861
f 14862 14863 14864
f 14865 14866 14867
f 14868 14869 14870
f 14871 14872 14873
f 14874 14875 14876 14877 14878 14879 14880
usemtl trunk
f 14881 14882 14883 14884
f 14885 14886 14887 14888
f 14889 14890 14891 14892
f 14893 14894 14895 14896
f 14897 14898 14899 14900
f 14901 14902 14903 14904
usemtl pine
f 14905 14906 14907
f 14908 14909 14910
f 14911 14912 14913
f 14914 14915 14916
f 14917 14918 14919
f 14920 14921 14922
f 14923 14924 14925
f 14926 14927 14928 14929 14930 14931 14932
f 14933 14934 14935
f 14936 14937 14938
f 14939 14940 14941
f 14942 14943 14944
f 14945 14946 14947
f 14948 14949 14950
f 14951 14952 14953
f 14954 14955 14956 14957 14958 14959 14960
usemtl trunk
f 14961 14962 14963 14964
f 14965 14966 14967 14968
f 14969 14970 14971 14972
f 14973 14974 14975 14976
f 14977 14978 14979 14980
f 14981 14982 14983 14984
usemtl pine
f 14985 14986 14987
f 14988 14989 14990
f 14991 14992 14993
f 14994 14995 14996
f 14997 14998 14999
f 15000 15001 15002
f 15003 15004 15005
f 15006 15007 15008 15009 15010 15011 15012
f 15013 15014 15015
f 15016 15017 15018
f 15019 15020 15021
f 15022 15023 15024
f 15025 15026 15027
f 15028 15029 15030
f 15031 15032 15033
f 15034 15035 15036 15037 15038 15039 15040
usemtl trunk
f 15041 15042 15043 15044
f 15045 15046 15047 15048
f 15049 15050 15051 15052
f 15053 15054 15055 15056
f 15057 15058 15059 15060
f 15061 15062 15063 15064
usemtl pine
f 15065 15066 15067
f 15068 15069 15070
f 15071 15072 15073
f 15074 15075 15076
f 15077 15078 15079
f 15080 15081 15082
f 15083 15084 15085
f 15086 15087 15088 15089 15090 15091 15092
f 15093 15094 15095
f 15096 15097 15098
f 15099 15100 15101
f 15102 15103 15104
f 15105 15106 15107
f 15108 15109 15110
f 15111 15112 15113
f 15114 15115 15116 15117 15118 15119 15120
usemtl trunk
f 15121 15122 15123 15124
f 15125 15126 15127 15128
f 15129 15130 15131 15132
f 15133 15134 15135 15136
f 15137 15138 15139 15140
f 15141 15142 15143 15144
usemtl pine
f 15145 15146 15147
f 15148 15149 15150
f 15151 15152 15153
f 15154 15155 15156
f 15157 15158 15159
f 15160 15161 15162
f 15163 15164 15165
f 15166 15167 15168 15169 15170 15171 15172
f 15173 15174 15175
f 15176 15177 15178
f 15179 15180 15181
f 15182 15183 15184
f 15185 15186 15187
f 15188 15189 15190
f 15191 15192 15193
f 15194 15195 15196 15197 15198 15199 15200
usemtl trunk
f 15201 15202 15203 15204
f 15205 15206 15207 15208
f 15209 15210 15211 15212
f 15213 15214 15215 15216
f 15217 15218 15219 15220
f 15221 15222 15223 15224
usemtl pine
f 15225 15226 15227
f 15228 15229 15230
f 15231 15232 15233
f 15234 15235 15236
f 15237 15238 15239
f 15240 15241 15242
f 15243 15244 15245
f 15246 15247 15248 15249 15250 15251 15252
f 15253 15254 15255
f 15256 15257 15258
f 15259 15260 15261
f 15262 15263 15264
f 15265 15266 15267
f 15268 15269 15270
f 15271 15272 15273
f 15274 15275 15276 15277 15278 15279 15280
usemtl trunk
f 15281 15282 15283 15284
f 15285 15286 15287 15288
f 15289 15290 15291 15292
f 15293 15294 15295 15296
f 15297 15298 15299 15300
f 15301 15302 15303 15304
usemtl pine
f 15305 15306 15307
f 15308 15309 15310
f 15311 15312 15313
f 15314 15315 15316
f 15317 15318 15319
f 15320 15321 15322
f 15323 15324 15325
f 15326 15327 15328 15329 15330 15331 15332
f 15333 15334 15335
f 15336 15337 15338
f 15339 15340 15341
f 15342 15343 15344
f 15345 15346 15347
f 15348 15349 15350
f 15351 15352 15353
f 15354 15355 15356 15357 15358 15359 15360
usemtl trunk
f 15361 15362 15363 15364
f 15365 15366 15367 15368
f 15369 15370 15371 15372
f 15373 15374 15375 15376
f 15377 15378 15379 15380
f 15381 15382 15383 15384
usemtl pine
f 15385 15386 15387
f 15388 15389 15390
f 15391 15392 15393
f 15394 15395 15396
f 15397 15398 15399
f 15400 15401 15402
f 15403 15404 15405
f 15406 15407 15408 15409 15410 15411 15412
f 15413 15414 15415
f 15416 15417 15418
f 15419 15420 15421
f 15422 15423 15424
f 15425 15426 15427
f 15428 15429 15430
f 15431 15432 15433
f 15434 15435 15436 15437 15438 15439 15440
usemtl trunk
f 15441 15442 15443 15444
f 15445 15446 15447 15448
f 15449 15450 15451 15452
f 15453 15454 15455 15456
f 15457 15458 15459 15460
f 15461 15462 15463 15464
usemtl pine
f 15465 15466 15467
f 15468 15469 15470
f 15471 15472 15473
f 15474 15475 15476
f 15477 15478 15479
f 15480 15481 15482
f 15483 15484 15485
f 15486 15487 15488 15489 15490 15491 15492
f 15493 15494 15495
f 15496 15497 15498
f 15499 15500 15501
f 15502 15503 15504
f 15505 15506 15507
f 15508 15509 15510
f 15511 15512 15513
f 15514 15515 15516 15517 15518 15519 15520
usemtl trunk
f 15521 15522 15523 15524
f 15525 15526 15527 15528
f 15529 15530 15531 15532
f 15533 15534 15535 15536
f 15537 15538 15539 15540
f 15541 15542 15543 15544
usemtl pine
f 15545 15546 15547
f 15548 15549 15550
f 15551 15552 15553
f 15554 15555 15556
f 15557 15558 15559
f 15560 15561 15562
f 15563 15564 15565
f 15566 15567 15568 15569 15570 15571 15572
f 15573 15574 15575
f 15576 15577 15578
f 15579 15580 15581
f 15582 15583 15584
f 15585 15586 15587
f 15588 15589 15590
f 15591 15592 15593
f 15594 15595 15596 15597 15598 15599 15600
usemtl trunk
f 15601 15602 15603 15604
f 15605 15606 15607 15608
f 15609 15610 15611 15612
f 15613 15614 15615 15616
f 15617 15618 15619 15620
f 15621 15622 15623 15624
usemtl pine
f 15625 15626 15627
f 15628 15629 15630
f 15631 15632 15633
f 15634 15635 15636
f 15637 15638 15639
f 15640 15641 15642
f 15643 15644 15645
f 15646 15647 15648 15649 15650 15651 15652
f 15653 15654 15655
f 15656 15657 15658
f 15659 15660 15661
f 15662 15663 15664
f 15665 15666 15667
f 15668 15669 15670
f 15671 15672 15673
f 15674 15675 15676 15677 15678 15679 15680
usemtl trunk
f 15681 15682 15683 15684
f 15685 15686 15687 15688
f 15689 15690 15691 15692
f 15693 15694 15695 15696
f 15697 15698 15699 15700
f 15701 15702 15703 15704
usemtl pine
f 15705 15706 15707
f 15708 15709 15710
f 15711 15712 15713
f 15714 15715 15716
f 15717 15718 15719
f 15720 15721 15722
f 15723 15724 15725
f 15726 15727 15728 15729 15730 15731 15732
f 15733 15734 15735
f 15736 15737 15738
f 15739 15740 15741
f 15742 15743 15744
f 15745 15746 15747
f 15748 15749 15750
f 15751 15752 15753
f 15754 15755 15756 15757 15758 15759 15760
usemtl trunk
f 15761 15762 15763 15764
f 15765 15766 15767 15768
f 15769 15770 15771 15772
f 15773 15774 15775 15776
f 15777 15778 15779 15780
f 15781 15782 15783 15784
usemtl pine
f 15785 15786 15787
f 15788 15789 15790
f 15791 15792 15793
f 15794 15795 15796
f 15797 15798 15799
f 15800 15801 15802
f 15803 15804 15805
f 15806 15807 15808 15809 15810 15811 15812
f 15813 15814 15815
f 15816 15817 15818
f 15819 15820 15821
f 15822 15823 15824
f 15825 15826 15827
f 15828 15829 15830
f 15831 15832 15833
f 15834 15835 15836 15837 15838 15839 15840
usemtl trunk
f 15841 15842 15843 15844
f 15845 15846 15847 15848
f 15849 15850 15851 15852
f 15853 15854 15855 15856
f 15857 15858 15859 15860
f 15861 15862 15863 15864
usemtl pine
f 15865 15866 15867
f 15868 15869 15870
f 15871 15872 15873
f 15874 15875 15876
f 15877 15878 15879
f 15880 15881 15882
f 15883 15884 15885
f 15886 15887 15888 15889 15890 15891 15892
f 15893 15894 15895
f 15896 15897 15898
f 15899 15900 15901
f 15902 15903 15904
f 15905 15906 15907
f 15908 15909 15910
f 15911 15912 15913
f 15914 15915 15916 15917 15918 15919 15920
usemtl trunk
f 15921 15922 15923 15924
f 15925 15926 15927 15928
f 15929 15930 15931 15932
f 15933 15934 15935 15936
f 15937 15938 15939 15940
f 15941 15942 15943 15944
usemtl pine
f 15945 15946 15947
f 15948 15949 15950
f 15951 15952 15953
f 15954 15955 15956
f 15957 15958 15959
f 15960 15961 15962
f 15963 15964 15965
f 15966 15967 15968 15969 15970 15971 15972
f 15973 15974 15975
f 15976 15977 15978
f 15979 15980 15981
f 15982 15983 15984
f 15985 15986 15987
f 15988 15989 15990
f 15991 15992 15993
f 15994 15995 15996 15997 15998 15999 16000
usemtl trunk
f 16001 16002 16003 16004
f 16005 16006 16007 16008
f 16009 16010 16011 16012
f 16013 16014 16015 16016
f 16017 16018 16019 16020
f 16021 16022 16023 16024
usemtl pine
f 16025 16026 16027
f 16028 16029 16030
f 16031 16032 16033
f 16034 16035 16036
f 16037 16038 16039
f 16040 16041 16042
f 16043 16044 16045
f 16046 16047 16048 16049 16050 16051 16052
f 16053 16054 16055
f 16056 16057 16058
f 16059 16060 16061
f 16062 16063 16064
f 16065 16066 16067
f 16068 16069 16070
f 16071 16072 16073
f 16074 16075 16076 16077 16078 16079 16080
usemtl trunk
f 16081 16082 16083 16084
f 16085 16086 16087 16088
f 16089 16090 16091 16092
f 16093 16094 16095 16096
f 16097 16098 16099 16100
f 16101 16102 16103 16104
usemtl pine
f 16105 16106 16107
f 16108 16109 16110
f 16111 16112 16113
f 16114 16115 16116
f 16117 16118 16119
f 16120 16121 16122
f 16123 16124 16125
f 16126 16127 16128 16129 16130 16131 16132
f 16133 16134 16135
f 16136 16137 16138
f 16139 16140 16141
f 16142 16143 16144
f 16145 16146 16147
f 16148 16149 16150
f 16151 16152 16153
f 16154 16155 16156 16157 16158 16159 16160
usemtl trunk
f 16161 16162 16163 16164
f 16165 16166 16167 16168
f 16169 16170 16171 16172
f 16173 16174 16175 16176
f 16177 16178 16179 16180
f 16181 16182 16183 16184
usemtl pine
f 16185 16186 16187
f 16188 16189 16190
f 16191 16192 16193
f 16194 16195 16196
f 16197 16198 16199
f 16200 16201 16202
f 16203 16204 16205
f 16206 16207 16208 16209 16210 16211 16212
f 16213 16214 16215
f 16216 16217 16218
f 16219 16220 16221
f 16222 16223 16224
f 16225 16226 16227
f 16228 16229 16230
f 16231 16232 16233
f 16234 16235 16236 16237 16238 16239 16240
usemtl trunk
f 16241 16242 16243 16244
f 16245 16246 16247 16248
f 16249 16250 16251 16252
f 16253 16254 16255 16256
f 16257 16258 16259 16260
f 16261 16262 16263 16264
usemtl pine
f 16265 16266 16267
f 16268 16269 16270
f 16271 16272 16273
f 16274 16275 16276
f 16277 16278 16279
f 16280 16281 16282
f 16283 16284 16285
f 16286 16287 16288 16289 16290 16291 16292
f 16293 16294 16295
f 16296 16297 16298
f 16299 16300 16301
f 16302 16303 16304
f 16305 16306 16307
f 16308 16309 16310
f 16311 16312 16313
f 16314 16315 16316 16317 16318 16319 16320
usemtl trunk
f 16321 16322 16323 16324
f 16325 16326 16327 16328
f 16329 16330 16331 16332
f 16333 16334 16335 16336
f 16337 16338 16339 16340
f 16341 16342 16343 16344
usemtl pine
f 16345 16346 16347
f 16348 16349 16350
f 16351 16352 16353
f 16354 16355 16356
f 16357 16358 16359
f 16360 16361 16362
f 16363 16364 16365
f 16366 16367 16368 16369 16370 16371 16372
f 16373 16374 16375
f 16376 16377 16378
f 16379 16380 16381
f 16382 16383 16384
f 16385 16386 16387
f 16388 16389 16390
f 16391 16392 16393
f 16394 16395 16396 16397 16398 16399 16400
usemtl trunk
f 16401 16402 16403 16404
f 16405 16406 16407 16408
f 16409 16410 16411 16412
f 16413 16414 16415 16416
f 16417 16418 16419 16420
f 16421 16422 16423 16424
usemtl pine
f 16425 16426 16427
f 16428 16429 16430
f 16431 16432 16433
f 16434 16435 16436
f 16437 16438 16439
f 16440 16441 16442
f 16443 16444 16445
f 16446 16447 16448 16449 16450 16451 16452
f 16453 16454 16455
f 16456 16457 16458
f 16459 16460 16461
f 16462 16463 16464
f 16465 16466 16467
f 16468 16469 16470
f 16471 16472 16473
f 16474 16475 16476 16477 16478 16479 16480
usemtl trunk
f 16481 16482 16483 16484
f 16485 16486 16487 16488
f 16489 16490 16491 16492
f 16493 16494 16495 16496
f 16497 16498 16499 16500
f 16501 16502 16503 16504
usemtl pine
f 16505 16506 16507
f 16508 16509 16510
f 16511 16512 16513
f 16514 16515 16516
f 16517 16518 16519
f 16520 16521 16522
f 16523 16524 16525
f 16526 16527 16528 16529 16530 16531 16532
f 16533 16534 16535
f 16536 16537 16538
f 16539 16540 16541
f 16542 16543 16544
f 16545 16546 16547
f 16548 16549 16550
f 16551 16552 16553
f 16554 16555 16556 16557 16558 16559 16560
usemtl trunk
f 16561 16562 16563 16564
f 16565 16566 16567 16568
f 16569 16570 16571 16572
f 16573 16574 16575 16576
f 16577 16578 16579 16580
f 16581 16582 16583 16584
usemtl pine
f 16585 16586 16587
f 16588 16589 16590
f 16591 16592 16593
f 16594 16595 16596
f 16597 16598 16599
f 16600 16601 16602
f 16603 16604 16605
f 16606 16607 16608 16609 16610 16611 16612
f 16613 16614 16615
f 16616 16617 16618
f 16619 16620 16621
f 16622 16623 16624
f 16625 16626 16627
f 16628 16629 16630
f 16631 16632 16633
f 16634 16635 16636 16637 16638 16639 16640
usemtl trunk
f 16641 16642 16643 16644
f 16645 16646 16647 16648
f 16649 16650 16651 16652
f 16653 16654 16655 16656
f 16657 16658 16659 16660
f 16661 16662 16663 16664
usemtl pine
f 16665 16666 16667
f 16668 16669 16670
f 16671 16672 16673
f 16674 16675 16676
f 16677 16678 16679
f 16680 16681 16682
f 16683 16684 16685
f 16686 16687 16688 16689 16690 16691 16692
f 16693 16694 16695
f 16696 16697 16698
f 16699 16700 16701
f 16702 16703 16704
f 16705 16706 16707
f 16708 16709 16710
f 16711 16712 16713
f 16714 16715 16716 16717 16718 16719 16720
usemtl trunk
f 16721 16722 16723 16724
f 16725 16726 16727 16728
f 16729 16730 16731 16732
f 16733 16734 16735 16736
f 16737 16738 16739 16740
f 16741 16742 16743 16744
usemtl pine
f 16745 16746 16747
f 16748 16749 16750
f 16751 16752 16753
f 16754 16755 16756
f 16757 16758 16759
f 16760 16761 16762
f 16763 16764 16765
f 16766 16767 16768 16769 16770 16771 16772
f 16773 16774 16775
f 16776 16777 16778
f 16779 16780 16781
f 16782 16783 16784
f 16785 16786 16787
f 16788 16789 16790
f 16791 16792 16793
f 16794 16795 16796 16797 16798 16799 16800
usemtl trunk
f 16801 16802 16803 16804
f 16805 16806 16807 16808
f 16809 16810 16811 16812
f 16813 16814 16815 16816
f 16817 16818 16819 16820
f 16821 16822 16823 16824
usemtl pine
f 16825 16826 16827
f 16828 16829 16830
f 16831 16832 16833
f 16834 16835 16836
f 16837 16838 16839
f 16840 16841 16842
f 16843 16844 16845
f 16846 16847 16848 16849 16850 16851 16852
f 16853 16854 16855
f 16856 16857 16858
f 16859 16860 16861
f 16862 16863 16864
f 16865 16866 16867
f 16868 16869 16870
f 16871 16872 16873
f 16874 16875 16876 16877 16878 16879 16880
usemtl trunk
f 16881 16882 16883 16884
f 16885 16886 16887 16888
f 16889 16890 16891 16892
f 16893 16894 16895 16896
f 16897 16898 16899 16900
f 16901 16902 16903 16904
usemtl pine
f 16905 16906 16907
f 16908 16909 16910
f 16911 16912 16913
f 16914 16915 16916
f 16917 16918 16919
f 16920 16921 16922
f 16923 16924 16925
f 16926 16927 16928 16929 16930 16931 16932
f 16933 16934 16935
f 16936 16937 16938
f 16939 16940 16941
f 16942 16943 16944
f 16945 16946 16947
f 16948 16949 16950
f 16951 16952 16953
f 16954 16955 16956 16957 16958 16959 16960
usemtl trunk
f 16961 16962 16963 16964
f 16965 16966 16967 16968
f 16969 16970 16971 16972
f 16973 16974 16975 16976
f 16977 16978 16979 16980
f 16981 16982 16983 16984
usemtl pine
f 16985 16986 16987
f 16988 16989 16990
f 16991 16992 16993
f 16994 16995 16996
f 16997 16998 16999
f 17000 17001 17002
f 17003 17004 17005
f 17006 17007 17008 17009 17010 17011 17012
f 17013 17014 17015
f 17016 17017 17018
f 17019 17020 17021
f 17022 17023 17024
f 17025 17026 17027
f 17028 17029 17030
f 17031 17032 17033
f 17034 17035 17036 17037 17038 17039 17040
usemtl trunk
f 17041 17042 17043 17044
f 17045 17046 17047 17048
f 17049 17050 17051 17052
f 17053 17054 17055 17056
f 17057 17058 17059 17060
f 17061 17062 17063 17064
usemtl pine
f 17065 17066 17067
f 17068 17069 17070
f 17071 17072 17073
f 17074 17075 17076
f 17077 17078 17079
f 17080 17081 17082
f 17083 17084 17085
f 17086 17087 17088 17089 17090 17091 17092
f 17093 17094 17095
f 17096 17097 17098
f 17099 17100 17101
f 17102 17103 17104
f 17105 17106 17107
f 17108 17109 17110
f 17111 17112 17113
f 17114 17115 17116 17117 17118 17119 17120
